frame,t_s,track_id,x1,y1,x2,y2,foot_x,foot_y,team
186251,3104.18334728777,1,261.3431,390.5785,304.64215,470.24603,282.9926,470.24603,HCAP
186251,3104.18334728777,2,1034.6577,357.24142,1066.044,431.1873,1050.3508,431.1873,HCAP
186251,3104.18334728777,3,1130.6943,348.39175,1156.6475,423.10355,1143.6709,423.10355,HCAP
186251,3104.18334728777,4,1184.2388,351.22247,1211.5698,422.94635,1197.9043,422.94635,HCAP
186257,3104.28334728822,1,271.37424,389.19763,315.65787,466.21655,293.51605,466.21655,HCAP
186257,3104.28334728822,2,1033.9523,359.11258,1063.3129,429.46353,1048.6326,429.46353,HCAP
186257,3104.28334728822,3,1137.9463,359.17493,1163.0952,424.33475,1150.5208,424.33475,HCAP
186257,3104.28334728822,4,1189.3699,357.1645,1218.8235,423.2978,1204.0967,423.2978,HCAP
186263,3104.3833472886695,1,285.77274,386.56888,324.28677,464.98334,305.02975,464.98334,HCAP
186263,3104.3833472886695,3,1143.3425,355.02753,1170.4983,422.90125,1156.9204,422.90125,HCAP
186263,3104.3833472886695,2,1030.4442,358.65137,1059.7571,433.37158,1045.1006,433.37158,HCAP
186263,3104.3833472886695,4,1192.1611,353.88712,1221.4485,422.67288,1206.8048,422.67288,HCAP
186269,3104.4833472891187,1,304.44257,386.6489,333.6089,462.93686,319.02573,462.93686,HCAP
186269,3104.4833472891187,2,1020.04504,349.1739,1057.3689,433.5693,1038.707,433.5693,HCAP
186269,3104.4833472891187,3,1146.1521,354.866,1179.168,425.1047,1162.66,425.1047,HCAP
186269,3104.4833472891187,4,1195.8584,354.02673,1225.417,420.67978,1210.6377,420.67978,HCAP
186269,3104.4833472891187,5,1320.4563,340.35196,1352.6792,413.43118,1336.5677,413.43118,HCAP
186275,3104.5833472895683,2,1023.89075,353.31226,1054.7236,433.52133,1039.3071,433.52133,HCAP
186275,3104.5833472895683,1,318.2722,387.40878,343.34766,462.72263,330.80994,462.72263,HCAP
186275,3104.5833472895683,3,1148.4878,358.20703,1176.8477,419.64304,1162.6677,419.64304,HCAP
186275,3104.5833472895683,4,1200.8893,360.36377,1227.6799,419.84302,1214.2847,419.84302,HCAP
186275,3104.5833472895683,5,1316.4912,343.08118,1350.2112,412.80533,1333.3512,412.80533,HCAP
186281,3104.683347290018,1,329.31546,386.92847,357.09586,460.8473,343.20566,460.8473,HCAP
186281,3104.683347290018,2,1020.95764,356.8004,1051.522,436.14313,1036.2397,436.14313,HCAP
186281,3104.683347290018,3,1152.1691,349.79453,1179.842,420.38242,1166.0056,420.38242,HCAP
186281,3104.683347290018,4,1203.9392,359.15668,1231.1736,419.8316,1217.5564,419.8316,HCAP
186281,3104.683347290018,5,1310.9769,346.2887,1347.2611,413.85416,1329.119,413.85416,HCAP
186287,3104.7833472904676,1,341.97058,383.61072,369.38525,460.0893,355.67792,460.0893,HCAP
186287,3104.7833472904676,3,1155.0187,348.3601,1182.7775,416.16956,1168.8981,416.16956,HCAP
186287,3104.7833472904676,4,1207.3267,364.14868,1234.1941,417.75995,1220.7604,417.75995,HCAP
186287,3104.7833472904676,2,1018.97186,367.6209,1045.5249,436.62537,1032.2484,436.62537,HCAP
186287,3104.7833472904676,5,1310.2578,347.29657,1342.2192,413.89154,1326.2385,413.89154,HCAP
186293,3104.883347290917,1,353.41336,384.05283,382.34882,461.28836,367.8811,461.28836,HCAP
186293,3104.883347290917,3,1157.8193,354.33875,1188.8141,415.35004,1173.3167,415.35004,HCAP
186293,3104.883347290917,4,1207.9954,343.47446,1236.9865,417.9721,1222.491,417.9721,HCAP
186293,3104.883347290917,2,1006.90247,349.95895,1040.9374,438.90756,1023.9199,438.90756,HCAP
186293,3104.883347290917,6,1412.5454,330.50015,1446.8118,411.29663,1429.6786,411.29663,HCAP
186293,3104.883347290917,5,1307.2144,350.35675,1347.3276,414.93906,1327.271,414.93906,HCAP
186299,3104.9833472913665,1,365.84296,382.26672,391.97617,461.41205,378.90955,461.41205,HCAP
186299,3104.9833472913665,2,1005.0013,357.02747,1037.1426,440.9134,1021.0719,440.9134,HCAP
186299,3104.9833472913665,3,1161.8015,353.1275,1194.4015,414.23492,1178.1016,414.23492,HCAP
186299,3104.9833472913665,4,1211.0271,346.55008,1240.6335,416.70346,1225.8303,416.70346,HCAP
186299,3104.9833472913665,6,1410.0261,330.4652,1446.6047,412.4979,1428.3154,412.4979,HCAP
186299,3104.9833472913665,5,1305.398,352.2289,1336.0486,416.40738,1320.7233,416.40738,HCAP
186305,3105.083347291816,1,374.16815,384.2904,403.82748,460.7829,388.9978,460.7829,HCAP
186305,3105.083347291816,3,1166.6049,350.347,1198.4037,415.1875,1182.5043,415.1875,HCAP
186305,3105.083347291816,2,990.5144,370.37915,1032.0328,440.92694,1011.2736,440.92694,HCAP
186305,3105.083347291816,4,1213.6724,345.49268,1244.7476,414.14368,1229.21,414.14368,HCAP
186305,3105.083347291816,5,1305.8586,349.9258,1334.6385,417.77463,1320.2485,417.77463,HCAP
186305,3105.083347291816,6,1408.2257,331.8792,1443.646,413.05893,1425.9358,413.05893,HCAP
186311,3105.183347292266,1,383.54346,382.68036,414.82593,460.18478,399.1847,460.18478,HCAP
186311,3105.183347292266,3,1169.9231,349.74518,1196.076,412.1651,1182.9995,412.1651,HCAP
186311,3105.183347292266,2,988.2257,345.69818,1023.7709,440.51083,1005.9983,440.51083,HCAP
186311,3105.183347292266,5,1298.8464,353.22498,1328.4717,419.06714,1313.659,419.06714,HCAP
186311,3105.183347292266,6,1404.4635,331.96945,1442.6482,414.1681,1423.5559,414.1681,HCAP
186311,3105.183347292266,4,1219.9993,351.6113,1247.1951,416.2739,1233.5972,416.2739,HCAP
186317,3105.283347292715,1,391.4143,381.95636,424.10907,459.87177,407.7617,459.87177,HCAP
186317,3105.283347292715,3,1172.2692,343.9594,1199.1082,412.04617,1185.6887,412.04617,HCAP
186317,3105.283347292715,5,1297.9508,352.91977,1325.5822,419.7974,1311.7665,419.7974,HCAP
186317,3105.283347292715,2,982.1098,370.77704,1012.9056,441.33325,997.5077,441.33325,HCAP
186317,3105.283347292715,4,1223.0199,346.20203,1250.3398,415.71652,1236.6799,415.71652,HCAP
186317,3105.283347292715,6,1401.7051,332.22812,1443.313,414.8811,1422.509,414.8811,HCAP
186323,3105.3833472931647,1,393.27374,382.22577,438.28326,459.85028,415.7785,459.85028,HCAP
186323,3105.3833472931647,2,974.83215,363.3936,1001.73474,442.75333,988.28345,442.75333,HCAP
186323,3105.3833472931647,3,1174.978,348.34003,1201.606,411.25177,1188.292,411.25177,HCAP
186323,3105.3833472931647,5,1290.8384,353.1548,1322.9812,420.4984,1306.9098,420.4984,HCAP
186323,3105.3833472931647,4,1225.569,341.4996,1253.5372,411.17926,1239.5531,411.17926,HCAP
186323,3105.3833472931647,6,1397.9622,367.2766,1431.2261,416.47412,1414.5941,416.47412,HCAP
186329,3105.4833472936143,1,397.8991,380.9641,447.2813,460.84076,422.5902,460.84076,HCAP
186329,3105.4833472936143,3,1179.3203,350.26785,1202.8661,408.85464,1191.0933,408.85464,HCAP
186329,3105.4833472936143,2,968.79614,365.48755,994.3706,443.4643,981.5834,443.4643,HCAP
186329,3105.4833472936143,4,1229.0557,352.71066,1254.6062,411.6545,1241.8309,411.6545,HCAP
186329,3105.4833472936143,5,1289.3093,364.4448,1318.6637,423.22092,1303.9866,423.22092,HCAP
186329,3105.4833472936143,6,1395.696,369.6261,1428.9032,417.4569,1412.2996,417.4569,HCAP
186335,3105.5833472940635,1,399.35303,380.40393,452.96292,460.68555,426.15796,460.68555,HCAP
186335,3105.5833472940635,5,1288.3502,353.1318,1314.4486,422.52383,1301.3994,422.52383,HCAP
186335,3105.5833472940635,3,1182.6672,349.71304,1207.24,408.67117,1194.9536,408.67117,HCAP
186335,3105.5833472940635,6,1393.9037,368.36267,1426.939,418.0879,1410.4214,418.0879,HCAP
186335,3105.5833472940635,2,956.86816,369.02606,986.85535,445.2187,971.86176,445.2187,HCAP
186335,3105.5833472940635,4,1233.7225,349.72687,1259.18,412.8521,1246.4513,412.8521,HCAP
186341,3105.683347294513,1,408.542,379.52902,459.43835,460.95126,433.99017,460.95126,HCAP
186341,3105.683347294513,2,950.4431,366.3999,983.06604,445.26746,966.7546,445.26746,HCAP
186341,3105.683347294513,6,1392.2461,367.3635,1424.1727,419.37827,1408.2095,419.37827,HCAP
186341,3105.683347294513,5,1284.3838,373.82806,1310.0576,426.33862,1297.2207,426.33862,HCAP
186341,3105.683347294513,4,1237.3359,353.15552,1265.963,413.12393,1251.6494,413.12393,HCAP
186347,3105.783347294963,1,418.86337,378.76654,463.73438,461.22882,441.2989,461.22882,HCAP
186347,3105.783347294963,5,1273.7361,351.51242,1305.866,426.1302,1289.801,426.1302,HCAP
186347,3105.783347294963,2,944.02057,374.66675,980.74164,448.7395,962.3811,448.7395,HCAP
186347,3105.783347294963,6,1390.605,367.62366,1420.5939,419.25427,1405.5994,419.25427,HCAP
186347,3105.783347294963,4,1239.2893,349.7255,1266.0046,415.64923,1252.647,415.64923,HCAP
186353,3105.8833472954125,1,424.5325,378.7099,466.55923,461.48273,445.54587,461.48273,HCAP
186353,3105.8833472954125,6,1388.9797,366.4724,1419.2949,420.55353,1404.1373,420.55353,HCAP
186353,3105.8833472954125,2,937.7186,369.61603,972.839,447.60156,955.2788,447.60156,HCAP
186353,3105.8833472954125,5,1265.2124,368.85364,1302.016,425.06146,1283.6143,425.06146,HCAP
186353,3105.8833472954125,4,1238.0175,362.72614,1267.6721,418.89838,1252.8447,418.89838,HCAP
186359,3105.9833472958617,2,929.1502,370.14215,963.7099,450.9389,946.43005,450.9389,HCAP
186359,3105.9833472958617,1,430.34207,380.65952,469.40103,460.50723,449.87155,460.50723,HCAP
186359,3105.9833472958617,6,1387.8325,367.40067,1417.6923,422.52365,1402.7625,422.52365,HCAP
186359,3105.9833472958617,5,1258.7205,356.5133,1293.0128,424.85065,1275.8667,424.85065,HCAP
186365,3106.0833472963113,6,1383.9048,368.63718,1414.1157,421.83124,1399.0103,421.83124,HCAP
186365,3106.0833472963113,2,918.93896,375.53156,959.37085,451.21655,939.1549,451.21655,HCAP
186365,3106.0833472963113,4,1248.1487,353.74045,1280.7166,425.4039,1264.4326,425.4039,HCAP
186365,3106.0833472963113,1,441.26508,379.33438,473.63702,459.19016,457.45105,459.19016,HCAP
186371,3106.183347296761,1,439.36844,380.2199,479.13913,459.69952,459.25378,459.69952,HCAP
186371,3106.183347296761,6,1381.0525,367.92535,1412.878,422.08978,1396.9653,422.08978,HCAP
186371,3106.183347296761,2,922.0082,376.5161,954.14905,454.25015,938.0786,454.25015,HCAP
186371,3106.183347296761,4,1244.938,377.03348,1271.9155,427.2031,1258.4268,427.2031,HCAP
186377,3106.2833472972106,1,444.3482,380.23297,485.79156,459.39716,465.0699,459.39716,HCAP
186377,3106.2833472972106,2,916.9497,378.5082,947.8497,455.3918,932.39966,455.3918,HCAP
186377,3106.2833472972106,6,1377.3689,367.7232,1410.5239,424.0058,1393.9464,424.0058,HCAP
186383,3106.38334729766,2,911.2205,379.99127,940.2618,458.24854,925.74115,458.24854,HCAP
186383,3106.38334729766,1,449.37952,377.29547,493.40308,458.98254,471.3913,458.98254,HCAP
186383,3106.38334729766,6,1374.1191,370.17746,1405.9266,424.66617,1390.023,424.66617,HCAP
186383,3106.38334729766,3,1207.2363,352.08298,1251.0956,428.6348,1229.166,428.6348,HCAP
186389,3106.4833472981095,2,900.8307,379.47748,934.59875,459.80374,917.7147,459.80374,HCAP
186389,3106.4833472981095,6,1374.4585,371.4427,1404.9408,424.24432,1389.6997,424.24432,HCAP
186389,3106.4833472981095,3,1185.6345,357.15463,1246.3918,428.2922,1216.0132,428.2922,HCAP
186389,3106.4833472981095,1,463.21124,380.02652,502.5879,455.5134,482.89957,455.5134,HCAP
186395,3106.583347298559,2,890.9817,379.72552,927.92285,461.24017,909.4523,461.24017,HCAP
186395,3106.583347298559,6,1371.6238,367.903,1402.1694,427.11182,1386.8966,427.11182,HCAP
186395,3106.583347298559,1,477.64197,372.85666,509.1133,456.195,493.37762,456.195,HCAP
186395,3106.583347298559,3,1205.0654,354.58585,1235.6338,430.00497,1220.3496,430.00497,HCAP
186401,3106.683347299009,2,880.9107,380.90387,919.44635,461.85663,900.1785,461.85663,HCAP
186401,3106.683347299009,6,1369.3966,368.28864,1400.2128,427.84085,1384.8047,427.84085,HCAP
186401,3106.683347299009,1,479.78467,387.91873,514.6576,455.61832,497.22113,455.61832,HCAP
186401,3106.683347299009,3,1198.1428,356.94864,1225.7656,430.27835,1211.9542,430.27835,HCAP
186407,3106.783347299458,6,1367.5403,370.25787,1396.2917,427.75403,1381.916,427.75403,HCAP
186407,3106.783347299458,2,871.2175,379.92856,909.47046,462.29214,890.344,462.29214,HCAP
186407,3106.783347299458,1,470.80472,386.91257,521.62256,455.3539,496.21362,455.3539,HCAP
186407,3106.783347299458,3,1176.2189,353.84244,1217.0983,430.13406,1196.6586,430.13406,HCAP
186413,3106.8833472999077,1,471.79037,377.27045,527.4286,454.31165,499.6095,454.31165,HCAP
186413,3106.8833472999077,6,1364.1187,372.41574,1394.9346,429.21597,1379.5266,429.21597,HCAP
186413,3106.8833472999077,2,861.4923,381.4651,894.3573,462.70596,877.9248,462.70596,HCAP
186413,3106.8833472999077,7,352.7204,379.4394,380.3988,462.3121,366.5596,462.3121,LHC
186413,3106.8833472999077,3,1179.458,369.05154,1208.1619,429.8975,1193.8099,429.8975,HCAP
186419,3106.9833473003573,1,478.7232,377.36783,532.516,453.5213,505.6196,453.5213,HCAP
186419,3106.9833473003573,6,1360.0137,374.4397,1390.8633,430.485,1375.4385,430.485,HCAP
186419,3106.9833473003573,7,368.78815,376.02145,418.02164,462.04907,393.4049,462.04907,LHC
186419,3106.9833473003573,2,849.68054,383.87567,880.0154,459.6145,864.84796,459.6145,HCAP
186419,3106.9833473003573,3,1172.3069,355.41486,1199.7896,432.62265,1186.0482,432.62265,HCAP
186425,3107.083347300807,2,839.8308,381.63272,868.89624,466.85477,854.3635,466.85477,HCAP
186425,3107.083347300807,6,1354.2119,373.61893,1388.9193,431.2629,1371.5657,431.2629,HCAP
186425,3107.083347300807,1,505.53973,376.99164,537.80255,453.2667,521.67114,453.2667,HCAP
186425,3107.083347300807,7,384.59454,369.88376,435.48358,462.71008,410.03906,462.71008,LHC
186425,3107.083347300807,3,1164.0092,355.1912,1191.6284,434.13538,1177.8188,434.13538,HCAP
186431,3107.183347301256,7,400.49908,367.2529,455.85223,459.32812,428.17566,459.32812,LHC
186431,3107.183347301256,2,816.73627,385.64987,858.9007,466.1826,837.8185,466.1826,HCAP
186431,3107.183347301256,8,216.62732,384.0846,256.15952,472.6126,236.39342,472.6126,LHC
186431,3107.183347301256,6,1350.3824,374.79382,1384.8846,432.2437,1367.6335,432.2437,HCAP
186431,3107.183347301256,1,506.86496,374.44476,542.0019,453.25775,524.4334,453.25775,HCAP
186437,3107.283347301706,7,413.58865,366.85812,470.49033,460.85248,442.0395,460.85248,LHC
186437,3107.283347301706,8,232.70352,381.0704,272.39032,469.66763,252.54692,469.66763,LHC
186437,3107.283347301706,2,805.02954,387.1159,848.062,469.67157,826.5458,469.67157,HCAP
186437,3107.283347301706,1,514.3624,368.35828,547.2289,452.93256,530.79565,452.93256,HCAP
186437,3107.283347301706,6,1342.5658,377.20963,1382.9548,432.9764,1362.7603,432.9764,HCAP
186437,3107.283347301706,3,1141.7747,362.71298,1175.9187,433.52023,1158.8467,433.52023,HCAP
186443,3107.3833473021555,7,416.7042,366.30487,486.42087,457.57132,451.56253,457.57132,LHC
186443,3107.3833473021555,6,1343.1211,377.30136,1378.34,435.079,1360.7305,435.079,HCAP
186443,3107.3833473021555,4,1276.2717,349.36734,1303.8271,416.89243,1290.0494,416.89243,HCAP
186443,3107.3833473021555,8,247.46619,381.36987,287.5365,468.47205,267.50134,468.47205,LHC
186443,3107.3833473021555,1,514.3365,366.09494,550.25085,450.8151,532.2937,450.8151,HCAP
186443,3107.3833473021555,2,806.4938,391.59082,841.17236,469.5173,823.83307,469.5173,HCAP
186443,3107.3833473021555,3,1128.906,355.69757,1166.517,436.27075,1147.7114,436.27075,HCAP
186449,3107.483347302605,9,379.59653,365.66638,417.32153,448.21088,398.45905,448.21088,LHC
186449,3107.483347302605,2,773.4066,384.73022,830.32666,469.26215,801.86664,469.26215,HCAP
186449,3107.483347302605,6,1341.3909,379.799,1375.8857,434.6607,1358.6383,434.6607,HCAP
186449,3107.483347302605,1,486.25543,366.49036,553.1999,451.37302,519.72766,451.37302,HCAP
186449,3107.483347302605,8,263.78058,380.40683,303.52307,465.59207,283.65182,465.59207,LHC
186449,3107.483347302605,7,421.9727,364.38214,499.62808,457.37683,460.80038,457.37683,LHC
186449,3107.483347302605,4,1271.8195,364.05573,1294.7783,418.31458,1283.2988,418.31458,HCAP
186449,3107.483347302605,3,1130.3408,364.4794,1160.8239,437.05243,1145.5823,437.05243,HCAP
186455,3107.5833473030543,9,392.29724,362.6281,428.53674,445.2874,410.417,445.2874,LHC
186455,3107.5833473030543,8,281.02545,367.1803,336.56186,463.6779,308.79364,463.6779,LHC
186455,3107.5833473030543,7,436.59146,366.1149,507.40036,453.50858,471.9959,453.50858,LHC
186455,3107.5833473030543,1,496.62958,366.93207,556.4338,451.65576,526.5317,451.65576,HCAP
186455,3107.5833473030543,6,1329.2642,365.9002,1372.0178,434.73138,1350.641,434.73138,HCAP
186455,3107.5833473030543,2,761.7821,386.25507,822.0194,470.8402,791.90076,470.8402,HCAP
186455,3107.5833473030543,3,1120.9669,352.2989,1161.2296,436.9522,1141.0983,436.9522,HCAP
186455,3107.5833473030543,4,1265.1025,356.6696,1293.1184,418.8846,1279.1105,418.8846,HCAP
186461,3107.683347303504,8,295.3228,365.12375,344.5989,461.9492,319.96088,461.9492,LHC
186461,3107.683347303504,9,402.7206,364.44113,440.65155,441.60855,421.6861,441.60855,LHC
186461,3107.683347303504,6,1332.8535,371.48352,1367.3389,434.90674,1350.0962,434.90674,HCAP
186461,3107.683347303504,7,453.48596,365.7367,507.9245,449.66455,480.70523,449.66455,LHC
186461,3107.683347303504,2,750.04047,389.90524,812.7063,474.06995,781.3734,474.06995,HCAP
186461,3107.683347303504,3,1120.7251,361.69656,1149.364,439.6387,1135.0446,439.6387,HCAP
186461,3107.683347303504,1,525.4613,373.4297,561.25867,450.73297,543.36,450.73297,HCAP
186461,3107.683347303504,4,1262.6973,351.42746,1286.7527,420.68948,1274.725,420.68948,HCAP
186467,3107.7833473039536,8,309.82205,362.29816,351.37894,459.91388,330.6005,459.91388,LHC
186467,3107.7833473039536,9,413.82092,363.5312,448.61096,438.60223,431.21594,438.60223,LHC
186467,3107.7833473039536,7,472.35498,360.0147,516.09155,448.29138,494.22327,448.29138,LHC
186467,3107.7833473039536,6,1329.7249,373.90567,1363.789,437.06204,1346.7568,437.06204,HCAP
186467,3107.7833473039536,4,1249.529,357.10522,1284.021,423.6056,1266.775,423.6056,HCAP
186467,3107.7833473039536,2,741.07166,390.5851,796.49133,474.6155,768.7815,474.6155,HCAP
186467,3107.7833473039536,1,529.06885,372.11417,565.6957,448.66434,547.38226,448.66434,HCAP
186467,3107.7833473039536,3,1113.177,373.18954,1137.8391,439.9183,1125.508,439.9183,HCAP
186473,3107.8833473044033,8,321.74075,357.89767,362.89792,457.8708,342.31934,457.8708,LHC
186473,3107.8833473044033,9,424.7405,365.34357,457.2075,437.54874,440.974,437.54874,LHC
186473,3107.8833473044033,2,732.03357,388.4605,782.92957,476.90613,757.48157,476.90613,HCAP
186473,3107.8833473044033,6,1323.7365,373.94046,1359.5175,437.42734,1341.627,437.42734,HCAP
186473,3107.8833473044033,4,1244.9739,370.79572,1279.2278,423.71777,1262.1008,423.71777,HCAP
186473,3107.8833473044033,1,529.109,376.55823,570.75305,447.1865,549.931,447.1865,HCAP
186473,3107.8833473044033,7,487.92725,378.78946,529.6325,445.3862,508.77988,445.3862,LHC
186473,3107.8833473044033,3,1103.6049,389.57684,1130.5609,439.9118,1117.0829,439.9118,HCAP
186479,3107.9833473048525,8,336.49908,362.45465,376.50137,455.75195,356.50024,455.75195,LHC
186479,3107.9833473048525,9,432.69067,359.03436,465.88788,434.71094,449.28928,434.71094,LHC
186479,3107.9833473048525,2,721.02344,392.50494,772.9175,476.79742,746.97046,476.79742,HCAP
186479,3107.9833473048525,4,1236.5522,361.0495,1275.535,424.8745,1256.0437,424.8745,HCAP
186479,3107.9833473048525,7,491.24048,368.173,538.72266,443.26804,514.98157,443.26804,LHC
186479,3107.9833473048525,1,524.25037,382.23944,576.4603,448.22864,550.35535,448.22864,HCAP
186479,3107.9833473048525,6,1320.1342,379.67834,1356.6044,437.8623,1338.3693,437.8623,HCAP
186479,3107.9833473048525,3,1096.1027,376.28705,1124.883,441.60297,1110.4929,441.60297,HCAP
186485,3108.083347305302,1,551.798,375.2202,586.1527,447.16455,568.97534,447.16455,HCAP
186485,3108.083347305302,2,717.38544,392.33002,760.0188,478.11053,738.70215,478.11053,HCAP
186485,3108.083347305302,9,437.19717,355.0854,467.90836,430.2904,452.55276,430.2904,LHC
186485,3108.083347305302,8,348.85483,364.57233,389.08514,453.0055,368.96997,453.0055,LHC
186485,3108.083347305302,7,500.07697,359.0646,540.7738,441.053,520.4254,441.053,LHC
186485,3108.083347305302,6,1316.5398,379.64215,1352.9102,439.28235,1334.725,439.28235,HCAP
186485,3108.083347305302,4,1230.5425,363.25745,1270.0432,425.55652,1250.2928,425.55652,HCAP
186485,3108.083347305302,3,1088.9495,384.97906,1113.7635,442.2746,1101.3564,442.2746,HCAP
186491,3108.183347305752,2,701.7817,393.64862,749.09357,481.93628,725.4376,481.93628,HCAP
186491,3108.183347305752,7,506.3411,351.6654,546.14526,438.9537,526.24316,438.9537,LHC
186491,3108.183347305752,9,446.94644,355.60693,474.4131,428.37634,460.67975,428.37634,LHC
186491,3108.183347305752,1,563.1395,371.21228,595.3727,446.35675,579.2561,446.35675,HCAP
186491,3108.183347305752,6,1314.6902,355.4243,1360.4365,440.9827,1337.5634,440.9827,HCAP
186491,3108.183347305752,3,1079.9785,367.76505,1107.1836,442.33365,1093.581,442.33365,HCAP
186491,3108.183347305752,8,359.33746,366.88348,403.0817,450.31622,381.2096,450.31622,LHC
186491,3108.183347305752,4,1223.3517,359.83658,1258.75,425.83978,1241.0508,425.83978,HCAP
186497,3108.2833473062014,2,687.47736,393.87653,736.1574,481.4427,711.8174,481.4427,HCAP
186497,3108.2833473062014,1,568.29407,372.1194,604.4641,447.0855,586.3791,447.0855,HCAP
186497,3108.2833473062014,9,453.801,352.98,480.22925,427.17654,467.01514,427.17654,LHC
186497,3108.2833473062014,8,367.987,363.562,415.60706,448.84906,391.79703,448.84906,LHC
186497,3108.2833473062014,7,511.66882,355.58597,553.4945,435.68005,532.58167,435.68005,LHC
186497,3108.2833473062014,3,1074.117,365.67426,1097.0781,441.86966,1085.5975,441.86966,HCAP
186497,3108.2833473062014,4,1209.0214,352.89743,1245.6241,428.75693,1227.3228,428.75693,HCAP
186497,3108.2833473062014,6,1308.1014,386.46863,1353.3911,440.10187,1330.7463,440.10187,HCAP
186503,3108.3833473066506,1,573.1677,376.59695,613.2385,447.4476,593.2031,447.4476,HCAP
186503,3108.3833473066506,2,673.3235,393.11023,722.478,478.45422,697.90076,478.45422,HCAP
186503,3108.3833473066506,8,374.33633,354.70117,424.05927,446.3089,399.1978,446.3089,LHC
186503,3108.3833473066506,9,459.70807,352.198,489.61798,424.0365,474.66302,424.0365,LHC
186503,3108.3833473066506,7,513.51697,353.28125,560.15784,435.1056,536.8374,435.1056,LHC
186503,3108.3833473066506,6,1302.0037,388.60355,1341.7533,441.0281,1321.8784,441.0281,HCAP
186503,3108.3833473066506,4,1204.7753,358.2572,1241.5776,427.0013,1223.1765,427.0013,HCAP
186503,3108.3833473066506,3,1060.0063,375.75934,1089.498,444.70807,1074.7522,444.70807,HCAP
186509,3108.4833473071003,2,657.49194,389.80417,709.9804,478.7841,683.7362,478.7841,HCAP
186509,3108.4833473071003,1,580.2041,378.4641,625.296,447.9024,602.75006,447.9024,HCAP
186509,3108.4833473071003,9,461.63275,356.61,500.77576,422.58032,481.20425,422.58032,LHC
186509,3108.4833473071003,6,1299.185,388.54477,1335.886,440.717,1317.5355,440.717,HCAP
186509,3108.4833473071003,7,515.2727,362.07944,558.9617,429.46207,537.1172,429.46207,LHC
186509,3108.4833473071003,8,388.06577,357.51782,432.86838,445.16867,410.46707,445.16867,LHC
186509,3108.4833473071003,3,1051.6082,382.6194,1083.2104,443.9253,1067.4093,443.9253,HCAP
186515,3108.58334730755,2,646.7962,389.58737,691.17065,478.50357,668.9834,478.50357,HCAP
186515,3108.58334730755,1,587.33295,378.58456,627.31696,446.38248,607.32495,446.38248,HCAP
186515,3108.58334730755,9,467.76572,344.62073,507.1605,420.01437,487.4631,420.01437,LHC
186515,3108.58334730755,8,400.98184,350.78174,442.1075,443.88354,421.54468,443.88354,LHC
186515,3108.58334730755,6,1295.9751,389.42212,1330.9492,441.1128,1313.4622,441.1128,HCAP
186515,3108.58334730755,3,1042.6544,382.12958,1073.912,444.4174,1058.2832,444.4174,HCAP
186515,3108.58334730755,7,515.538,359.3238,555.4076,428.60742,535.4728,428.60742,LHC
186521,3108.683347307999,3,1032.0271,368.30823,1066.1019,446.30237,1049.0645,446.30237,HCAP
186521,3108.683347307999,9,479.54736,340.35477,514.54834,416.90295,497.04785,416.90295,LHC
186521,3108.683347307999,2,632.79,389.0353,675.8798,480.68362,654.3349,480.68362,HCAP
186521,3108.683347307999,1,596.9665,374.0066,639.0747,445.6936,618.0206,445.6936,HCAP
186521,3108.683347307999,6,1290.7471,388.99905,1328.591,442.5682,1309.669,442.5682,HCAP
186521,3108.683347307999,7,523.431,357.53027,558.14484,427.58002,540.78796,427.58002,LHC
186521,3108.683347307999,8,413.6911,350.73715,448.38217,431.95853,431.03662,431.95853,LHC
186527,3108.783347308449,7,526.2259,353.2232,557.57263,424.7202,541.8993,424.7202,LHC
186527,3108.783347308449,3,1022.41833,368.664,1059.3987,447.7185,1040.9084,447.7185,HCAP
186527,3108.783347308449,8,423.6979,352.849,457.3549,439.45258,440.5264,439.45258,LHC
186527,3108.783347308449,9,493.8869,348.43872,525.6059,415.5965,509.7464,415.5965,LHC
186527,3108.783347308449,2,622.40955,387.81015,658.79736,480.77243,640.60345,480.77243,HCAP
186527,3108.783347308449,1,610.36505,377.09186,643.8329,445.8308,627.099,445.8308,HCAP
186527,3108.783347308449,6,1287.4043,389.42102,1322.1973,443.25934,1304.8008,443.25934,HCAP
186533,3108.8833473088985,6,1281.8815,388.889,1317.9639,444.2903,1299.9226,444.2903,HCAP
186533,3108.8833473088985,8,434.3463,353.15216,464.00848,437.476,449.1774,437.476,LHC
186533,3108.8833473088985,3,1017.2417,368.24103,1052.2335,448.2789,1034.7375,448.2789,HCAP
186533,3108.8833473088985,7,530.12317,352.93112,558.8312,422.58792,544.4772,422.58792,LHC
186533,3108.8833473088985,9,508.67972,345.42383,534.77136,414.00793,521.7255,414.00793,LHC
186533,3108.8833473088985,2,613.5558,380.9166,652.78284,478.38977,633.1693,478.38977,HCAP
186539,3108.983347309348,3,1008.88,368.53455,1041.2501,448.40826,1025.0651,448.40826,HCAP
186539,3108.983347309348,1,630.9194,366.5331,659.6334,440.56348,645.27637,440.56348,HCAP
186539,3108.983347309348,6,1274.787,387.78937,1312.2474,444.86636,1293.5172,444.86636,HCAP
186539,3108.983347309348,8,441.46243,351.21643,472.2498,433.6939,456.8561,433.6939,LHC
186539,3108.983347309348,7,537.0991,358.0653,563.72705,422.3745,550.4131,422.3745,LHC
186539,3108.983347309348,2,589.66296,390.6363,628.4227,472.1834,609.04285,472.1834,HCAP
186539,3108.983347309348,9,523.43005,341.4619,546.6147,416.18652,535.02234,416.18652,LHC
186545,3109.0833473097973,3,998.27875,369.8625,1029.1682,448.39868,1013.7235,448.39868,HCAP
186545,3109.0833473097973,6,1265.7532,384.47278,1309.0474,445.7027,1287.4003,445.7027,HCAP
186545,3109.0833473097973,1,638.18555,370.33566,664.9457,440.1168,651.5656,440.1168,HCAP
186545,3109.0833473097973,2,576.03125,390.44815,616.7054,472.7438,596.3683,472.7438,HCAP
186545,3109.0833473097973,8,451.03564,349.1956,479.3433,433.5922,465.18945,433.5922,LHC
186545,3109.0833473097973,9,532.6835,340.44122,564.60736,420.97897,548.6454,420.97897,LHC
186551,3109.183347310247,2,560.101,392.01318,606.24036,478.53638,583.17065,478.53638,HCAP
186551,3109.183347310247,3,988.8076,371.9057,1015.90466,449.27582,1002.35614,449.27582,HCAP
186551,3109.183347310247,8,457.28784,348.39447,486.48145,431.16602,471.88464,431.16602,LHC
186551,3109.183347310247,1,647.86127,367.53333,674.0143,436.66278,660.93774,436.66278,HCAP
186551,3109.183347310247,6,1269.1458,384.7719,1304.4543,445.1897,1286.8,445.1897,HCAP
186551,3109.183347310247,9,537.14465,338.02856,571.05176,422.23834,554.0982,422.23834,LHC
186551,3109.183347310247,5,1133.5691,386.26382,1156.8818,434.17886,1145.2255,434.17886,HCAP
186557,3109.2833473106966,3,978.9862,370.66306,1007.69476,448.30142,993.34045,448.30142,HCAP
186557,3109.2833473106966,6,1262.8542,379.32605,1301.0936,446.2447,1281.9739,446.2447,HCAP
186557,3109.2833473106966,2,548.1894,390.97742,592.7223,479.4983,570.4558,479.4983,HCAP
186557,3109.2833473106966,8,467.0201,352.6577,496.32852,430.5208,481.67432,430.5208,LHC
186557,3109.2833473106966,1,656.9533,369.1594,683.7182,435.91672,670.33575,435.91672,HCAP
186557,3109.2833473106966,9,541.49664,340.05676,578.5081,421.76685,560.0024,421.76685,LHC
186557,3109.2833473106966,5,1124.386,348.31177,1154.2644,435.41687,1139.3252,435.41687,HCAP
186563,3109.3833473111463,1,663.3095,367.2529,692.4376,436.23,677.87354,436.23,HCAP
186563,3109.3833473111463,6,1255.5566,376.5422,1298.2246,446.67526,1276.8906,446.67526,HCAP
186563,3109.3833473111463,3,970.5884,370.3504,995.77344,448.2464,983.1809,448.2464,HCAP
186563,3109.3833473111463,8,474.19794,356.03787,502.70087,428.80545,488.4494,428.80545,LHC
186563,3109.3833473111463,2,528.9403,391.69214,582.12646,483.2619,555.5334,483.2619,HCAP
186563,3109.3833473111463,5,1117.8525,367.23767,1144.625,436.2979,1131.2388,436.2979,HCAP
186569,3109.4833473115955,6,1248.2485,371.50058,1294.2205,446.2565,1271.2345,446.2565,HCAP
186569,3109.4833473115955,3,956.4646,370.00937,986.7391,448.80313,971.6018,448.80313,HCAP
186569,3109.4833473115955,1,675.25354,364.59778,700.7731,436.03143,688.0133,436.03143,HCAP
186569,3109.4833473115955,5,1104.8572,371.89197,1136.7571,439.61407,1120.8071,439.61407,HCAP
186569,3109.4833473115955,2,512.81366,390.55527,565.9441,483.7631,539.3789,483.7631,HCAP
186569,3109.4833473115955,7,553.1494,341.0704,580.1315,413.27124,566.64044,413.27124,LHC
186569,3109.4833473115955,8,480.7911,336.50854,512.4113,427.74854,496.6012,427.74854,LHC
186575,3109.583347312045,6,1242.9585,372.44147,1287.0142,445.70782,1264.9863,445.70782,HCAP
186575,3109.583347312045,3,947.86,370.73053,977.0831,448.48883,962.47156,448.48883,HCAP
186575,3109.583347312045,5,1097.2725,362.73834,1131.4111,439.54614,1114.3418,439.54614,HCAP
186575,3109.583347312045,1,685.28955,365.37698,708.9625,436.22314,697.12604,436.22314,HCAP
186575,3109.583347312045,2,506.33167,388.4901,549.41785,484.48517,527.87476,484.48517,HCAP
186575,3109.583347312045,7,556.92017,343.3195,587.13367,410.3313,572.0269,410.3313,LHC
186575,3109.583347312045,8,483.93768,346.4056,519.71533,425.56723,501.8265,425.56723,LHC
186581,3109.683347312495,6,1236.8813,366.55048,1276.0352,446.85376,1256.4583,446.85376,HCAP
186581,3109.683347312495,3,940.25964,376.346,969.4667,450.25067,954.86316,450.25067,HCAP
186581,3109.683347312495,7,565.89014,340.7287,594.9088,408.89465,580.3995,408.89465,LHC
186581,3109.683347312495,5,1088.4905,366.36072,1120.3838,440.10535,1104.4371,440.10535,HCAP
186581,3109.683347312495,1,696.2206,361.07034,719.7201,436.5673,707.97034,436.5673,HCAP
186581,3109.683347312495,2,496.0491,395.11404,529.53467,482.81644,512.7919,482.81644,HCAP
186581,3109.683347312495,8,500.18866,347.01892,536.1506,409.20273,518.1696,409.20273,LHC
186587,3109.7833473129444,3,927.37225,379.718,960.81024,450.25827,944.09125,450.25827,HCAP
186587,3109.7833473129444,6,1230.7501,367.90274,1262.1534,446.72845,1246.4518,446.72845,HCAP
186587,3109.7833473129444,1,704.19403,359.47693,730.9981,436.22668,717.59607,436.22668,HCAP
186587,3109.7833473129444,5,1083.4631,381.82587,1111.0361,440.27844,1097.2496,440.27844,HCAP
186587,3109.7833473129444,8,506.83328,342.9452,539.3627,422.74796,523.09796,422.74796,LHC
186587,3109.7833473129444,2,478.62112,393.55435,515.3839,484.68558,497.0025,484.68558,HCAP
186587,3109.7833473129444,7,572.1184,343.8848,599.3618,408.90894,585.7401,408.90894,LHC
186593,3109.8833473133936,6,1224.7277,369.76447,1253.5891,446.4265,1239.1584,446.4265,HCAP
186593,3109.8833473133936,3,922.1109,371.81213,953.6567,450.03314,937.8838,450.03314,HCAP
186593,3109.8833473133936,5,1077.5376,367.68097,1102.1572,441.1197,1089.8474,441.1197,HCAP
186593,3109.8833473133936,8,514.60785,343.18622,547.2288,420.7237,530.91833,420.7237,LHC
186593,3109.8833473133936,2,465.79706,393.9057,504.44495,486.6272,485.121,486.6272,HCAP
186593,3109.8833473133936,1,712.09875,363.1021,734.36523,435.8026,723.232,435.8026,HCAP
186599,3109.9833473138433,6,1219.2666,369.0337,1247.5239,447.94812,1233.3953,447.94812,HCAP
186599,3109.9833473138433,3,912.9822,374.32278,941.99725,450.2731,927.48975,450.2731,HCAP
186599,3109.9833473138433,8,521.91046,338.35522,558.5464,418.97818,540.2284,418.97818,LHC
186599,3109.9833473138433,2,450.94492,395.60962,490.3732,486.98236,470.65906,486.98236,HCAP
186599,3109.9833473138433,1,721.29,378.11804,742.006,435.06067,731.64795,435.06067,HCAP
186605,3110.083347314293,3,902.79584,373.14688,931.0981,452.62033,916.94696,452.62033,HCAP
186605,3110.083347314293,6,1210.6335,369.98438,1240.2949,448.51712,1225.4642,448.51712,HCAP
186605,3110.083347314293,1,730.2352,386.9362,748.70483,433.91428,739.47003,433.91428,HCAP
186605,3110.083347314293,2,435.29846,397.0427,478.79645,484.38858,457.04745,484.38858,HCAP
186605,3110.083347314293,8,527.7225,357.36652,560.8686,418.29523,544.29553,418.29523,LHC
186611,3110.1833473147426,3,893.7368,373.0674,916.7905,454.31708,905.2637,454.31708,HCAP
186611,3110.1833473147426,6,1205.2595,371.599,1233.6172,448.98157,1219.4384,448.98157,HCAP
186611,3110.1833473147426,1,737.71875,386.31763,756.2906,434.10248,747.00464,434.10248,HCAP
186611,3110.1833473147426,5,1050.4438,374.35663,1076.4203,445.2295,1063.4321,445.2295,HCAP
186611,3110.1833473147426,2,423.54736,409.45285,464.62897,480.96707,444.08817,480.96707,HCAP
186611,3110.1833473147426,8,536.24854,348.54044,565.4418,417.2936,550.84515,417.2936,LHC
186617,3110.283347315192,6,1199.4181,370.22736,1227.7483,447.57275,1213.5833,447.57275,HCAP
186617,3110.283347315192,5,1039.1741,368.35446,1067.3196,445.04782,1053.2468,445.04782,HCAP
186617,3110.283347315192,3,878.18976,378.7705,909.12946,454.54047,893.6596,454.54047,HCAP
186617,3110.283347315192,1,747.18695,382.08298,766.3427,434.21695,756.76483,434.21695,HCAP
186617,3110.283347315192,8,540.3063,347.1405,570.32166,414.90244,555.31396,414.90244,LHC
186623,3110.3833473156415,6,1192.9995,371.2415,1222.2451,451.0958,1207.6223,451.0958,HCAP
186623,3110.3833473156415,3,872.78265,369.9344,900.73114,456.8833,886.7569,456.8833,HCAP
186623,3110.3833473156415,2,392.36035,402.37897,448.97217,481.5279,420.66626,481.5279,HCAP
186623,3110.3833473156415,5,1033.0887,368.4439,1058.6528,448.01257,1045.8708,448.01257,HCAP
186623,3110.3833473156415,8,548.7236,349.95364,574.83246,414.16818,561.778,414.16818,LHC
186623,3110.3833473156415,1,754.12006,380.19952,773.2077,433.8969,763.6639,433.8969,HCAP
186629,3110.483347316091,2,370.92178,400.78076,438.21176,481.0042,404.56677,481.0042,HCAP
186629,3110.483347316091,5,1022.7336,369.55914,1050.9905,448.43323,1036.862,448.43323,HCAP
186629,3110.483347316091,3,863.015,376.93854,893.2395,457.7763,878.12726,457.7763,HCAP
186629,3110.483347316091,6,1185.3862,370.896,1215.2212,451.00476,1200.3037,451.00476,HCAP
186629,3110.483347316091,8,553.1742,343.9659,578.6948,411.38562,565.9345,411.38562,LHC
186635,3110.5833473165408,5,1015.6852,372.91003,1038.5679,449.27106,1027.1265,449.27106,HCAP
186635,3110.5833473165408,6,1178.0188,370.91516,1208.4064,450.4124,1193.2126,450.4124,HCAP
186635,3110.5833473165408,1,771.21606,381.05356,789.6914,433.25647,780.45374,433.25647,HCAP
186635,3110.5833473165408,2,359.4629,416.17902,426.33887,480.4688,392.90088,480.4688,HCAP
186635,3110.5833473165408,3,851.9749,383.3108,886.6434,458.78943,869.30914,458.78943,HCAP
186635,3110.5833473165408,8,559.51636,340.86554,585.6448,410.63037,572.58057,410.63037,LHC
186641,3110.68334731699,5,1001.2042,372.20325,1031.0446,449.833,1016.1244,449.833,HCAP
186641,3110.68334731699,6,1171.9581,368.15167,1200.4878,449.664,1186.2229,449.664,HCAP
186641,3110.68334731699,3,841.6305,377.75217,875.66797,459.93594,858.64923,459.93594,HCAP
186641,3110.68334731699,2,338.4711,415.09634,404.83475,479.97913,371.65292,479.97913,HCAP
186641,3110.68334731699,8,569.43146,343.719,594.60736,408.86206,582.0194,408.86206,LHC
186641,3110.68334731699,1,779.2517,381.6222,796.9231,434.018,788.0874,434.018,HCAP
186647,3110.7833473174396,5,994.5294,374.53912,1024.7858,452.63727,1009.6576,452.63727,HCAP
186647,3110.7833473174396,3,827.1872,378.69617,863.30255,457.57434,845.2449,457.57434,HCAP
186647,3110.7833473174396,6,1164.0587,367.9358,1193.1711,452.7572,1178.615,452.7572,HCAP
186647,3110.7833473174396,2,322.15533,404.017,383.2871,479.262,352.72122,479.262,HCAP
186647,3110.7833473174396,1,784.07556,380.26392,805.5423,433.38922,794.80896,433.38922,HCAP
186647,3110.7833473174396,8,575.59265,343.89157,599.5326,407.65237,587.5626,407.65237,LHC
186653,3110.8833473178893,5,981.7813,375.54083,1017.47864,453.92145,999.63,453.92145,HCAP
186653,3110.8833473178893,2,303.21487,391.0794,358.99374,480.9375,331.1043,480.9375,HCAP
186653,3110.8833473178893,6,1154.488,370.37503,1183.5852,453.16415,1169.0366,453.16415,HCAP
186653,3110.8833473178893,3,818.93097,377.6966,850.4991,457.66635,834.715,457.66635,HCAP
186653,3110.8833473178893,1,792.6647,382.61453,813.8013,433.01266,803.233,433.01266,HCAP
186659,3110.983347318339,5,968.7812,374.23288,1009.93726,453.28116,989.35925,453.28116,HCAP
186659,3110.983347318339,6,1146.7871,371.55634,1178.7599,453.6969,1162.7734,453.6969,HCAP
186659,3110.983347318339,3,799.2874,371.85968,837.4792,458.17938,818.3833,458.17938,HCAP
186659,3110.983347318339,2,290.34396,390.609,333.819,480.26257,312.08148,480.26257,HCAP
186665,3111.083347318788,5,959.00037,372.06885,998.9075,454.91327,978.9539,454.91327,HCAP
186665,3111.083347318788,6,1134.1908,373.09283,1172.8899,454.12854,1153.5403,454.12854,HCAP
186665,3111.083347318788,3,797.2513,368.94278,827.02313,459.6263,812.1372,459.6263,HCAP
186665,3111.083347318788,2,274.216,391.41998,314.7603,480.92184,294.48816,480.92184,HCAP
186671,3111.183347319238,3,784.86035,376.0708,816.43286,459.9027,800.6466,459.9027,HCAP
186671,3111.183347319238,6,1127.5642,372.2857,1166.4884,452.64264,1147.0264,452.64264,HCAP
186671,3111.183347319238,5,947.14746,371.39612,981.65643,454.31488,964.402,454.31488,HCAP
186671,3111.183347319238,2,266.42288,401.98553,297.44794,481.86768,281.93542,481.86768,HCAP
186671,3111.183347319238,1,813.82764,373.96765,835.11804,433.1554,824.47284,433.1554,HCAP
186677,3111.2833473196874,6,1117.1177,371.99478,1158.0364,452.36966,1137.577,452.36966,HCAP
186677,3111.2833473196874,5,937.27094,377.46033,968.623,454.79858,952.94696,454.79858,HCAP
186677,3111.2833473196874,3,774.1525,378.36914,804.9666,460.66772,789.5596,460.66772,HCAP
186677,3111.2833473196874,1,818.28784,364.29282,843.57874,433.1771,830.9333,433.1771,HCAP
186677,3111.2833473196874,2,248.63306,403.14304,281.86267,483.11472,265.24786,483.11472,HCAP
186683,3111.3833473201366,5,923.9536,371.16092,952.5957,455.3702,938.27466,455.3702,HCAP
186683,3111.3833473201366,3,761.9387,382.71826,794.6399,463.01752,778.2893,463.01752,HCAP
186683,3111.3833473201366,6,1110.7476,373.24237,1146.1694,452.76874,1128.4585,452.76874,HCAP
186683,3111.3833473201366,1,828.2239,363.1231,853.1013,431.58832,840.6626,431.58832,HCAP
186683,3111.3833473201366,2,230.06374,388.8487,265.51038,481.23712,247.78705,481.23712,HCAP
186689,3111.4833473205863,2,212.14156,385.8642,249.70221,479.2978,230.92188,479.2978,HCAP
186689,3111.4833473205863,3,750.58246,379.80826,784.717,462.91196,767.6497,462.91196,HCAP
186689,3111.4833473205863,1,839.3982,360.5722,862.1362,433.34436,850.7672,433.34436,HCAP
186689,3111.4833473205863,5,914.1113,374.7508,939.55676,455.69595,926.83405,455.69595,HCAP
186689,3111.4833473205863,6,1104.4775,370.4353,1134.2596,452.1272,1119.3687,452.1272,HCAP
186695,3111.583347321036,3,742.101,383.016,773.7493,462.50446,757.9252,462.50446,HCAP
186695,3111.583347321036,6,1096.0704,372.2059,1123.019,451.86905,1109.5447,451.86905,HCAP
186695,3111.583347321036,5,902.5446,375.59784,928.75543,453.79907,915.65,453.79907,HCAP
186695,3111.583347321036,1,845.2161,362.16724,867.6645,432.3415,856.4403,432.3415,HCAP
186695,3111.583347321036,2,196.97574,383.17868,235.66833,478.72156,216.32204,478.72156,HCAP
186701,3111.6833473214856,5,890.5829,378.38132,917.3353,455.72433,903.9591,455.72433,HCAP
186701,3111.6833473214856,3,732.6176,383.3519,763.8444,465.82114,748.231,465.82114,HCAP
186701,3111.6833473214856,6,1084.1217,376.6116,1114.1455,452.11203,1099.1335,452.11203,HCAP
186701,3111.6833473214856,2,181.54767,384.85736,220.659,479.2724,201.10333,479.2724,HCAP
186707,3111.783347321935,3,720.8163,384.0205,754.23047,466.6627,737.5234,466.6627,HCAP
186707,3111.783347321935,6,1078.2583,367.6375,1107.3204,451.57068,1092.7893,451.57068,HCAP
186707,3111.783347321935,5,879.8353,378.05612,906.8639,455.88803,893.3496,455.88803,HCAP
186707,3111.783347321935,1,858.6321,385.55194,878.85645,432.41815,868.74426,432.41815,HCAP
186707,3111.783347321935,2,171.5122,386.21222,206.5062,475.97217,189.0092,475.97217,HCAP
186713,3111.8833473223845,3,711.5676,385.65262,746.1788,465.96176,728.87317,465.96176,HCAP
186713,3111.8833473223845,6,1069.8607,366.2754,1098.4231,451.45972,1084.1418,451.45972,HCAP
186713,3111.8833473223845,5,869.0845,376.83792,892.91565,456.14996,881.00006,456.14996,HCAP
186713,3111.8833473223845,2,160.87671,386.15057,190.28592,475.42447,175.58131,475.42447,HCAP
186719,3111.983347322834,3,702.2062,381.76868,736.51227,469.0327,719.35925,469.0327,HCAP
186719,3111.983347322834,6,1061.7261,367.48242,1089.4014,456.33307,1075.5637,456.33307,HCAP
186719,3111.983347322834,2,147.77412,387.08862,178.35732,474.99966,163.06572,474.99966,HCAP
186719,3111.983347322834,5,857.4893,374.27502,881.0572,457.12433,869.27325,457.12433,HCAP
186719,3111.983347322834,1,873.7004,376.9855,895.27094,433.44186,884.48566,433.44186,HCAP
186725,3112.0833473232838,3,691.6705,382.1629,728.8491,470.03394,710.25977,470.03394,HCAP
186725,3112.0833473232838,5,844.2607,375.55756,869.8746,458.10718,857.0676,458.10718,HCAP
186725,3112.0833473232838,6,1054.4901,369.74826,1082.4377,452.7291,1068.4639,452.7291,HCAP
186725,3112.0833473232838,1,879.2549,364.9355,900.96094,432.75977,890.1079,432.75977,HCAP
186725,3112.0833473232838,2,132.31133,387.30148,166.13695,474.57797,149.22414,474.57797,HCAP
186731,3112.183347323733,5,836.0594,377.96768,860.0916,458.83694,848.0755,458.83694,HCAP
186731,3112.183347323733,3,683.3297,383.19232,719.27026,471.3261,701.3,471.3261,HCAP
186731,3112.183347323733,6,1046.7327,369.77686,1076.3613,453.34174,1061.547,453.34174,HCAP
186731,3112.183347323733,2,118.638084,386.4255,151.97202,474.5906,135.30505,474.5906,HCAP
186731,3112.183347323733,1,887.59863,370.89032,908.26373,433.47998,897.93115,433.47998,HCAP
186737,3112.2833473241826,3,673.3396,385.87198,710.7565,471.0303,692.04803,471.0303,HCAP
186737,3112.2833473241826,6,1036.4482,367.54596,1066.6711,454.81403,1051.5597,454.81403,HCAP
186737,3112.2833473241826,5,822.5209,377.10913,848.3655,457.90326,835.4432,457.90326,HCAP
186737,3112.2833473241826,1,895.71936,363.87836,915.49036,433.1651,905.60486,433.1651,HCAP
186737,3112.2833473241826,2,99.68763,382.34656,138.85257,474.9667,119.270096,474.9667,HCAP
186743,3112.3833473246323,3,667.54565,387.55853,702.27954,474.40552,684.9126,474.40552,HCAP
186743,3112.3833473246323,5,806.8463,372.92477,836.70825,460.37842,821.7773,460.37842,HCAP
186743,3112.3833473246323,2,89.1724,375.84656,125.19003,473.74115,107.18121,473.74115,HCAP
186743,3112.3833473246323,6,1027.6641,371.89645,1059.056,453.8878,1043.3601,453.8878,HCAP
186743,3112.3833473246323,1,901.8122,365.53226,922.3621,426.28738,912.08716,426.28738,HCAP
186749,3112.483347325082,3,659.49414,386.63098,694.9315,477.8327,677.2128,477.8327,HCAP
186749,3112.483347325082,5,799.9642,377.22192,824.86835,460.6134,812.41626,460.6134,HCAP
186749,3112.483347325082,1,909.00073,374.12146,927.6083,433.11475,918.3045,433.11475,HCAP
186749,3112.483347325082,6,1022.80096,372.18137,1050.7202,454.27267,1036.7606,454.27267,HCAP
186749,3112.483347325082,2,73.56903,388.1057,112.15739,472.72693,92.863205,472.72693,HCAP
186755,3112.583347325531,3,652.271,388.20996,688.61633,479.0168,670.44366,479.0168,HCAP
186755,3112.583347325531,1,915.73334,370.37585,935.16815,432.64233,925.45074,432.64233,HCAP
186755,3112.583347325531,6,1014.4766,376.29062,1041.9803,453.82864,1028.2285,453.82864,HCAP
186755,3112.583347325531,5,785.8645,381.96686,815.2035,460.2199,800.534,460.2199,HCAP
186761,3112.683347325981,3,646.71216,389.366,683.9675,482.004,665.33984,482.004,HCAP
186761,3112.683347325981,1,923.17346,367.74463,942.1553,433.15704,932.66437,433.15704,HCAP
186761,3112.683347325981,5,771.78204,382.74023,803.4307,461.22583,787.6064,461.22583,HCAP
186761,3112.683347325981,6,1006.3094,373.7691,1036.5525,454.42975,1021.4309,454.42975,HCAP
186767,3112.7833473264304,3,641.52295,393.50812,677.03076,484.77338,659.27686,484.77338,HCAP
186767,3112.7833473264304,5,764.21655,381.85098,791.5099,463.6746,777.8632,463.6746,HCAP
186767,3112.7833473264304,6,988.44635,371.8243,1028.6655,454.56088,1008.5559,454.56088,HCAP
186767,3112.7833473264304,1,928.5371,367.1825,949.4193,433.2799,938.9782,433.2799,HCAP
186773,3112.88334732688,6,990.14575,368.2293,1021.26086,454.216,1005.7033,454.216,HCAP
186773,3112.88334732688,3,636.1615,393.27567,676.0805,487.30032,656.121,487.30032,HCAP
186773,3112.88334732688,5,751.4497,383.665,779.33655,463.6702,765.3931,463.6702,HCAP
186773,3112.88334732688,1,935.22546,367.10406,954.4682,432.97095,944.8468,432.97095,HCAP
186779,3112.9833473273293,3,632.91693,394.73648,674.12354,488.15048,653.52026,488.15048,HCAP
186779,3112.9833473273293,5,738.32007,380.9164,769.2497,463.88205,753.7849,463.88205,HCAP
186779,3112.9833473273293,6,984.28033,371.66867,1016.1993,454.32275,1000.2398,454.32275,HCAP
186779,3112.9833473273293,1,938.1394,351.36145,962.65576,431.94983,950.3976,431.94983,HCAP
186785,3113.083347327779,3,628.5947,396.58478,671.3199,489.52795,649.9573,489.52795,HCAP
186785,3113.083347327779,5,724.5708,386.4596,757.9067,465.54974,741.2388,465.54974,HCAP
186785,3113.083347327779,6,980.18274,368.99298,1006.1996,454.04578,993.19116,454.04578,HCAP
186785,3113.083347327779,1,944.7442,384.16013,969.7337,431.2675,957.23895,431.2675,HCAP
186791,3113.1833473282286,3,626.21265,398.09445,671.3723,492.1713,648.7925,492.1713,HCAP
186791,3113.1833473282286,6,970.9913,366.42892,999.09174,452.50534,985.0415,452.50534,HCAP
186791,3113.1833473282286,5,715.3289,384.78516,746.6428,464.98993,730.98584,464.98993,HCAP
186791,3113.1833473282286,1,956.3104,386.1133,978.9595,431.22757,967.63495,431.22757,HCAP
186797,3113.2833473286782,3,625.9814,399.9495,669.412,494.0721,647.69666,494.0721,HCAP
186797,3113.2833473286782,6,960.64325,373.09488,993.644,455.16055,977.1436,455.16055,HCAP
186797,3113.2833473286782,5,706.4053,383.93176,736.3168,463.2188,721.361,463.2188,HCAP
186803,3113.3833473291274,3,626.1891,399.19946,671.23364,497.5597,648.71136,497.5597,HCAP
186803,3113.3833473291274,6,955.1314,369.1429,998.5732,453.0964,976.8523,453.0964,HCAP
186803,3113.3833473291274,5,689.94867,383.3355,724.0026,469.38885,706.97565,469.38885,HCAP
186809,3113.483347329577,3,625.0329,400.6603,670.41516,499.23,647.724,499.23,HCAP
186809,3113.483347329577,5,682.74585,383.19754,713.7268,468.40622,698.2363,468.40622,HCAP
186809,3113.483347329577,1,972.0496,385.7503,1005.8663,434.0615,988.95795,434.0615,HCAP
186809,3113.483347329577,10,1076.1025,351.207,1107.3218,410.34164,1091.7122,410.34164,LHC
186809,3113.483347329577,6,948.57056,379.84076,975.1494,455.3151,961.86,455.3151,HCAP
186815,3113.5833473300268,1,987.208,364.11835,1014.0062,435.88757,1000.6071,435.88757,HCAP
186815,3113.5833473300268,6,932.857,365.8183,968.88776,456.19183,950.8724,456.19183,HCAP
186815,3113.5833473300268,3,630.23047,403.10028,671.2108,500.86368,650.72064,500.86368,HCAP
186815,3113.5833473300268,5,670.24304,384.14557,700.67737,468.88733,685.4602,468.88733,HCAP
186815,3113.5833473300268,10,1074.9221,348.89218,1107.8068,412.71597,1091.3645,412.71597,LHC
186821,3113.6833473304764,3,633.12787,406.1034,672.2572,502.27936,652.6925,502.27936,HCAP
186821,3113.6833473304764,6,933.49365,370.22177,963.4497,455.455,948.4717,455.455,HCAP
186821,3113.6833473304764,10,1064.5793,330.5894,1104.7898,415.08673,1084.6846,415.08673,LHC
186821,3113.6833473304764,5,665.6814,384.20435,693.5008,451.90265,679.59106,451.90265,HCAP
186821,3113.6833473304764,1,995.1017,360.38208,1024.6176,436.72003,1009.8596,436.72003,HCAP
186827,3113.7833473309256,1,1000.45935,374.23196,1034.4045,439.25967,1017.43195,439.25967,HCAP
186827,3113.7833473309256,3,637.7388,406.21683,678.0769,505.6594,657.90784,505.6594,HCAP
186827,3113.7833473309256,6,928.593,375.63235,959.0039,454.7145,943.79846,454.7145,HCAP
186827,3113.7833473309256,10,1069.7893,336.08835,1099.2664,416.4104,1084.5278,416.4104,LHC
186827,3113.7833473309256,5,655.23267,386.33212,680.23206,455.47806,667.73236,455.47806,HCAP
186833,3113.8833473313753,1,1006.57635,387.92194,1031.8083,440.17273,1019.1924,440.17273,HCAP
186833,3113.8833473313753,6,920.30786,371.90707,949.9365,454.7243,935.1222,454.7243,HCAP
186833,3113.8833473313753,10,1068.0546,334.98145,1099.5557,414.1788,1083.8052,414.1788,LHC
186833,3113.8833473313753,3,628.4888,389.59396,683.07556,506.14536,655.78217,506.14536,HCAP
186839,3113.983347331825,6,913.6886,371.93857,942.5947,455.0789,928.14166,455.0789,HCAP
186839,3113.983347331825,1,1009.39874,387.6244,1038.3313,441.58704,1023.865,441.58704,HCAP
186839,3113.983347331825,10,1078.169,340.9331,1106.1017,409.70203,1092.1353,409.70203,LHC
186839,3113.983347331825,3,641.79553,403.23807,689.8326,507.98923,665.8141,507.98923,HCAP
186845,3114.083347332274,3,655.2865,407.44684,697.5236,511.21252,676.405,511.21252,HCAP
186845,3114.083347332274,6,903.3521,370.67038,936.86334,454.39124,920.1077,454.39124,HCAP
186845,3114.083347332274,1,1009.9847,391.19507,1045.3435,444.79437,1027.6641,444.79437,HCAP
186845,3114.083347332274,10,1085.5933,340.35547,1110.7751,409.39532,1098.1842,409.39532,LHC
186845,3114.083347332274,5,612.9271,406.09433,649.3313,477.4346,631.1292,477.4346,HCAP
186851,3114.1833473327238,6,890.73376,365.65228,932.5644,453.43085,911.64905,453.43085,HCAP
186851,3114.1833473327238,3,662.39874,409.05945,703.3637,512.1343,682.8812,512.1343,HCAP
186851,3114.1833473327238,1,1002.6771,390.1031,1044.3593,446.0528,1023.5182,446.0528,HCAP
186851,3114.1833473327238,10,1088.4506,338.3244,1116.2185,412.16077,1102.3345,412.16077,LHC
186851,3114.1833473327238,5,608.5066,391.2063,640.8539,479.32672,624.68024,479.32672,HCAP
186857,3114.2833473331734,3,671.80023,410.3444,712.3015,513.9143,692.0509,513.9143,HCAP
186857,3114.2833473331734,6,889.8001,370.17902,926.5754,454.49863,908.18774,454.49863,HCAP
186857,3114.2833473331734,1,1008.85803,374.37552,1041.6471,449.0006,1025.2526,449.0006,HCAP
186857,3114.2833473331734,5,599.0993,391.69525,630.9362,483.21307,615.01776,483.21307,HCAP
186857,3114.2833473331734,10,1091.6064,342.7155,1119.6487,412.44464,1105.6276,412.44464,LHC
186863,3114.383347333623,3,680.46594,411.4737,720.9695,514.0867,700.7177,514.0867,HCAP
186863,3114.383347333623,1,1008.1725,380.7225,1039.6626,451.55173,1023.91754,451.55173,HCAP
186863,3114.383347333623,6,886.28156,370.62598,921.65717,454.1977,903.96936,454.1977,HCAP
186863,3114.383347333623,5,586.97217,391.7158,621.91504,482.45187,604.4436,482.45187,HCAP
186863,3114.383347333623,10,1095.9385,346.4499,1121.3325,412.13916,1108.6355,412.13916,LHC
186869,3114.4833473340723,3,690.556,411.7339,729.6377,516.17926,710.09686,516.17926,HCAP
186869,3114.4833473340723,1,1006.7027,383.3583,1040.094,453.7803,1023.3983,453.7803,HCAP
186869,3114.4833473340723,6,881.0427,370.41437,914.38293,454.34863,897.7128,454.34863,HCAP
186869,3114.4833473340723,5,578.3069,392.627,614.4563,486.02875,596.3816,486.02875,HCAP
186875,3114.583347334522,3,700.1151,412.16656,740.1026,516.9472,720.1089,516.9472,HCAP
186875,3114.583347334522,1,1002.38983,392.108,1042.8276,456.76364,1022.60876,456.76364,HCAP
186875,3114.583347334522,5,566.7021,394.58615,604.7772,489.49365,585.7396,489.49365,HCAP
186875,3114.583347334522,6,874.35114,369.16232,912.28436,451.91025,893.31775,451.91025,HCAP
186875,3114.583347334522,10,1103.3743,351.46863,1126.3877,415.5442,1114.881,415.5442,LHC
186881,3114.6833473349716,1,985.6551,391.03198,1042.4883,459.60278,1014.07166,459.60278,HCAP
186881,3114.6833473349716,6,866.6942,371.91092,909.0106,452.728,887.8524,452.728,HCAP
186881,3114.6833473349716,3,711.8136,412.3948,750.57666,516.95703,731.1951,516.95703,HCAP
186881,3114.6833473349716,5,555.451,398.21677,595.491,489.84256,575.471,489.84256,HCAP
186881,3114.6833473349716,10,1096.323,344.46017,1127.5428,417.92944,1111.9329,417.92944,LHC
186887,3114.7833473354212,5,546.2371,398.9496,586.1792,492.185,566.2081,492.185,HCAP
186887,3114.7833473354212,1,978.4744,393.88467,1027.4081,460.68448,1002.9413,460.68448,HCAP
186887,3114.7833473354212,6,867.2123,367.21884,906.3956,452.2836,886.80396,452.2836,HCAP
186887,3114.7833473354212,11,1038.404,351.8737,1066.6013,413.76544,1052.5027,413.76544,LHC
186887,3114.7833473354212,3,721.71826,412.9367,758.0517,515.3727,739.885,515.3727,HCAP
186887,3114.7833473354212,10,1100.7483,347.63605,1131.5967,417.86853,1116.1725,417.86853,LHC
186893,3114.8833473358704,5,537.15906,399.89484,575.5486,494.6813,556.3538,494.6813,HCAP
186893,3114.8833473358704,6,866.64294,368.49963,902.4426,448.05536,884.5428,448.05536,HCAP
186893,3114.8833473358704,1,980.52856,400.32788,1013.073,461.8006,996.8008,461.8006,HCAP
186893,3114.8833473358704,3,733.6488,413.50134,770.47766,514.5766,752.06323,514.5766,HCAP
186893,3114.8833473358704,11,1042.4083,347.39716,1071.4283,415.3503,1056.9183,415.3503,LHC
186893,3114.8833473358704,12,212.92575,404.5449,261.46243,487.57864,237.19409,487.57864,HCAP
186893,3114.8833473358704,10,1095.6931,346.11523,1131.3184,418.74622,1113.5057,418.74622,LHC
186899,3114.98334733632,5,527.7664,399.83618,567.209,496.77124,547.4877,496.77124,HCAP
186899,3114.98334733632,6,865.8047,364.79544,901.83545,448.18808,883.82007,448.18808,HCAP
186899,3114.98334733632,1,976.34125,400.67706,1009.29767,467.74823,992.81946,467.74823,HCAP
186899,3114.98334733632,3,743.55396,413.2672,779.7572,515.0645,761.6556,515.0645,HCAP
186899,3114.98334733632,11,1045.4413,349.82867,1074.4161,417.1494,1059.9287,417.1494,LHC
186899,3114.98334733632,12,227.40802,407.11847,272.9135,484.7826,250.16077,484.7826,HCAP
186899,3114.98334733632,10,1097.1133,344.96048,1125.7909,420.02655,1111.4521,420.02655,LHC
186905,3115.0833473367697,5,517.83673,401.94882,557.2433,497.1796,537.54004,497.1796,HCAP
186905,3115.0833473367697,1,970.67725,403.1716,1007.8301,470.9003,989.25366,470.9003,HCAP
186905,3115.0833473367697,6,865.60156,363.5439,901.27466,445.9345,883.4381,445.9345,HCAP
186905,3115.0833473367697,11,1048.0785,350.2657,1078.2986,419.78656,1063.1885,419.78656,LHC
186905,3115.0833473367697,12,235.95396,403.33887,284.61816,484.6789,260.28607,484.6789,HCAP
186905,3115.0833473367697,13,1113.9141,346.43652,1138.9834,422.6958,1126.4487,422.6958,LHC
186905,3115.0833473367697,3,751.35876,414.52725,792.49896,513.6572,771.92883,513.6572,HCAP
186905,3115.0833473367697,10,1102.8132,347.12567,1137.6836,422.793,1120.2484,422.793,LHC
186911,3115.1833473372194,6,866.1189,363.25507,901.27,445.6584,883.69446,445.6584,HCAP
186911,3115.1833473372194,1,965.50507,404.43777,1009.0922,473.8321,987.29865,473.8321,HCAP
186911,3115.1833473372194,5,507.26468,402.6405,548.3845,500.9729,527.8246,500.9729,HCAP
186911,3115.1833473372194,11,1051.6792,347.08054,1082.5653,419.9893,1067.1223,419.9893,LHC
186911,3115.1833473372194,13,1116.115,345.62354,1141.9772,424.5816,1129.0461,424.5816,LHC
186911,3115.1833473372194,10,1100.3772,350.92456,1120.4097,422.5774,1110.3934,422.5774,LHC
186911,3115.1833473372194,3,758.8257,443.92886,802.49396,515.35425,780.6598,515.35425,HCAP
186911,3115.1833473372194,12,246.5217,429.1563,291.77704,483.4875,269.14935,483.4875,HCAP
186917,3115.2833473376686,5,497.8683,402.6211,539.3232,504.61734,518.5957,504.61734,HCAP
186917,3115.2833473376686,6,866.911,363.7127,902.8876,444.8451,884.8993,444.8451,HCAP
186917,3115.2833473376686,1,965.08246,404.7885,1015.3837,478.47235,990.2331,478.47235,HCAP
186917,3115.2833473376686,11,1053.1848,346.65366,1084.7434,421.14075,1068.9641,421.14075,LHC
186917,3115.2833473376686,13,1117.7583,351.7843,1145.6526,427.07037,1131.7054,427.07037,LHC
186917,3115.2833473376686,3,776.03485,413.99167,815.10297,515.7117,795.5689,515.7117,HCAP
186917,3115.2833473376686,14,952.7653,356.09106,975.7403,418.49872,964.2528,418.49872,HCAP
186917,3115.2833473376686,10,1102.3726,354.90796,1123.5874,421.8449,1112.98,421.8449,LHC
186917,3115.2833473376686,12,264.95374,402.29214,303.5504,483.5399,284.25208,483.5399,HCAP
186923,3115.3833473381183,5,488.23596,405.18777,531.3332,503.1653,509.78458,503.1653,HCAP
186923,3115.3833473381183,1,978.2719,405.20956,1018.1303,481.34546,998.2011,481.34546,HCAP
186923,3115.3833473381183,6,870.5438,363.08295,904.20337,443.47815,887.3736,443.47815,HCAP
186923,3115.3833473381183,13,1121.8029,353.54453,1149.5891,426.6688,1135.696,426.6688,LHC
186923,3115.3833473381183,11,1055.7821,346.80878,1087.5465,422.60675,1071.6643,422.60675,LHC
186923,3115.3833473381183,14,941.66583,347.72318,970.8547,418.82648,956.26025,418.82648,HCAP
186923,3115.3833473381183,12,269.64105,405.47516,314.35718,481.20886,291.9991,481.20886,HCAP
186923,3115.3833473381183,3,786.34937,411.57285,822.9807,514.1537,804.66504,514.1537,HCAP
186923,3115.3833473381183,10,1106.1555,360.22787,1127.4012,425.43503,1116.7783,425.43503,LHC
186929,3115.483347338568,1,985.8243,408.6514,1017.4488,484.40213,1001.63654,484.40213,HCAP
186929,3115.483347338568,5,479.2331,408.25873,522.3312,509.6163,500.78214,509.6163,HCAP
186929,3115.483347338568,14,936.3704,354.67596,963.8586,421.39752,950.1145,421.39752,HCAP
186929,3115.483347338568,3,796.1241,411.04898,832.6613,511.26755,814.3927,511.26755,HCAP
186929,3115.483347338568,12,277.29254,403.2397,328.12143,481.80585,302.70697,481.80585,HCAP
186929,3115.483347338568,6,872.6338,362.3827,907.84937,441.59314,890.2416,441.59314,HCAP
186929,3115.483347338568,11,1058.8914,350.58636,1088.8662,423.76923,1073.8788,423.76923,LHC
186929,3115.483347338568,13,1125.7133,353.4929,1151.7317,429.6016,1138.7224,429.6016,LHC
186929,3115.483347338568,10,1109.529,359.27078,1130.4622,425.9219,1119.9956,425.9219,LHC
186935,3115.5833473390176,1,983.1328,412.78363,1020.94867,490.78693,1002.0408,490.78693,HCAP
186935,3115.5833473390176,5,471.17038,409.18042,513.63,511.7636,492.4002,511.7636,HCAP
186935,3115.5833473390176,6,875.97375,360.05267,910.7965,441.04932,893.38513,441.04932,HCAP
186935,3115.5833473390176,14,928.07166,359.2077,957.19385,423.2622,942.63275,423.2622,HCAP
186935,3115.5833473390176,12,292.40295,403.0916,336.17175,479.64014,314.28735,479.64014,HCAP
186935,3115.5833473390176,11,1058.6394,350.30923,1090.4148,425.535,1074.5271,425.535,LHC
186935,3115.5833473390176,3,806.71606,409.3471,842.05164,510.69397,824.38385,510.69397,HCAP
186935,3115.5833473390176,13,1124.8665,349.22415,1155.8164,428.77963,1140.3414,428.77963,LHC
186935,3115.5833473390176,10,1112.3176,354.22147,1134.2437,426.04138,1123.2806,426.04138,LHC
186941,3115.6833473394668,1,977.9738,419.14645,1027.4783,495.00723,1002.7261,495.00723,HCAP
186941,3115.6833473394668,6,880.40955,359.6022,913.31433,441.5886,896.86194,441.5886,HCAP
186941,3115.6833473394668,5,464.0503,408.4736,504.63525,512.2219,484.34277,512.2219,HCAP
186941,3115.6833473394668,3,815.1134,410.5523,852.34937,509.74063,833.7314,509.74063,HCAP
186941,3115.6833473394668,14,921.9148,358.96454,948.6546,422.77972,935.28467,422.77972,HCAP
186941,3115.6833473394668,12,300.0114,401.47437,346.68106,478.97162,323.34625,478.97162,HCAP
186941,3115.6833473394668,11,1061.1887,359.37057,1095.2362,426.83505,1078.2124,426.83505,LHC
186947,3115.7833473399164,1,970.65356,423.7664,1031.5663,500.5913,1001.1099,500.5913,HCAP
186947,3115.7833473399164,5,454.54385,410.90515,498.9083,518.1648,476.72607,518.1648,HCAP
186947,3115.7833473399164,12,308.92462,398.87622,356.78058,477.09283,332.8526,477.09283,HCAP
186947,3115.7833473399164,14,916.65344,362.08575,944.1621,422.1958,930.4078,422.1958,HCAP
186947,3115.7833473399164,11,1064.9324,359.23364,1097.084,430.30347,1081.0082,430.30347,LHC
186947,3115.7833473399164,6,885.2448,360.3282,918.54126,440.00507,901.89307,440.00507,HCAP
186947,3115.7833473399164,3,823.6686,412.54367,862.7682,510.64865,843.2184,510.64865,HCAP
186947,3115.7833473399164,13,1120.2087,357.9951,1158.2957,434.00272,1139.2522,434.00272,LHC
186947,3115.7833473399164,10,1120.3994,359.31638,1144.8295,432.75705,1132.6145,432.75705,LHC
186953,3115.883347340366,1,965.2487,424.3026,1020.1243,503.8971,992.6865,503.8971,HCAP
186953,3115.883347340366,11,1069.4153,357.5722,1098.8984,431.46185,1084.1569,431.46185,LHC
186953,3115.883347340366,5,447.57074,412.3246,489.5017,519.72565,468.53622,519.72565,HCAP
186953,3115.883347340366,12,321.06067,399.7381,366.3037,477.41638,343.6822,477.41638,HCAP
186953,3115.883347340366,6,891.1234,360.71515,918.4512,439.12036,904.7873,439.12036,HCAP
186953,3115.883347340366,14,912.0447,361.0254,940.53625,422.95624,926.29047,422.95624,HCAP
186953,3115.883347340366,13,1142.2878,361.47977,1167.8799,435.4041,1155.0839,435.4041,LHC
186953,3115.883347340366,10,1124.1462,360.8616,1145.1719,435.50912,1134.659,435.50912,LHC
186953,3115.883347340366,3,831.23346,406.65033,870.21735,510.26852,850.7254,510.26852,HCAP
186959,3115.9833473408157,1,959.3397,425.37866,1007.26556,511.57025,983.3026,511.57025,HCAP
186959,3115.9833473408157,5,439.835,414.27264,483.20334,520.5866,461.51917,520.5866,HCAP
186959,3115.9833473408157,11,1069.4387,358.89706,1101.3159,433.84598,1085.3773,433.84598,LHC
186959,3115.9833473408157,12,329.86896,399.61798,375.98096,478.07977,352.92496,478.07977,HCAP
186959,3115.9833473408157,3,816.5524,407.47467,879.2602,509.53125,847.9063,509.53125,HCAP
186959,3115.9833473408157,6,897.8139,358.73547,923.5036,435.81262,910.65875,435.81262,HCAP
186959,3115.9833473408157,13,1139.1235,357.73383,1169.7975,437.4361,1154.4604,437.4361,LHC
186959,3115.9833473408157,10,1128.1036,362.1686,1148.5499,437.20404,1138.3268,437.20404,LHC
186965,3116.083347341265,1,955.0208,426.07306,994.5214,514.6954,974.7711,514.6954,HCAP
186965,3116.083347341265,5,432.73123,417.91766,476.91898,522.81256,454.8251,522.81256,HCAP
186965,3116.083347341265,3,843.5184,405.17633,883.95245,505.2053,863.7354,505.2053,HCAP
186965,3116.083347341265,14,901.5031,359.63278,929.124,431.69614,915.3136,431.69614,HCAP
186965,3116.083347341265,12,340.57117,399.45145,387.1748,478.03867,363.873,478.03867,HCAP
186971,3116.1833473417146,1,949.25964,430.53433,987.71765,519.90466,968.48865,519.90466,HCAP
186971,3116.1833473417146,5,424.59595,417.28033,469.38007,524.7281,446.988,524.7281,HCAP
186971,3116.1833473417146,12,347.73038,399.45813,396.7989,474.37537,372.26465,474.37537,HCAP
186971,3116.1833473417146,6,902.703,355.6247,933.249,434.87604,917.976,434.87604,HCAP
186971,3116.1833473417146,11,1078.1357,362.50232,1107.2214,435.51324,1092.6786,435.51324,LHC
186971,3116.1833473417146,3,845.73694,405.45016,891.3701,504.8323,868.5535,504.8323,HCAP
186971,3116.1833473417146,10,1135.9893,364.15347,1166.803,439.91995,1151.3961,439.91995,LHC
186971,3116.1833473417146,13,1141.9254,362.22626,1178.4799,439.80353,1160.2026,439.80353,LHC
186977,3116.2833473421642,1,946.57654,434.91925,984.7,525.9757,965.6383,525.9757,HCAP
186977,3116.2833473421642,11,1081.3209,364.11694,1112.8389,438.9917,1097.0798,438.9917,LHC
186977,3116.2833473421642,12,355.5484,399.2511,404.13092,475.5343,379.83966,475.5343,HCAP
186977,3116.2833473421642,3,856.41077,409.71924,894.36926,500.7016,875.39,500.7016,HCAP
186977,3116.2833473421642,5,418.71982,419.88354,461.34714,525.5246,440.03348,525.5246,HCAP
186977,3116.2833473421642,14,898.11646,364.40662,917.77124,429.59042,907.94385,429.59042,HCAP
186977,3116.2833473421642,6,912.9622,355.70862,936.31915,431.73462,924.6407,431.73462,HCAP
186977,3116.2833473421642,13,1159.6615,363.70505,1187.072,440.6749,1173.3667,440.6749,LHC
186983,3116.383347342614,1,937.988,436.80844,983.48236,531.33496,960.73517,531.33496,HCAP
186983,3116.383347342614,12,366.63394,400.2107,414.06793,475.21545,390.35095,475.21545,HCAP
186983,3116.383347342614,3,858.644,406.21545,899.18866,499.2953,878.9163,499.2953,HCAP
186983,3116.383347342614,11,1082.3193,367.26953,1116.4265,440.95758,1099.3729,440.95758,LHC
186983,3116.383347342614,6,917.4365,356.82654,943.7676,436.362,930.60205,436.362,HCAP
186983,3116.383347342614,14,895.6212,362.58115,921.6619,431.59314,908.6416,431.59314,HCAP
186983,3116.383347342614,13,1162.2689,365.6207,1189.5161,444.50482,1175.8926,444.50482,LHC
186983,3116.383347342614,10,1141.37,368.92828,1171.5806,444.63672,1156.4753,444.63672,LHC
186989,3116.483347343063,1,937.25024,439.62506,983.2705,537.5052,960.2604,537.5052,HCAP
186989,3116.483347343063,11,1085.551,369.6818,1120.3326,441.3632,1102.9419,441.3632,LHC
186989,3116.483347343063,6,921.6916,356.31857,947.6283,436.47226,934.6599,436.47226,HCAP
186989,3116.483347343063,14,895.0261,362.95175,921.7562,430.90164,908.3912,430.90164,HCAP
186989,3116.483347343063,3,863.4241,409.30267,904.6687,497.13733,884.0464,497.13733,HCAP
186989,3116.483347343063,12,376.74225,399.35513,424.67743,474.46683,400.70984,474.46683,HCAP
186989,3116.483347343063,13,1168.3364,372.5775,1194.551,443.6477,1181.4437,443.6477,LHC
186995,3116.5833473435127,1,939.1111,442.06415,982.33875,543.8644,960.7249,543.8644,HCAP
186995,3116.5833473435127,10,1142.5255,371.3393,1172.9655,447.24542,1157.7455,447.24542,LHC
186995,3116.5833473435127,13,1171.5562,365.63498,1201.3108,447.98172,1186.4335,447.98172,LHC
186995,3116.5833473435127,3,866.6651,407.1117,901.95465,495.23535,884.3099,495.23535,HCAP
186995,3116.5833473435127,11,1090.8242,368.93015,1124.6589,444.02243,1107.7416,444.02243,LHC
186995,3116.5833473435127,14,892.4196,366.1176,923.0654,433.80548,907.74255,433.80548,HCAP
186995,3116.5833473435127,6,927.4332,357.05475,952.7831,436.35425,940.10815,436.35425,HCAP
187001,3116.6833473439624,10,1144.3289,372.76666,1173.9922,447.99573,1159.1605,447.99573,LHC
187001,3116.6833473439624,11,1094.3811,369.15454,1128.8075,446.36865,1111.5942,446.36865,LHC
187001,3116.6833473439624,13,1177.0745,363.7305,1208.7697,450.7014,1192.9221,450.7014,LHC
187001,3116.6833473439624,3,867.0337,402.7607,903.15344,491.82587,885.09357,491.82587,HCAP
187001,3116.6833473439624,14,892.2409,364.96802,920.809,443.98077,906.52496,443.98077,HCAP
187001,3116.6833473439624,6,932.5384,353.70053,957.41437,435.7382,944.9764,435.7382,HCAP
187001,3116.6833473439624,12,395.62198,397.05698,458.19305,440.87173,426.90753,440.87173,HCAP
187007,3116.783347344412,11,1097.4691,368.00903,1129.1218,448.76422,1113.2954,448.76422,LHC
187007,3116.783347344412,10,1143.5487,374.1894,1175.3162,450.20032,1159.4324,450.20032,LHC
187007,3116.783347344412,3,864.6936,402.11746,903.8943,489.8583,884.29395,489.8583,HCAP
187007,3116.783347344412,14,892.7664,365.06772,921.7606,437.42615,907.26355,437.42615,HCAP
187007,3116.783347344412,13,1186.0106,366.00525,1215.4807,450.74335,1200.7456,450.74335,LHC
187007,3116.783347344412,6,936.89374,352.5141,960.9084,435.1725,948.90106,435.1725,HCAP
187013,3116.8833473448612,10,1140.9463,374.51578,1175.265,453.6871,1158.1057,453.6871,LHC
187013,3116.8833473448612,14,893.4005,365.9414,920.8828,442.82144,907.14166,442.82144,HCAP
187013,3116.8833473448612,13,1190.125,366.34918,1223.665,453.69232,1206.895,453.69232,LHC
187013,3116.8833473448612,3,862.55054,396.92395,900.87744,487.12628,881.714,487.12628,HCAP
187013,3116.8833473448612,11,1100.8934,370.25464,1134.2087,452.3141,1117.551,452.3141,LHC
187013,3116.8833473448612,6,942.2252,354.51004,964.7113,436.14633,953.46826,436.14633,HCAP
187013,3116.8833473448612,12,417.39044,397.67822,458.12372,457.60742,437.75708,457.60742,HCAP
187019,3116.983347345311,12,418.77274,397.65344,465.72775,471.97083,442.25024,471.97083,HCAP
187019,3116.983347345311,10,1139.4254,375.90015,1176.8485,455.99634,1158.137,455.99634,LHC
187019,3116.983347345311,13,1196.5632,366.91846,1230.5771,454.69373,1213.5702,454.69373,LHC
187019,3116.983347345311,14,894.5006,366.47766,922.61536,439.71454,908.558,439.71454,HCAP
187019,3116.983347345311,3,859.4884,393.74268,899.45703,486.73645,879.4727,486.73645,HCAP
187019,3116.983347345311,11,1100.8899,366.35294,1133.3058,454.4338,1117.0979,454.4338,LHC
187019,3116.983347345311,6,944.4447,355.1609,969.13635,436.94385,956.7905,436.94385,HCAP
187025,3117.0833473457606,10,1138.4805,377.92905,1179.102,457.88718,1158.7913,457.88718,LHC
187025,3117.0833473457606,13,1202.8671,367.17786,1239.2106,458.11444,1221.0388,458.11444,LHC
187025,3117.0833473457606,3,858.4625,392.96198,897.04724,486.08136,877.7549,486.08136,HCAP
187025,3117.0833473457606,12,430.40363,398.86057,471.79004,472.0967,451.09683,472.0967,HCAP
187025,3117.0833473457606,11,1103.5383,375.96918,1134.1462,456.02097,1118.8423,456.02097,LHC
187025,3117.0833473457606,6,950.6957,358.24402,974.7495,435.91122,962.7226,435.91122,HCAP
187025,3117.0833473457606,14,899.54645,370.68878,925.8426,440.0387,912.6945,440.0387,HCAP
187031,3117.1833473462098,14,902.95184,368.83392,932.4245,442.62653,917.6882,442.62653,HCAP
187031,3117.1833473462098,10,1138.3628,381.09814,1183.1333,460.58038,1160.748,460.58038,LHC
187031,3117.1833473462098,13,1209.8604,367.74344,1247.6115,458.42587,1228.7358,458.42587,LHC
187031,3117.1833473462098,12,437.3832,398.74982,480.54272,472.2005,458.96295,472.2005,HCAP
187031,3117.1833473462098,11,1101.8318,377.04272,1137.3022,460.11273,1119.567,460.11273,LHC
187031,3117.1833473462098,3,855.49695,390.814,893.52264,483.70963,874.50977,483.70963,HCAP
187031,3117.1833473462098,6,955.613,361.38327,977.957,435.42252,966.785,435.42252,HCAP
187037,3117.2833473466594,12,444.71832,397.55,490.34903,470.9815,467.5337,470.9815,HCAP
187037,3117.2833473466594,10,1141.2604,382.60364,1189.3511,464.08228,1165.3057,464.08228,LHC
187037,3117.2833473466594,14,906.8256,370.77698,936.2199,445.0985,921.52277,445.0985,HCAP
187037,3117.2833473466594,13,1217.2643,369.75616,1255.4044,459.74585,1236.3344,459.74585,LHC
187037,3117.2833473466594,3,848.4125,389.09534,887.9679,484.7887,868.1902,484.7887,HCAP
187037,3117.2833473466594,6,959.4285,357.37015,984.2862,432.53503,971.85736,432.53503,HCAP
187037,3117.2833473466594,11,1105.0131,379.74417,1138.9672,461.8741,1121.9901,461.8741,LHC
187043,3117.383347347109,14,911.6752,371.63278,944.74,446.24286,928.2076,446.24286,HCAP
187043,3117.383347347109,13,1222.9182,370.36212,1263.4347,461.8222,1243.1765,461.8222,LHC
187043,3117.383347347109,10,1151.1277,383.23553,1199.8737,465.05804,1175.5007,465.05804,LHC
187043,3117.383347347109,3,846.0716,388.23404,883.9605,484.77805,865.01605,484.77805,HCAP
187043,3117.383347347109,12,452.1578,398.30035,496.9672,470.25842,474.5625,470.25842,HCAP
187043,3117.383347347109,11,1102.5071,353.40097,1141.4915,463.7394,1121.9993,463.7394,LHC
187043,3117.383347347109,6,962.71497,355.42264,989.4103,435.9548,976.0626,435.9548,HCAP
187049,3117.4833473475587,14,917.94836,372.92487,951.48376,446.03156,934.71606,446.03156,HCAP
187049,3117.4833473475587,10,1162.1636,385.83118,1202.8915,467.52386,1182.5276,467.52386,LHC
187049,3117.4833473475587,3,842.41064,388.1531,879.9171,480.77444,861.1639,480.77444,HCAP
187049,3117.4833473475587,12,462.5884,397.41357,504.81335,470.0842,483.70087,470.0842,HCAP
187049,3117.4833473475587,13,1229.1747,369.00616,1270.4294,463.69745,1249.802,463.69745,LHC
187049,3117.4833473475587,11,1104.1886,385.991,1142.7822,464.10077,1123.4854,464.10077,LHC
187049,3117.4833473475587,6,969.3319,358.94556,992.426,434.47058,980.87897,434.47058,HCAP
187055,3117.583347348008,12,469.5185,395.8774,514.6884,469.85495,492.10345,469.85495,HCAP
187055,3117.583347348008,14,922.7097,370.37155,961.8898,447.72995,942.29974,447.72995,HCAP
187055,3117.583347348008,11,1104.4202,386.34146,1146.6455,467.36874,1125.5328,467.36874,LHC
187055,3117.583347348008,10,1164.8077,389.4061,1209.3207,469.33237,1187.0642,469.33237,LHC
187055,3117.583347348008,13,1237.0352,367.8011,1278.2971,466.78778,1257.6661,466.78778,LHC
187055,3117.583347348008,3,838.1585,386.9134,873.6806,480.23584,855.91956,480.23584,HCAP
187055,3117.583347348008,6,974.2141,356.01288,998.5001,436.59448,986.3571,436.59448,HCAP
187061,3117.6833473484576,13,1241.5776,369.2296,1286.7217,467.58563,1264.1497,467.58563,LHC
187061,3117.6833473484576,12,477.0705,396.68164,519.66815,469.5594,498.36932,469.5594,HCAP
187061,3117.6833473484576,14,931.05383,369.24234,970.8727,449.14352,950.96326,449.14352,HCAP
187061,3117.6833473484576,10,1162.9889,392.59836,1212.0469,473.40665,1187.5178,473.40665,LHC
187061,3117.6833473484576,11,1104.8917,386.962,1151.32,470.57217,1128.1058,470.57217,LHC
187061,3117.6833473484576,3,833.3478,383.1861,869.7667,478.97076,851.55725,478.97076,HCAP
187061,3117.6833473484576,6,975.94574,357.96735,1002.403,436.26178,989.1744,436.26178,HCAP
187067,3117.7833473489072,10,1164.7683,391.8685,1217.655,478.2551,1191.2117,478.2551,LHC
187067,3117.7833473489072,14,943.643,371.01315,982.70526,449.07156,963.17413,449.07156,HCAP
187067,3117.7833473489072,13,1247.9863,371.84143,1292.1206,469.71057,1270.0535,469.71057,LHC
187067,3117.7833473489072,12,485.61035,395.5622,528.52,469.0772,507.0652,469.0772,HCAP
187067,3117.7833473489072,11,1108.4045,388.49496,1156.7932,473.7137,1132.5989,473.7137,LHC
187067,3117.7833473489072,3,827.42334,386.41425,861.8955,477.6819,844.6594,477.6819,HCAP
187067,3117.7833473489072,6,978.98346,356.97354,1006.34235,437.08072,992.6629,437.08072,HCAP
187067,3117.7833473489072,15,1062.6349,333.51602,1091.0858,408.78827,1076.8604,408.78827,HCAP
187073,3117.883347349357,10,1168.4156,392.37076,1219.817,481.70737,1194.1163,481.70737,LHC
187073,3117.883347349357,14,957.5162,370.47784,988.16437,449.41617,972.8403,449.41617,HCAP
187073,3117.883347349357,12,493.85916,395.4614,535.4647,468.5007,514.6619,468.5007,HCAP
187073,3117.883347349357,6,983.3692,357.74277,1010.3465,436.6757,996.85785,436.6757,HCAP
187073,3117.883347349357,13,1254.276,376.8936,1297.1912,470.65686,1275.7336,470.65686,LHC
187073,3117.883347349357,3,818.96765,386.77432,855.50195,475.33054,837.2348,475.33054,HCAP
187073,3117.883347349357,11,1112.4259,386.66437,1153.6353,473.80682,1133.0305,473.80682,LHC
187073,3117.883347349357,15,1063.775,333.01843,1091.6938,409.31955,1077.7344,409.31955,HCAP
187079,3117.983347349806,13,1261.018,377.12778,1301.0769,471.9062,1281.0474,471.9062,LHC
187079,3117.983347349806,12,499.78162,394.17398,542.53656,467.7248,521.15906,467.7248,HCAP
187079,3117.983347349806,11,1111.0737,388.4613,1151.5902,476.65057,1131.332,476.65057,LHC
187079,3117.983347349806,10,1171.3354,393.51617,1222.9985,484.20776,1197.167,484.20776,LHC
187079,3117.983347349806,3,815.4091,386.045,847.00323,475.37888,831.2062,475.37888,HCAP
187079,3117.983347349806,14,970.3299,368.6723,999.8597,449.5586,985.0948,449.5586,HCAP
187079,3117.983347349806,6,988.3709,365.20404,1012.2713,438.64526,1000.3211,438.64526,HCAP
187079,3117.983347349806,15,1065.0107,343.8551,1093.04,411.034,1079.0254,411.034,HCAP
187085,3118.0833473502557,13,1266.979,377.53867,1305.1477,474.00284,1286.0634,474.00284,LHC
187085,3118.0833473502557,10,1174.5833,394.64685,1226.0685,486.0272,1200.3259,486.0272,LHC
187085,3118.0833473502557,14,980.2718,367.99554,1013.0561,448.35303,996.66394,448.35303,HCAP
187085,3118.0833473502557,12,509.43933,395.0495,549.89813,465.3002,529.6687,465.3002,HCAP
187085,3118.0833473502557,3,808.18225,388.9123,840.0792,475.05896,824.13074,475.05896,HCAP
187085,3118.0833473502557,11,1109.8304,387.60315,1153.6079,479.68414,1131.7192,479.68414,LHC
187085,3118.0833473502557,16,1141.738,358.2443,1175.1383,435.43863,1158.4382,435.43863,LHC
187085,3118.0833473502557,15,1066.1252,341.64487,1095.8398,412.37604,1080.9825,412.37604,HCAP
187091,3118.1833473507054,12,515.2018,395.16028,557.93567,465.258,536.5687,465.258,HCAP
187091,3118.1833473507054,13,1273.0037,379.40106,1308.3606,475.86554,1290.6821,475.86554,LHC
187091,3118.1833473507054,10,1179.5645,397.08722,1231.2932,489.50507,1205.4288,489.50507,LHC
187091,3118.1833473507054,6,990.80493,368.65057,1023.6185,449.64282,1007.21173,449.64282,HCAP
187091,3118.1833473507054,11,1112.4247,388.04727,1151.0134,481.72568,1131.719,481.72568,LHC
187091,3118.1833473507054,16,1145.8262,358.13617,1180.8174,436.9431,1163.3218,436.9431,LHC
187091,3118.1833473507054,3,799.90344,387.6415,832.64856,475.07364,816.276,475.07364,HCAP
187091,3118.1833473507054,15,1065.8442,341.79697,1097.96,412.4947,1081.9021,412.4947,HCAP
187097,3118.283347351155,12,523.35486,394.40826,564.6802,465.80768,544.0175,465.80768,HCAP
187097,3118.283347351155,10,1185.1873,397.95642,1235.5889,492.51154,1210.3881,492.51154,LHC
187097,3118.283347351155,6,1000.0083,367.2844,1032.9279,449.92813,1016.4681,449.92813,HCAP
187097,3118.283347351155,11,1115.2383,391.0263,1151.948,484.78107,1133.5931,484.78107,LHC
187097,3118.283347351155,13,1277.1802,379.3114,1316.2294,479.42175,1296.7048,479.42175,LHC
187097,3118.283347351155,16,1151.3972,359.90613,1187.4207,441.1618,1169.4089,441.1618,LHC
187097,3118.283347351155,15,1066.3062,346.60394,1097.2815,413.43796,1081.7938,413.43796,HCAP
187097,3118.283347351155,3,792.05444,385.76007,823.8356,474.93286,807.945,474.93286,HCAP
187103,3118.3833473516042,10,1186.3145,399.02554,1239.1023,497.23636,1212.7084,497.23636,LHC
187103,3118.3833473516042,6,1006.6228,367.38043,1039.8411,451.16656,1023.23193,451.16656,HCAP
187103,3118.3833473516042,12,530.64795,393.92065,572.24426,465.609,551.4461,465.609,HCAP
187103,3118.3833473516042,11,1115.0138,394.4256,1150.9119,485.65234,1132.9629,485.65234,LHC
187103,3118.3833473516042,16,1155.8545,358.83655,1190.8894,442.2149,1173.372,442.2149,LHC
187103,3118.3833473516042,13,1283.2329,383.32086,1321.4674,480.00064,1302.3501,480.00064,LHC
187103,3118.3833473516042,15,1068.281,348.659,1097.7695,415.00232,1083.0253,415.00232,HCAP
187103,3118.3833473516042,3,785.64185,386.9229,821.75665,474.24976,803.6992,474.24976,HCAP
187109,3118.483347352054,10,1190.3973,399.97504,1238.9801,499.72192,1214.6887,499.72192,LHC
187109,3118.483347352054,11,1114.5011,392.58362,1150.7632,486.73022,1132.6321,486.73022,LHC
187109,3118.483347352054,13,1285.3905,383.99255,1322.4456,481.271,1303.918,481.271,LHC
187109,3118.483347352054,12,536.74646,395.0896,578.8748,467.48914,557.81067,467.48914,HCAP
187109,3118.483347352054,15,1068.4854,353.9511,1095.8318,415.47894,1082.1586,415.47894,HCAP
187109,3118.483347352054,16,1161.0916,362.16028,1196.6228,443.43274,1178.8572,443.43274,LHC
187109,3118.483347352054,6,1019.0896,368.71252,1051.0986,450.6187,1035.0941,450.6187,HCAP
187109,3118.483347352054,3,776.3835,389.6858,807.69507,473.68195,792.0393,473.68195,HCAP
187109,3118.483347352054,14,1008.21405,369.1621,1028.9595,449.23053,1018.5868,449.23053,HCAP
187115,3118.5833473525036,12,544.0414,393.26587,585.87866,468.0562,564.96,468.0562,HCAP
187115,3118.5833473525036,10,1193.3009,402.0064,1237.0104,502.79224,1215.1556,502.79224,LHC
187115,3118.5833473525036,13,1286.6019,380.3034,1323.78,482.88654,1305.1909,482.88654,LHC
187115,3118.5833473525036,11,1112.823,392.5974,1148.689,490.2362,1130.756,490.2362,LHC
187115,3118.5833473525036,16,1160.9158,361.78955,1201.179,444.32422,1181.0474,444.32422,LHC
187115,3118.5833473525036,6,1030.0892,371.62518,1056.2305,449.90662,1043.1599,449.90662,HCAP
187115,3118.5833473525036,15,1063.6033,349.8947,1093.408,417.17163,1078.5056,417.17163,HCAP
187115,3118.5833473525036,3,769.6,391.03534,797.7202,474.53857,783.6601,474.53857,HCAP
187115,3118.5833473525036,14,1010.12805,367.68906,1038.8884,441.73087,1024.5083,441.73087,HCAP
187121,3118.683347352953,10,1198.5757,404.9327,1236.1763,505.6734,1217.376,505.6734,LHC
187121,3118.683347352953,16,1166.3325,366.0521,1206.8843,445.19376,1186.6084,445.19376,LHC
187121,3118.683347352953,12,550.648,395.34192,591.68805,468.3578,571.168,468.3578,HCAP
187121,3118.683347352953,13,1290.5314,381.6739,1327.006,482.2171,1308.7687,482.2171,LHC
187121,3118.683347352953,11,1111.7256,394.0502,1144.4572,492.0053,1128.0913,492.0053,LHC
187121,3118.683347352953,6,1037.8,369.7812,1069.0287,454.6076,1053.4143,454.6076,HCAP
187121,3118.683347352953,14,1012.4218,365.9263,1038.2339,440.27463,1025.3279,440.27463,HCAP
187121,3118.683347352953,15,1059.5374,346.0306,1092.0867,420.24527,1075.812,420.24527,HCAP
187121,3118.683347352953,3,755.6537,389.36926,789.7985,474.3073,772.7261,474.3073,HCAP
187127,3118.7833473534024,16,1169.5144,365.7606,1210.7439,449.55972,1190.1292,449.55972,LHC
187127,3118.7833473534024,12,558.4486,395.4634,599.9456,466.58945,579.19714,466.58945,HCAP
187127,3118.7833473534024,10,1200.1702,406.09412,1237.6454,511.10077,1218.9077,511.10077,LHC
187127,3118.7833473534024,11,1109.9043,395.33322,1142.6031,492.78397,1126.2537,492.78397,LHC
187127,3118.7833473534024,13,1296.6061,383.767,1329.732,482.25156,1313.1691,482.25156,LHC
187127,3118.7833473534024,3,751.7251,388.57587,783.5499,477.60303,767.6375,477.60303,HCAP
187127,3118.7833473534024,6,1050.1873,369.26596,1085.7836,452.80646,1067.9854,452.80646,HCAP
187127,3118.7833473534024,14,1015.3808,367.26443,1041.3074,438.91708,1028.3441,438.91708,HCAP
187133,3118.883347353852,12,563.8964,394.03152,606.4346,466.04324,585.1655,466.04324,HCAP
187133,3118.883347353852,16,1175.3218,367.39462,1214.0522,452.25357,1194.687,452.25357,LHC
187133,3118.883347353852,3,746.6554,387.42566,776.4545,477.97565,761.55493,477.97565,HCAP
187133,3118.883347353852,10,1203.8745,408.91928,1240.1943,514.33704,1222.0344,514.33704,LHC
187133,3118.883347353852,11,1108.9792,397.7416,1141.4285,493.9237,1125.2039,493.9237,LHC
187133,3118.883347353852,13,1298.9006,384.09238,1333.5806,483.88284,1316.2406,483.88284,LHC
187133,3118.883347353852,6,1055.0449,378.31796,1092.9895,456.3685,1074.0172,456.3685,HCAP
187133,3118.883347353852,14,1019.9416,366.2884,1044.0955,438.6513,1032.0186,438.6513,HCAP
187139,3118.9833473543017,12,571.2669,394.2473,612.05896,465.55573,591.66296,465.55573,HCAP
187139,3118.9833473543017,10,1206.0642,412.2139,1242.072,518.10754,1224.0681,518.10754,LHC
187139,3118.9833473543017,3,738.38696,388.0167,770.10815,478.81467,754.24756,478.81467,HCAP
187139,3118.9833473543017,16,1177.6532,367.039,1218.9977,456.17072,1198.3254,456.17072,LHC
187139,3118.9833473543017,13,1290.0405,383.57584,1334.6436,483.42654,1312.342,483.42654,LHC
187139,3118.9833473543017,11,1105.2672,396.25003,1140.9955,495.9885,1123.1313,495.9885,LHC
187139,3118.9833473543017,6,1066.1614,373.98477,1098.8313,453.28317,1082.4963,453.28317,HCAP
187139,3118.9833473543017,14,1022.5178,366.12976,1046.1466,439.74548,1034.3323,439.74548,HCAP
187145,3119.0833473547514,3,731.14087,388.57068,765.31165,482.12732,748.22626,482.12732,HCAP
187145,3119.0833473547514,10,1208.1726,413.88712,1243.7224,523.0138,1225.9475,523.0138,LHC
187145,3119.0833473547514,13,1296.3643,383.31802,1336.0625,483.19995,1316.2134,483.19995,LHC
187145,3119.0833473547514,16,1181.4475,367.62845,1222.2563,453.3369,1201.8519,453.3369,LHC
187145,3119.0833473547514,12,578.06104,394.85614,619.49835,465.57898,598.77966,465.57898,HCAP
187145,3119.0833473547514,6,1074.1036,373.54312,1108.8109,457.86758,1091.4573,457.86758,HCAP
187145,3119.0833473547514,11,1103.7549,397.8945,1138.1665,496.30573,1120.9607,496.30573,LHC
187145,3119.0833473547514,14,1030.4707,354.958,1066.3254,421.79132,1048.3981,421.79132,HCAP
187151,3119.1833473552006,3,724.2775,390.39175,759.08386,482.1872,741.68066,482.1872,HCAP
187151,3119.1833473552006,10,1210.1948,416.28168,1246.334,526.2457,1228.2644,526.2457,LHC
187151,3119.1833473552006,13,1295.2659,383.0374,1337.6294,483.5852,1316.4476,483.5852,LHC
187151,3119.1833473552006,12,584.3846,394.7851,625.1239,465.37125,604.7543,465.37125,HCAP
187151,3119.1833473552006,16,1184.3269,368.67798,1225.5054,456.81293,1204.9161,456.81293,LHC
187151,3119.1833473552006,14,1027.8395,347.86053,1058.9839,440.93927,1043.4116,440.93927,HCAP
187151,3119.1833473552006,11,1100.1982,393.866,1137.8038,497.72983,1119.001,497.72983,LHC
187151,3119.1833473552006,6,1081.6355,375.11993,1112.124,457.74792,1096.8798,457.74792,HCAP
187157,3119.28334735565,13,1299.6249,381.354,1343.7091,484.33527,1321.667,484.33527,LHC
187157,3119.28334735565,12,590.2573,394.19193,632.53125,465.45676,611.3943,465.45676,HCAP
187157,3119.28334735565,3,716.8303,390.23135,756.31506,483.3196,736.5727,483.3196,HCAP
187157,3119.28334735565,10,1210.4078,418.5814,1247.5299,530.35376,1228.9689,530.35376,LHC
187157,3119.28334735565,16,1187.1206,367.56616,1229.2383,458.61743,1208.1794,458.61743,LHC
187157,3119.28334735565,14,1026.095,352.10284,1059.2781,442.80707,1042.6865,442.80707,HCAP
187157,3119.28334735565,11,1094.3887,398.9029,1137.429,497.57806,1115.9088,497.57806,LHC
187157,3119.28334735565,6,1087.4849,375.10538,1115.5967,455.53043,1101.5408,455.53043,HCAP
187163,3119.3833473561,3,712.85486,391.35754,752.98425,484.30344,732.91956,484.30344,HCAP
187163,3119.3833473561,12,596.51013,394.37778,638.92175,466.03207,617.71594,466.03207,HCAP
187163,3119.3833473561,13,1300.6621,379.9963,1347.9116,484.02017,1324.2869,484.02017,LHC
187163,3119.3833473561,11,1093.0704,388.75,1137.6401,498.41388,1115.3552,498.41388,LHC
187163,3119.3833473561,16,1188.2611,369.62164,1234.4719,463.70874,1211.3665,463.70874,LHC
187163,3119.3833473561,14,1024.2649,354.17932,1060.0433,443.24554,1042.154,443.24554,HCAP
187163,3119.3833473561,10,1207.8927,421.72476,1251.5891,534.8087,1229.741,534.8087,LHC
187169,3119.4833473565495,10,1203.445,423.69458,1249.873,539.4207,1226.6589,539.4207,LHC
187169,3119.4833473565495,3,706.9286,392.27588,748.34863,485.8011,727.6386,485.8011,HCAP
187169,3119.4833473565495,13,1301.7712,376.9715,1348.2014,483.83185,1324.9863,483.83185,LHC
187169,3119.4833473565495,12,602.1581,394.16226,644.171,465.2764,623.16455,465.2764,HCAP
187169,3119.4833473565495,16,1193.4177,369.6568,1237.4015,461.55176,1215.4097,461.55176,LHC
187169,3119.4833473565495,11,1094.6158,389.66504,1137.895,499.71674,1116.2554,499.71674,LHC
187169,3119.4833473565495,14,1023.2635,356.77356,1060.4585,443.66998,1041.861,443.66998,HCAP
187175,3119.5833473569987,3,704.1891,392.20477,749.7903,487.57617,726.9897,487.57617,HCAP
187175,3119.5833473569987,13,1302.0796,376.84213,1348.9319,481.8174,1325.5057,481.8174,LHC
187175,3119.5833473569987,12,608.5383,394.36295,651.15656,464.238,629.8474,464.238,HCAP
187175,3119.5833473569987,10,1205.5804,438.16324,1250.2941,544.8379,1227.9373,544.8379,LHC
187175,3119.5833473569987,16,1194.5361,371.04596,1240.879,463.29468,1217.7075,463.29468,LHC
187175,3119.5833473569987,11,1096.2026,392.63428,1137.7332,499.06537,1116.9679,499.06537,LHC
187175,3119.5833473569987,14,1025.5309,359.81003,1060.3647,445.41907,1042.9478,445.41907,HCAP
187181,3119.6833473574484,3,697.87476,392.35486,747.37445,488.28558,722.62463,488.28558,HCAP
187181,3119.6833473574484,12,614.3892,393.40466,656.59985,464.23883,635.4945,464.23883,HCAP
187181,3119.6833473574484,11,1098.3574,387.13965,1137.6581,499.7821,1118.0078,499.7821,LHC
187181,3119.6833473574484,13,1303.7051,376.3949,1348.4043,482.03677,1326.0547,482.03677,LHC
187181,3119.6833473574484,16,1198.3506,374.9176,1245.1454,465.32025,1221.748,465.32025,LHC
187181,3119.6833473574484,14,1033.0286,363.92734,1061.002,443.06003,1047.0153,443.06003,HCAP
187187,3119.783347357898,3,693.8959,394.3004,747.5553,490.2343,720.7256,490.2343,HCAP
187187,3119.783347357898,12,619.69824,394.12015,660.7928,464.50406,640.2455,464.50406,HCAP
187187,3119.783347357898,14,1032.4324,365.4917,1064.1252,445.1305,1048.2788,445.1305,HCAP
187187,3119.783347357898,17,405.76648,432.7282,457.8641,522.6268,431.8153,522.6268,HCAP
187187,3119.783347357898,13,1306.0054,375.6829,1348.3545,482.14554,1327.1799,482.14554,LHC
187187,3119.783347357898,11,1099.6631,395.45856,1137.7063,500.22455,1118.6847,500.22455,LHC
187187,3119.783347357898,16,1204.6477,377.15723,1249.3269,464.3686,1226.9873,464.3686,LHC
187193,3119.8833473583472,3,695.2118,395.95105,747.06616,491.08313,721.139,491.08313,HCAP
187193,3119.8833473583472,12,625.95544,394.31067,667.3248,463.12802,646.64014,463.12802,HCAP
187193,3119.8833473583472,17,416.25357,434.48337,465.90317,523.07465,441.07837,523.07465,HCAP
187193,3119.8833473583472,11,1097.2009,390.66183,1137.7225,500.03055,1117.4617,500.03055,LHC
187193,3119.8833473583472,14,1032.6895,365.3854,1064.8882,444.43405,1048.7888,444.43405,HCAP
187193,3119.8833473583472,16,1209.3491,379.54102,1253.0862,466.42932,1231.2177,466.42932,LHC
187193,3119.8833473583472,18,1012.3321,362.64285,1038.4061,433.05862,1025.3691,433.05862,HCAP
187193,3119.8833473583472,13,1306.3938,375.5528,1348.4475,478.37842,1327.4207,478.37842,LHC
187199,3119.983347358797,16,1214.8196,380.80508,1257.9263,471.77252,1236.3729,471.77252,LHC
187199,3119.983347358797,12,631.92773,395.04254,673.8766,464.62106,652.90216,464.62106,HCAP
187199,3119.983347358797,3,696.2987,397.44058,746.0189,491.6336,721.1588,491.6336,HCAP
187199,3119.983347358797,14,1032.977,365.5999,1061.8594,446.02332,1047.4182,446.02332,HCAP
187199,3119.983347358797,17,426.3885,433.4558,477.50726,524.77014,451.94788,524.77014,HCAP
187199,3119.983347358797,13,1306.0027,375.24628,1348.2872,478.29236,1327.145,478.29236,LHC
187199,3119.983347358797,18,1010.26263,364.64246,1034.9719,433.7915,1022.6173,433.7915,HCAP
187199,3119.983347358797,11,1101.5419,403.29208,1137.6051,500.42313,1119.5735,500.42313,LHC
187205,3120.0833473592465,16,1218.2937,381.49612,1262.246,473.6476,1240.2698,473.6476,LHC
187205,3120.0833473592465,14,1032.4016,366.83075,1062.0676,447.58484,1047.2346,447.58484,HCAP
187205,3120.0833473592465,12,637.286,394.90594,679.1322,464.28406,658.2091,464.28406,HCAP
187205,3120.0833473592465,17,434.50568,432.39066,488.15814,526.1615,461.3319,526.1615,HCAP
187205,3120.0833473592465,13,1306.5209,375.22403,1347.5164,478.76175,1327.0186,478.76175,LHC
187205,3120.0833473592465,18,1007.0799,361.52682,1035.6956,436.08627,1021.3877,436.08627,HCAP
187205,3120.0833473592465,3,696.16455,398.13766,746.4575,494.4028,721.31104,494.4028,HCAP
187205,3120.0833473592465,11,1102.9009,392.6424,1137.8242,500.55835,1120.3625,500.55835,LHC
187211,3120.183347359696,16,1222.26,383.65424,1266.2339,474.45142,1244.247,474.45142,LHC
187211,3120.183347359696,12,642.87646,393.01776,685.57605,463.6388,664.22626,463.6388,HCAP
187211,3120.183347359696,3,708.36523,399.94492,747.5718,495.1387,727.9685,495.1387,HCAP
187211,3120.183347359696,17,444.40015,431.79016,496.4497,525.8789,470.42493,525.8789,HCAP
187211,3120.183347359696,14,1033.0145,366.4134,1060.7863,447.02557,1046.9004,447.02557,HCAP
187211,3120.183347359696,11,1103.4631,381.5104,1138.054,500.38852,1120.7585,500.38852,LHC
187211,3120.183347359696,18,1006.30536,360.44522,1034.7168,435.91965,1020.5111,435.91965,HCAP
187211,3120.183347359696,13,1306.1791,375.49243,1347.2971,478.47278,1326.738,478.47278,LHC
187217,3120.2833473601454,16,1225.1027,384.70367,1272.2405,477.65945,1248.6716,477.65945,LHC
187217,3120.2833473601454,14,1031.1633,366.4984,1061.8314,448.79407,1046.4973,448.79407,HCAP
187217,3120.2833473601454,11,1102.9001,376.2343,1138.5144,499.618,1120.7073,499.618,LHC
187217,3120.2833473601454,3,710.08264,401.6825,751.26025,496.22397,730.67145,496.22397,HCAP
187217,3120.2833473601454,12,648.1961,393.235,690.412,462.80463,669.3041,462.80463,HCAP
187217,3120.2833473601454,13,1306.0128,375.46045,1346.642,477.81897,1326.3274,477.81897,LHC
187217,3120.2833473601454,17,454.0954,430.86798,505.28802,526.0311,479.6917,526.0311,HCAP
187217,3120.2833473601454,18,1004.5199,363.5084,1032.4146,438.53366,1018.4672,438.53366,HCAP
187223,3120.383347360595,16,1229.066,385.62936,1275.6366,480.10867,1252.3513,480.10867,LHC
187223,3120.383347360595,14,1030.5084,366.18503,1062.4746,450.16763,1046.4915,450.16763,HCAP
187223,3120.383347360595,17,463.52573,428.5764,512.37427,524.8079,487.95,524.8079,HCAP
187223,3120.383347360595,3,716.30206,402.5949,754.56934,497.0537,735.43567,497.0537,HCAP
187223,3120.383347360595,11,1102.1462,381.1321,1138.3799,499.13535,1120.2631,499.13535,LHC
187223,3120.383347360595,18,1003.2266,364.163,1032.0657,439.15366,1017.6461,439.15366,HCAP
187223,3120.383347360595,13,1306.7054,375.85538,1346.3767,477.6893,1326.541,477.6893,LHC
187223,3120.383347360595,12,653.9109,394.28494,695.58044,462.3088,674.74567,462.3088,HCAP
187229,3120.4833473610447,3,721.7903,401.2304,760.49347,497.64084,741.14185,497.64084,HCAP
187229,3120.4833473610447,16,1232.2402,388.1672,1281.2778,482.30832,1256.759,482.30832,LHC
187229,3120.4833473610447,14,1027.6936,365.85645,1060.9568,450.35825,1044.3252,450.35825,HCAP
187229,3120.4833473610447,17,474.20078,426.14685,521.45374,525.1271,497.82727,525.1271,HCAP
187229,3120.4833473610447,12,657.6627,393.23575,700.2206,462.77216,678.94165,462.77216,HCAP
187229,3120.4833473610447,13,1306.7186,375.8398,1345.8073,477.30826,1326.263,477.30826,LHC
187229,3120.4833473610447,18,1002.6089,364.28696,1028.4224,441.99692,1015.5156,441.99692,HCAP
187229,3120.4833473610447,11,1102.5853,399.02664,1138.0924,500.02377,1120.3389,500.02377,LHC
187235,3120.5833473614944,3,726.6311,400.10843,765.9517,499.11438,746.2914,499.11438,HCAP
187235,3120.5833473614944,16,1238.8193,387.51627,1285.9762,482.6249,1262.3977,482.6249,LHC
187235,3120.5833473614944,12,663.57764,392.6119,705.74426,461.85947,684.66095,461.85947,HCAP
187235,3120.5833473614944,17,484.1596,424.25134,528.7053,523.6811,506.43246,523.6811,HCAP
187235,3120.5833473614944,14,1028.4412,367.0969,1059.0758,449.04282,1043.7585,449.04282,HCAP
187235,3120.5833473614944,18,998.537,364.2226,1024.48,442.79242,1011.5085,442.79242,HCAP
187235,3120.5833473614944,13,1306.388,375.73682,1344.7167,477.04797,1325.5522,477.04797,LHC
187235,3120.5833473614944,11,1097.8882,373.5901,1139.0769,498.89612,1118.4825,498.89612,LHC
187241,3120.6833473619436,16,1241.7562,389.95358,1291.2831,485.11386,1266.5197,485.11386,LHC
187241,3120.6833473619436,3,732.97174,401.9893,771.4993,499.65024,752.23553,499.65024,HCAP
187241,3120.6833473619436,12,668.9749,394.99237,709.50494,463.0609,689.2399,463.0609,HCAP
187241,3120.6833473619436,17,493.19266,421.96188,538.104,524.6859,515.6483,524.6859,HCAP
187241,3120.6833473619436,14,1026.8843,369.03998,1056.9597,449.68732,1041.922,449.68732,HCAP
187241,3120.6833473619436,18,995.48254,363.54208,1024.0792,444.56625,1009.7809,444.56625,HCAP
187241,3120.6833473619436,13,1305.9498,377.95496,1344.0596,476.90268,1325.0046,476.90268,LHC
187241,3120.6833473619436,11,1104.8943,403.74225,1140.6533,500.22528,1122.7738,500.22528,LHC
187247,3120.783347362393,16,1246.5802,389.9508,1296.7258,486.48645,1271.6531,486.48645,LHC
187247,3120.783347362393,3,738.3495,403.2279,777.04224,497.85297,757.69586,497.85297,HCAP
187247,3120.783347362393,17,503.77655,419.17218,546.35425,524.9861,525.0654,524.9861,HCAP
187247,3120.783347362393,14,1026.415,368.41003,1056.7554,449.77478,1041.5852,449.77478,HCAP
187247,3120.783347362393,12,674.43427,394.8825,714.40204,464.98004,694.41815,464.98004,HCAP
187247,3120.783347362393,18,991.76404,365.59186,1022.26025,446.37415,1007.01215,446.37415,HCAP
187247,3120.783347362393,13,1305.5673,388.0974,1343.5715,476.44806,1324.5693,476.44806,LHC
187247,3120.783347362393,11,1106.7704,402.0424,1137.4724,499.36972,1122.1213,499.36972,LHC
187253,3120.883347362843,16,1250.3406,392.45612,1300.2366,489.64062,1275.2886,489.64062,LHC
187253,3120.883347362843,3,745.48517,402.9039,784.1636,498.4716,764.82434,498.4716,HCAP
187253,3120.883347362843,18,989.5882,367.3719,1019.0909,447.73346,1004.33954,447.73346,HCAP
187253,3120.883347362843,12,679.09143,394.03516,720.3777,463.2721,699.73456,463.2721,HCAP
187253,3120.883347362843,17,512.38574,419.65182,556.2267,527.04224,534.3062,527.04224,HCAP
187253,3120.883347362843,14,1023.44714,366.53296,1055.4001,451.3236,1039.4236,451.3236,HCAP
187253,3120.883347362843,11,1104.784,399.9344,1138.6388,499.8228,1121.7114,499.8228,LHC
187253,3120.883347362843,13,1304.0293,387.6166,1343.569,478.08334,1323.7991,478.08334,LHC
187259,3120.9833473632925,16,1253.9648,392.7097,1303.7554,491.96008,1278.8601,491.96008,LHC
187259,3120.9833473632925,18,986.015,367.94394,1017.31433,449.33112,1001.6647,449.33112,HCAP
187259,3120.9833473632925,12,683.7594,393.957,725.5838,464.2924,704.67163,464.2924,HCAP
187259,3120.9833473632925,14,1022.92896,368.6445,1054.9406,451.9661,1038.9348,451.9661,HCAP
187259,3120.9833473632925,13,1304.279,388.7861,1343.895,477.66275,1324.087,477.66275,LHC
187259,3120.9833473632925,11,1101.3234,402.39838,1137.533,499.64734,1119.4282,499.64734,LHC
187259,3120.9833473632925,17,521.47284,418.5526,567.17377,527.06586,544.3233,527.06586,HCAP
187259,3120.9833473632925,3,753.3359,402.42645,788.76306,497.26263,771.04944,497.26263,HCAP
187265,3121.0833473637417,16,1257.907,395.44382,1309.4158,493.77173,1283.6614,493.77173,LHC
187265,3121.0833473637417,12,688.4863,391.37778,728.57214,464.84125,708.52924,464.84125,HCAP
187265,3121.0833473637417,18,982.8308,366.92523,1013.14844,450.58887,997.9896,450.58887,HCAP
187265,3121.0833473637417,14,1020.18286,368.0831,1056.0098,453.0369,1038.0963,453.0369,HCAP
187265,3121.0833473637417,17,530.8658,420.07114,578.0733,528.942,554.46954,528.942,HCAP
187265,3121.0833473637417,13,1308.5054,387.22513,1341.9811,477.67886,1325.2432,477.67886,LHC
187265,3121.0833473637417,11,1097.7659,400.28912,1136.6117,498.7528,1117.1887,498.7528,LHC
187265,3121.0833473637417,3,760.99164,402.97256,794.558,498.44247,777.7748,498.44247,HCAP
187271,3121.1833473641914,18,979.69727,369.3141,1010.44495,452.78992,995.0711,452.78992,HCAP
187271,3121.1833473641914,16,1261.4978,396.8921,1314.5974,498.43964,1288.0476,498.43964,LHC
187271,3121.1833473641914,12,692.8816,392.261,734.6098,464.49188,713.7457,464.49188,HCAP
187271,3121.1833473641914,14,1019.0711,369.07462,1053.3928,452.5382,1036.2319,452.5382,HCAP
187271,3121.1833473641914,17,539.8328,419.55322,583.19916,526.4077,561.516,526.4077,HCAP
187271,3121.1833473641914,13,1309.8528,391.21637,1340.4291,476.52805,1325.1409,476.52805,LHC
187271,3121.1833473641914,3,766.4818,403.60858,800.7361,498.10263,783.60895,498.10263,HCAP
187271,3121.1833473641914,11,1100.7244,402.6306,1135.7129,497.65942,1118.2186,497.65942,LHC
187277,3121.283347364641,16,1266.5831,399.22046,1316.8763,500.8753,1291.7297,500.8753,LHC
187277,3121.283347364641,17,548.8047,420.89307,589.1388,529.53876,568.97174,529.53876,HCAP
187277,3121.283347364641,18,976.51337,369.49207,1008.01776,453.24365,992.26556,453.24365,HCAP
187277,3121.283347364641,12,699.3546,391.94247,736.6848,463.09662,718.0197,463.09662,HCAP
187277,3121.283347364641,14,1017.01965,369.7282,1052.5739,453.4803,1034.7968,453.4803,HCAP
187277,3121.283347364641,13,1309.3818,388.25327,1340.2876,476.29495,1324.8347,476.29495,LHC
187277,3121.283347364641,11,1087.916,390.53314,1136.3589,497.90594,1112.1375,497.90594,LHC
187277,3121.283347364641,3,772.0347,403.00827,805.8988,498.0986,788.9668,498.0986,HCAP
187283,3121.3833473650907,18,974.24475,370.18076,1005.421,455.3951,989.8329,455.3951,HCAP
187283,3121.3833473650907,12,703.01917,392.0774,741.9364,462.42676,722.4778,462.42676,HCAP
187283,3121.3833473650907,16,1272.0813,401.61353,1317.4995,503.35187,1294.7904,503.35187,LHC
187283,3121.3833473650907,17,557.46313,420.95828,595.93176,531.3262,576.69745,531.3262,HCAP
187283,3121.3833473650907,14,1015.85596,369.38965,1050.6918,453.33234,1033.2739,453.33234,HCAP
187283,3121.3833473650907,11,1089.0992,395.79785,1135.7798,497.79987,1112.4395,497.79987,LHC
187283,3121.3833473650907,13,1310.0153,392.61603,1339.1455,476.35986,1324.5803,476.35986,LHC
187283,3121.3833473650907,3,781.7545,401.7474,811.7723,498.06033,796.7634,498.06033,HCAP
187289,3121.48334736554,12,706.97363,390.9191,746.7881,463.9672,726.88086,463.9672,HCAP
187289,3121.48334736554,16,1276.0996,403.913,1323.5183,504.5309,1299.809,504.5309,LHC
187289,3121.48334736554,18,971.068,371.6706,1002.51306,456.31897,986.7905,456.31897,HCAP
187289,3121.48334736554,17,564.9058,421.8674,603.55426,532.49133,584.23004,532.49133,HCAP
187289,3121.48334736554,14,1013.3954,370.78226,1048.0895,453.9669,1030.7424,453.9669,HCAP
187289,3121.48334736554,11,1087.6938,395.1241,1136.23,498.1768,1111.9619,498.1768,LHC
187289,3121.48334736554,3,787.3193,404.13904,817.77045,498.16022,802.54486,498.16022,HCAP
187289,3121.48334736554,13,1313.1301,376.15033,1338.5936,474.94653,1325.8618,474.94653,LHC
187295,3121.5833473659895,12,711.73755,390.78763,750.49146,465.69113,731.1145,465.69113,HCAP
187295,3121.5833473659895,18,967.5121,371.6195,999.4387,458.45828,983.4754,458.45828,HCAP
187295,3121.5833473659895,14,1012.4608,369.97455,1046.2258,455.8662,1029.3433,455.8662,HCAP
187295,3121.5833473659895,17,572.48816,422.1926,610.167,531.59937,591.3276,531.59937,HCAP
187295,3121.5833473659895,11,1089.3402,396.2555,1136.7429,498.4218,1113.0415,498.4218,LHC
187295,3121.5833473659895,3,794.202,402.51782,824.33936,498.5202,809.2707,498.5202,HCAP
187295,3121.5833473659895,16,1280.1061,405.43826,1331.5942,506.61612,1305.8501,506.61612,LHC
187301,3121.683347366439,16,1282.7546,407.70306,1336.3728,510.0658,1309.5637,510.0658,LHC
187301,3121.683347366439,18,964.2878,370.33557,995.4049,459.0381,979.8463,459.0381,HCAP
187301,3121.683347366439,12,716.2132,391.8264,753.9535,465.32657,735.0834,465.32657,HCAP
187301,3121.683347366439,14,1009.70557,370.3602,1046.296,456.51352,1028.0007,456.51352,HCAP
187301,3121.683347366439,11,1089.8789,396.49164,1140.227,497.55212,1115.053,497.55212,LHC
187301,3121.683347366439,3,802.67834,402.24536,849.39056,500.2881,826.0344,500.2881,HCAP
187301,3121.683347366439,17,582.41547,422.1073,620.4309,519.0843,601.4232,519.0843,HCAP
187307,3121.783347366889,18,961.5033,371.63168,991.2299,461.59946,976.3666,461.59946,HCAP
187307,3121.783347366889,12,720.9011,391.74838,758.5759,465.79587,739.7385,465.79587,HCAP
187307,3121.783347366889,16,1286.3328,410.43787,1342.6263,513.89905,1314.4795,513.89905,LHC
187307,3121.783347366889,17,590.3157,422.75226,629.74524,529.70123,610.03046,529.70123,HCAP
187307,3121.783347366889,14,1008.141,370.1189,1048.9786,456.40332,1028.5598,456.40332,HCAP
187307,3121.783347366889,11,1087.9127,395.88373,1136.7697,497.4496,1112.3412,497.4496,LHC
187307,3121.783347366889,3,808.4284,400.57336,838.6082,496.38806,823.5183,496.38806,HCAP
187313,3121.883347367338,16,1290.5737,409.6505,1347.3972,515.2042,1318.9855,515.2042,LHC
187313,3121.883347367338,18,955.6454,372.2798,989.096,462.08643,972.3707,462.08643,HCAP
187313,3121.883347367338,12,725.63916,392.2545,763.011,463.9737,744.3251,463.9737,HCAP
187313,3121.883347367338,17,597.96,423.209,641.23004,533.9592,619.59503,533.9592,HCAP
187313,3121.883347367338,14,1008.23126,370.03546,1049.5586,455.64734,1028.8949,455.64734,HCAP
187313,3121.883347367338,11,1088.1704,396.45822,1136.273,497.1481,1112.2217,497.1481,LHC
187313,3121.883347367338,3,815.174,401.68387,844.6368,495.01474,829.9054,495.01474,HCAP
187319,3121.9833473677877,18,949.788,373.94064,988.5881,465.04294,969.18805,465.04294,HCAP
187319,3121.9833473677877,16,1297.8633,416.85242,1349.6931,518.95734,1323.7782,518.95734,LHC
187319,3121.9833473677877,12,729.37976,392.75592,765.96716,463.89313,747.67346,463.89313,HCAP
187319,3121.9833473677877,11,1088.8414,397.58997,1135.3422,497.2221,1112.0918,497.2221,LHC
187319,3121.9833473677877,17,608.45496,422.84662,651.47766,533.43726,629.9663,533.43726,HCAP
187319,3121.9833473677877,14,1008.3977,369.45703,1044.9536,455.0071,1026.6757,455.0071,HCAP
187319,3121.9833473677877,3,822.88794,401.9307,876.2123,495.19382,849.5501,495.19382,HCAP
187325,3122.0833473682374,18,943.56793,374.8233,984.9928,465.49182,964.2804,465.49182,HCAP
187325,3122.0833473682374,12,733.97595,391.0915,773.81055,465.1118,753.89325,465.1118,HCAP
187325,3122.0833473682374,16,1302.9285,416.49072,1354.2673,521.7143,1328.5979,521.7143,LHC
187325,3122.0833473682374,14,1008.34625,370.49515,1042.4636,454.6451,1025.4049,454.6451,HCAP
187325,3122.0833473682374,17,616.88684,422.95633,660.45874,535.1764,638.6728,535.1764,HCAP
187325,3122.0833473682374,11,1083.8684,397.69876,1135.9019,496.36917,1109.8851,496.36917,LHC
187325,3122.0833473682374,3,829.40515,399.89108,857.996,495.55966,843.70056,495.55966,HCAP
187331,3122.183347368687,18,937.8025,377.41068,977.19434,467.02066,957.4984,467.02066,HCAP
187331,3122.183347368687,16,1306.7498,416.23398,1358.131,525.328,1332.4404,525.328,LHC
187331,3122.183347368687,12,737.3651,391.12433,776.33496,465.20282,756.85004,465.20282,HCAP
187331,3122.183347368687,11,1088.1123,395.572,1134.6321,497.0062,1111.3722,497.0062,LHC
187331,3122.183347368687,17,625.0354,424.94922,669.4075,534.8859,647.22144,534.8859,HCAP
187331,3122.183347368687,14,1009.04004,369.84637,1042.7461,454.58978,1025.8931,454.58978,HCAP
187331,3122.183347368687,3,835.75433,402.45886,870.2082,495.3922,852.98126,495.3922,HCAP
187331,3122.183347368687,13,1304.6594,377.54773,1333.6011,473.77524,1319.1302,473.77524,LHC
187337,3122.283347369136,12,741.00134,390.5746,778.3281,466.7265,759.66473,466.7265,HCAP
187337,3122.283347369136,16,1309.4504,417.35486,1360.2802,529.70874,1334.8652,529.70874,LHC
187337,3122.283347369136,18,931.98315,381.7389,969.2671,466.9734,950.6251,466.9734,HCAP
187337,3122.283347369136,17,631.13666,424.26187,676.5676,534.11584,653.8522,534.11584,HCAP
187337,3122.283347369136,14,1010.0039,369.72107,1043.9939,455.28772,1026.9989,455.28772,HCAP
187337,3122.283347369136,11,1090.0562,396.11023,1132.8043,497.15845,1111.4302,497.15845,LHC
187337,3122.283347369136,13,1303.1238,377.57306,1331.3331,474.1537,1317.2285,474.1537,LHC
187337,3122.283347369136,3,843.6749,398.32086,871.32605,496.45587,857.5005,496.45587,HCAP
187343,3122.383347369586,18,925.59174,381.5451,966.6132,469.67615,946.1025,469.67615,HCAP
187343,3122.383347369586,16,1313.0607,417.4109,1360.0027,531.5576,1336.5317,531.5576,LHC
187343,3122.383347369586,12,746.5653,390.8285,780.7989,466.18604,763.6821,466.18604,HCAP
187343,3122.383347369586,14,1010.3789,369.78284,1050.1392,455.03076,1030.259,455.03076,HCAP
187343,3122.383347369586,17,630.63165,423.64172,686.35486,534.36993,658.4933,534.36993,HCAP
187343,3122.383347369586,13,1300.8079,379.84946,1329.7227,476.42496,1315.2653,476.42496,LHC
187343,3122.383347369586,11,1088.0312,393.61185,1132.3379,496.64456,1110.1846,496.64456,LHC
187343,3122.383347369586,3,849.1401,395.43594,877.5628,496.02878,863.35144,496.02878,HCAP
187349,3122.4833473700355,18,925.05774,387.43542,966.6565,472.97324,945.8571,472.97324,HCAP
187349,3122.4833473700355,12,750.3457,388.99905,784.5283,465.89795,767.437,465.89795,HCAP
187349,3122.4833473700355,14,1012.3423,369.56488,1049.9792,454.7406,1031.1608,454.7406,HCAP
187349,3122.4833473700355,17,628.95575,423.1895,691.9202,534.4878,660.438,534.4878,HCAP
187349,3122.4833473700355,13,1298.3464,380.48428,1328.9653,476.98315,1313.6559,476.98315,LHC
187349,3122.4833473700355,3,855.6653,399.8767,883.78796,491.81213,869.7266,491.81213,HCAP
187349,3122.4833473700355,16,1327.0828,421.28165,1362.8761,533.18286,1344.9795,533.18286,LHC
187349,3122.4833473700355,11,1093.4429,408.0791,1131.8972,496.72925,1112.67,496.72925,LHC
187355,3122.5833473704847,18,921.1575,385.26215,967.17334,475.53516,944.1654,475.53516,HCAP
187355,3122.5833473704847,16,1328.9036,421.64795,1363.3197,534.54144,1346.1116,534.54144,LHC
187355,3122.5833473704847,17,642.806,421.89044,697.2061,534.34436,670.0061,534.34436,HCAP
187355,3122.5833473704847,14,1013.53107,369.7358,1047.505,454.628,1030.5181,454.628,HCAP
187355,3122.5833473704847,12,755.11365,387.33243,790.1698,465.70505,772.6417,465.70505,HCAP
187355,3122.5833473704847,3,859.67175,398.22968,889.8314,486.13953,874.7516,486.13953,HCAP
187355,3122.5833473704847,13,1296.688,380.58673,1326.2993,473.6986,1311.4937,473.6986,LHC
187355,3122.5833473704847,11,1097.7382,407.804,1131.7123,497.25403,1114.7252,497.25403,LHC
187361,3122.6833473709344,18,919.55115,385.7359,966.64136,477.86548,943.09625,477.86548,HCAP
187361,3122.6833473709344,17,643.0692,422.13885,699.8208,533.4915,671.445,533.4915,HCAP
187361,3122.6833473709344,16,1327.6044,421.90356,1363.7146,536.7761,1345.6594,536.7761,LHC
187361,3122.6833473709344,12,758.51855,389.47717,798.4385,465.44397,778.4785,465.44397,HCAP
187361,3122.6833473709344,14,1015.0686,369.73288,1046.2932,454.9269,1030.6809,454.9269,HCAP
187361,3122.6833473709344,3,864.55774,398.29205,897.4929,494.4308,881.0253,494.4308,HCAP
187361,3122.6833473709344,13,1294.4058,380.81424,1325.7625,473.88428,1310.0841,473.88428,LHC
187361,3122.6833473709344,11,1088.3163,402.9103,1131.0513,494.44986,1109.6838,494.44986,LHC
187367,3122.783347371384,18,928.51776,386.21896,970.2724,481.96683,949.3951,481.96683,HCAP
187367,3122.783347371384,16,1325.625,422.56778,1366.4967,537.6129,1346.0608,537.6129,LHC
187367,3122.783347371384,17,643.4618,421.52155,705.52893,531.97253,674.49536,531.97253,HCAP
187367,3122.783347371384,12,763.276,385.11044,802.3859,465.75174,782.83093,465.75174,HCAP
187367,3122.783347371384,13,1292.5947,375.90903,1324.5001,473.30704,1308.5474,473.30704,LHC
187367,3122.783347371384,14,1015.1781,369.66458,1045.0239,454.54074,1030.1011,454.54074,HCAP
187367,3122.783347371384,3,870.043,402.42902,905.3172,495.56085,887.6801,495.56085,HCAP
187367,3122.783347371384,11,1089.1619,379.4693,1130.1903,492.67975,1109.676,492.67975,LHC
187373,3122.8833473718337,18,936.14594,386.21533,973.8871,486.25092,955.0165,486.25092,HCAP
187373,3122.8833473718337,16,1325.1,422.43073,1371.8718,538.671,1348.4858,538.671,LHC
187373,3122.8833473718337,12,767.7017,385.96924,808.487,466.18878,788.09436,466.18878,HCAP
187373,3122.8833473718337,17,645.50964,421.81696,705.3236,531.6136,675.4166,531.6136,HCAP
187373,3122.8833473718337,13,1288.1348,376.88928,1323.3269,475.04984,1305.7308,475.04984,LHC
187373,3122.8833473718337,14,1015.0027,370.0893,1044.81,454.24457,1029.9064,454.24457,HCAP
187373,3122.8833473718337,11,1093.2728,384.0888,1130.0066,497.51367,1111.6396,497.51367,LHC
187373,3122.8833473718337,3,873.59985,400.2681,909.2234,496.80478,891.4116,496.80478,HCAP
187379,3122.983347372283,18,941.1096,386.8267,978.81287,485.51038,959.96124,485.51038,HCAP
187379,3122.983347372283,16,1325.362,423.3911,1374.8201,540.3968,1350.0911,540.3968,LHC
187379,3122.983347372283,17,647.25134,421.34473,706.2698,531.36694,676.76056,531.36694,HCAP
187379,3122.983347372283,12,770.7224,381.84656,807.38654,465.92352,789.05444,465.92352,HCAP
187379,3122.983347372283,13,1288.6014,376.0828,1321.6014,474.80283,1305.1014,474.80283,LHC
187379,3122.983347372283,14,1015.3136,369.91324,1045.3033,454.681,1030.3085,454.681,HCAP
187379,3122.983347372283,11,1093.5242,379.86118,1129.3385,501.192,1111.4314,501.192,LHC
187379,3122.983347372283,3,877.1638,396.80182,914.8017,498.92,895.9828,498.92,HCAP
187385,3123.0833473727325,16,1327.5643,424.74866,1378.4135,540.82745,1352.9889,540.82745,LHC
187385,3123.0833473727325,18,941.421,389.6846,986.1257,488.45407,963.7733,488.45407,HCAP
187385,3123.0833473727325,17,647.46936,421.20676,706.50055,531.53845,676.985,531.53845,HCAP
187385,3123.0833473727325,12,773.751,382.16858,813.15564,466.36835,793.4533,466.36835,HCAP
187385,3123.0833473727325,11,1093.8411,379.87402,1129.6819,501.79388,1111.7615,501.79388,LHC
187385,3123.0833473727325,13,1288.7473,375.8561,1321.6256,475.10175,1305.1865,475.10175,LHC
187385,3123.0833473727325,3,875.95074,402.05603,918.46564,498.80914,897.2082,498.80914,HCAP
187385,3123.0833473727325,14,1015.2833,369.90097,1045.2428,455.48044,1030.2631,455.48044,HCAP
187391,3123.183347373182,18,941.00226,392.44345,993.6469,489.56094,967.3246,489.56094,HCAP
187391,3123.183347373182,12,777.28894,380.79538,816.23914,465.8649,796.76404,465.8649,HCAP
187391,3123.183347373182,17,648.48096,420.01602,704.6153,530.7145,676.5481,530.7145,HCAP
187391,3123.183347373182,3,875.4205,401.22034,921.91864,499.31955,898.66956,499.31955,HCAP
187391,3123.183347373182,11,1094.2765,375.38947,1129.7668,501.5246,1112.0217,501.5246,LHC
187391,3123.183347373182,14,1015.4392,369.2472,1045.5125,455.3119,1030.4758,455.3119,HCAP
187391,3123.183347373182,13,1287.6729,375.8767,1322.5095,473.52814,1305.0912,473.52814,LHC
187397,3123.283347373632,18,943.81,392.38632,1000.827,490.5704,972.3185,490.5704,HCAP
187397,3123.283347373632,17,649.54504,419.68103,699.3349,530.86084,674.43994,530.86084,HCAP
187397,3123.283347373632,12,778.70856,379.72388,818.8462,466.34558,798.77734,466.34558,HCAP
187397,3123.283347373632,11,1092.2603,374.57208,1130.2305,500.1665,1111.2454,500.1665,LHC
187397,3123.283347373632,3,880.85364,401.73056,926.35974,500.39676,903.6067,500.39676,HCAP
187397,3123.283347373632,13,1286.7786,375.25168,1320.5894,473.93033,1303.684,473.93033,LHC
187397,3123.283347373632,14,1015.62195,369.63116,1045.6348,454.682,1030.6284,454.682,HCAP
187403,3123.383347374081,18,956.50244,397.31296,1005.92957,492.04303,981.216,492.04303,HCAP
187403,3123.383347374081,12,779.9022,378.63434,819.605,466.325,799.7536,466.325,HCAP
187403,3123.383347374081,13,1288.9849,375.93475,1319.4939,473.597,1304.2394,473.597,LHC
187403,3123.383347374081,17,646.3145,419.89722,695.5435,531.2191,670.929,531.2191,HCAP
187403,3123.383347374081,3,888.3312,402.19693,927.3832,501.65323,907.8572,501.65323,HCAP
187403,3123.383347374081,11,1091.8906,375.57614,1129.9963,497.05856,1110.9435,497.05856,LHC
187403,3123.383347374081,14,1015.6906,369.82855,1047.3849,455.65796,1031.5377,455.65796,HCAP
187409,3123.4833473745307,18,963.59125,399.30936,1008.77875,496.4155,986.185,496.4155,HCAP
187409,3123.4833473745307,12,779.8936,379.97827,819.12744,465.6503,799.5105,465.6503,HCAP
187409,3123.4833473745307,13,1288.0249,376.80414,1317.8418,473.2749,1302.9333,473.2749,LHC
187409,3123.4833473745307,3,889.5914,402.09595,929.7753,501.79248,909.68335,501.79248,HCAP
187409,3123.4833473745307,17,648.71277,419.35693,693.3877,531.3111,671.05023,531.3111,HCAP
187409,3123.4833473745307,14,1015.98193,369.56552,1050.1611,457.01395,1033.0715,457.01395,HCAP
187409,3123.4833473745307,11,1092.2736,376.64117,1130.0964,496.37164,1111.185,496.37164,LHC
187415,3123.5833473749803,18,967.88727,403.24103,1014.54694,499.81317,991.2171,499.81317,HCAP
187415,3123.5833473749803,12,779.80664,379.7013,818.06506,464.9499,798.93585,464.9499,HCAP
187415,3123.5833473749803,13,1282.4711,382.5315,1316.9695,473.32388,1299.7202,473.32388,LHC
187415,3123.5833473749803,3,893.9813,403.68027,931.8305,502.87418,912.9059,502.87418,HCAP
187415,3123.5833473749803,14,1015.4092,369.54428,1054.1678,458.0733,1034.7886,458.0733,HCAP
187415,3123.5833473749803,11,1088.8279,378.44098,1129.4755,491.3427,1109.1516,491.3427,LHC
187415,3123.5833473749803,17,645.8685,447.25287,690.0078,530.8442,667.9382,530.8442,HCAP
187421,3123.68334737543,18,968.79785,404.65613,1015.91895,503.63324,992.3584,503.63324,HCAP
187421,3123.68334737543,12,777.4204,380.537,818.3637,465.34894,797.8921,465.34894,HCAP
187421,3123.68334737543,13,1275.7533,385.56683,1315.2261,471.3307,1295.4897,471.3307,LHC
187421,3123.68334737543,11,1088.2473,378.9798,1128.1631,486.48285,1108.2052,486.48285,LHC
187421,3123.68334737543,14,1016.1465,369.1184,1054.6206,458.30627,1035.3835,458.30627,HCAP
187421,3123.68334737543,3,894.5275,404.12173,935.1099,497.61685,914.8187,497.61685,HCAP
187421,3123.68334737543,17,648.8718,448.61737,688.69214,530.5991,668.782,530.5991,HCAP
187427,3123.783347375879,18,964.9762,408.65405,1015.87854,508.5238,990.42737,508.5238,HCAP
187427,3123.783347375879,13,1273.5004,384.00302,1313.024,472.65445,1293.2622,472.65445,LHC
187427,3123.783347375879,12,777.54895,379.81677,818.5858,464.75903,798.0674,464.75903,HCAP
187427,3123.783347375879,14,1016.779,368.99203,1057.6104,458.15524,1037.1947,458.15524,HCAP
187427,3123.783347375879,11,1088.4104,382.05533,1126.7109,491.9534,1107.5607,491.9534,LHC
187427,3123.783347375879,17,649.41785,419.83862,686.7267,531.5945,668.07227,531.5945,HCAP
187427,3123.783347375879,20,957.9408,344.8849,987.8386,422.5912,972.8897,422.5912,LHC
187427,3123.783347375879,3,895.2396,404.81406,942.1851,476.86295,918.7124,476.86295,HCAP
187433,3123.883347376329,18,958.1574,409.97034,1011.90656,512.2281,985.032,512.2281,HCAP
187433,3123.883347376329,12,777.5297,381.68372,819.29425,464.34036,798.412,464.34036,HCAP
187433,3123.883347376329,14,1018.0287,369.37756,1057.1737,457.97955,1037.6012,457.97955,HCAP
187433,3123.883347376329,13,1267.9246,382.98944,1309.6057,468.40704,1288.7651,468.40704,LHC
187433,3123.883347376329,11,1087.4906,377.6186,1126.2899,495.94922,1106.8903,495.94922,LHC
187433,3123.883347376329,17,649.30817,419.9148,686.0344,531.1912,667.67126,531.1912,HCAP
187433,3123.883347376329,3,898.6135,405.46503,944.86414,476.05273,921.73883,476.05273,HCAP
187433,3123.883347376329,20,965.4558,351.45218,997.8179,419.20047,981.63684,419.20047,LHC
187439,3123.9833473767785,18,952.2107,411.9038,1008.1992,516.6898,980.20496,516.6898,HCAP
187439,3123.9833473767785,14,1018.5383,369.64114,1057.8231,458.32132,1038.1807,458.32132,HCAP
187439,3123.9833473767785,12,776.8014,379.30768,819.32983,464.62964,798.0656,464.62964,HCAP
187439,3123.9833473767785,17,649.2106,419.7888,684.23535,531.27563,666.72296,531.27563,HCAP
187439,3123.9833473767785,11,1087.4302,377.4604,1125.8729,495.27347,1106.6516,495.27347,LHC
187439,3123.9833473767785,13,1256.4128,382.7277,1302.4392,465.94254,1279.426,465.94254,LHC
187439,3123.9833473767785,3,905.404,407.1729,941.5547,483.29626,923.4794,483.29626,HCAP
187439,3123.9833473767785,20,973.25024,355.7265,1003.6915,425.74493,988.4709,425.74493,LHC
187445,3124.083347377228,18,942.0881,415.73758,1002.86005,520.9481,972.47406,520.9481,HCAP
187445,3124.083347377228,14,1018.46716,370.80276,1058.9357,458.49673,1038.7014,458.49673,HCAP
187445,3124.083347377228,17,649.34265,420.09366,682.8447,531.58484,666.0937,531.58484,HCAP
187445,3124.083347377228,11,1088.7764,378.0597,1126.2156,494.04474,1107.496,494.04474,LHC
187445,3124.083347377228,20,980.74243,361.85944,1010.10815,426.3316,995.4253,426.3316,LHC
187445,3124.083347377228,12,775.7972,381.61075,820.1182,465.0836,797.9577,465.0836,HCAP
187445,3124.083347377228,13,1253.7823,383.51596,1299.224,465.06583,1276.5032,465.06583,LHC
187445,3124.083347377228,3,908.0354,407.75903,938.1105,487.20667,923.07294,487.20667,HCAP
187451,3124.1833473776774,17,649.098,419.88245,682.7202,532.0109,665.9091,532.0109,HCAP
187451,3124.1833473776774,11,1086.0311,379.0687,1126.0605,493.42575,1106.0459,493.42575,LHC
187451,3124.1833473776774,12,776.9943,381.04218,816.67694,465.17572,796.83563,465.17572,HCAP
187451,3124.1833473776774,14,1017.4618,370.69656,1055.6279,458.0637,1036.5449,458.0637,HCAP
187451,3124.1833473776774,20,989.3593,364.30106,1019.3835,429.82187,1004.3714,429.82187,LHC
187451,3124.1833473776774,13,1242.676,379.32632,1298.2709,463.57773,1270.4734,463.57773,LHC
187451,3124.1833473776774,18,919.5551,417.43964,993.35394,519.2657,956.4545,519.2657,HCAP
187451,3124.1833473776774,3,911.93567,407.80975,939.18115,509.42834,925.5584,509.42834,HCAP
187457,3124.283347378127,17,649.1674,419.96814,682.82434,532.346,665.99585,532.346,HCAP
187457,3124.283347378127,12,776.33167,380.96075,815.74255,465.12384,796.0371,465.12384,HCAP
187457,3124.283347378127,11,1083.0564,378.547,1126.4454,496.82874,1104.751,496.82874,LHC
187457,3124.283347378127,14,1018.52185,369.14795,1051.4387,458.05133,1034.9802,458.05133,HCAP
187457,3124.283347378127,13,1221.3824,382.63724,1289.7094,460.99045,1255.5459,460.99045,LHC
187457,3124.283347378127,3,916.8113,412.4322,961.2927,520.0964,939.052,520.0964,HCAP
187457,3124.283347378127,21,870.52606,349.34354,896.26044,412.6451,883.39325,412.6451,LHC
187457,3124.283347378127,20,998.65704,362.1122,1023.56635,429.43066,1011.1117,429.43066,LHC
187463,3124.3833473785767,3,911.7735,413.63898,953.00995,530.2596,932.3917,530.2596,HCAP
187463,3124.3833473785767,12,775.66296,382.46823,816.66833,465.25296,796.16565,465.25296,HCAP
187463,3124.3833473785767,17,649.77954,420.13953,683.0713,532.31635,666.4254,532.31635,HCAP
187463,3124.3833473785767,14,1019.4064,368.56046,1050.631,458.18417,1035.0187,458.18417,HCAP
187463,3124.3833473785767,21,874.33594,346.625,900.06445,413.78088,887.2002,413.78088,LHC
187463,3124.3833473785767,13,1219.8462,380.268,1271.2988,459.62976,1245.5725,459.62976,LHC
187463,3124.3833473785767,11,1082.6033,398.67633,1125.6948,496.89343,1104.149,496.89343,LHC
187463,3124.3833473785767,20,1005.2831,369.1126,1025.9502,433.8111,1015.61664,433.8111,LHC
187469,3124.4833473790263,12,775.5588,382.45084,816.1397,465.27676,795.84924,465.27676,HCAP
187469,3124.4833473790263,17,649.6343,420.09406,683.349,532.05255,666.49164,532.05255,HCAP
187469,3124.4833473790263,14,1017.5331,368.62946,1051.7656,458.15363,1034.6494,458.15363,HCAP
187469,3124.4833473790263,21,881.08997,349.39343,904.67395,416.3432,892.88196,416.3432,LHC
187469,3124.4833473790263,3,902.83374,421.61945,947.14453,533.7802,924.98914,533.7802,HCAP
187469,3124.4833473790263,13,1208.2635,378.63144,1253.4247,456.71063,1230.8441,456.71063,LHC
187469,3124.4833473790263,11,1082.0625,373.75296,1127.7839,490.4219,1104.9232,490.4219,LHC
187475,3124.5833473794755,3,893.15314,427.83316,935.9295,537.75525,914.5413,537.75525,HCAP
187475,3124.5833473794755,17,649.8826,419.03403,683.2668,532.1405,666.5747,532.1405,HCAP
187475,3124.5833473794755,12,776.0204,382.08215,815.1742,465.21542,795.5973,465.21542,HCAP
187475,3124.5833473794755,14,1020.32227,370.0528,1050.1978,458.34143,1035.26,458.34143,HCAP
187475,3124.5833473794755,21,886.2285,350.0365,911.2953,416.29706,898.7619,416.29706,LHC
187475,3124.5833473794755,13,1183.2953,371.22424,1244.5518,455.71997,1213.9236,455.71997,LHC
187475,3124.5833473794755,11,1085.1462,380.7444,1128.4104,490.11365,1106.7783,490.11365,LHC
187481,3124.683347379925,3,880.27203,431.2543,936.70166,544.431,908.4868,544.431,HCAP
187481,3124.683347379925,17,649.8136,418.32385,683.42303,532.01605,666.6183,532.01605,HCAP
187481,3124.683347379925,12,776.81854,381.74973,815.55414,464.5945,796.18634,464.5945,HCAP
187481,3124.683347379925,11,1087.0594,373.3569,1130.1643,487.18057,1108.6118,487.18057,LHC
187481,3124.683347379925,14,1021.2131,368.49683,1052.4448,457.9575,1036.829,457.9575,HCAP
187481,3124.683347379925,21,891.9447,351.81546,918.38477,417.89273,905.16473,417.89273,LHC
187481,3124.683347379925,18,934.93964,407.5157,970.41705,503.89142,952.67834,503.89142,HCAP
187481,3124.683347379925,13,1171.9749,371.30762,1235.1647,452.70746,1203.5698,452.70746,LHC
187487,3124.783347380375,17,649.557,418.3353,684.61255,532.234,667.0848,532.234,HCAP
187487,3124.783347380375,11,1089.105,372.20618,1130.2563,486.70926,1109.6807,486.70926,LHC
187487,3124.783347380375,12,775.56793,380.70416,816.3792,463.807,795.9736,463.807,HCAP
187487,3124.783347380375,18,940.16565,406.78125,977.29175,509.77698,958.7287,509.77698,HCAP
187487,3124.783347380375,14,1018.57837,375.9179,1050.3636,457.71185,1034.471,457.71185,HCAP
187487,3124.783347380375,20,1043.7802,362.96832,1070.7013,439.13086,1057.2407,439.13086,LHC
187493,3124.8833473808245,17,649.80414,418.29364,684.6387,532.25024,667.22144,532.25024,HCAP
187493,3124.8833473808245,11,1092.1914,375.0499,1131.3467,485.47,1111.769,485.47,LHC
187493,3124.8833473808245,12,774.9215,380.81616,814.6749,463.34995,794.7982,463.34995,HCAP
187493,3124.8833473808245,18,944.5142,406.3676,982.67487,510.10474,963.59454,510.10474,HCAP
187493,3124.8833473808245,14,1019.2748,369.2223,1053.6095,458.06497,1036.4421,458.06497,HCAP
187493,3124.8833473808245,20,1050.9316,366.245,1080.0531,440.64587,1065.4924,440.64587,LHC
187493,3124.8833473808245,21,904.05597,352.4854,927.17377,419.44897,915.61487,419.44897,LHC
187493,3124.8833473808245,13,1180.8386,370.18918,1217.1631,444.31522,1199.0009,444.31522,LHC
187499,3124.9833473812737,17,649.7576,418.9508,684.7901,532.2239,667.27386,532.2239,HCAP
187499,3124.9833473812737,18,948.559,405.17505,986.3787,509.9848,967.4689,509.9848,HCAP
187499,3124.9833473812737,11,1092.5287,386.10022,1131.7089,480.99847,1112.1188,480.99847,LHC
187499,3124.9833473812737,12,778.4412,380.0041,814.9323,463.25125,796.68677,463.25125,HCAP
187499,3124.9833473812737,14,1021.7104,369.99344,1051.0762,458.1568,1036.3933,458.1568,HCAP
187499,3124.9833473812737,21,909.51984,353.07056,934.9836,422.1729,922.2517,422.1729,LHC
187499,3124.9833473812737,20,1057.6359,369.79907,1086.3658,454.2539,1072.0009,454.2539,LHC
187499,3124.9833473812737,13,1154.4231,369.59875,1205.2429,446.75143,1179.833,446.75143,LHC
187505,3125.0833473817233,17,650.0663,418.8771,685.2801,531.92944,667.6732,531.92944,HCAP
187505,3125.0833473817233,12,779.2535,381.54648,816.165,463.66653,797.7092,463.66653,HCAP
187505,3125.0833473817233,18,951.5492,408.69067,989.94824,510.0444,970.7487,510.0444,HCAP
187505,3125.0833473817233,11,1089.0231,383.93106,1130.154,480.19382,1109.5886,480.19382,LHC
187505,3125.0833473817233,14,1022.2622,369.43002,1050.8136,457.978,1036.5378,457.978,HCAP
187505,3125.0833473817233,21,916.50476,351.5376,942.2417,421.8554,929.3732,421.8554,LHC
187505,3125.0833473817233,13,1164.7595,369.05017,1198.1301,444.34552,1181.4448,444.34552,LHC
187505,3125.0833473817233,20,1064.5825,370.46747,1095.4673,448.72754,1080.0249,448.72754,LHC
187511,3125.183347382173,17,650.27747,418.67157,686.2813,532.2808,668.2794,532.2808,HCAP
187511,3125.183347382173,18,953.1685,406.04544,994.38007,511.37247,973.7743,511.37247,HCAP
187511,3125.183347382173,12,779.71326,381.1008,815.00116,463.95374,797.3572,463.95374,HCAP
187511,3125.183347382173,13,1153.1138,369.46188,1192.6301,440.39822,1172.872,440.39822,LHC
187511,3125.183347382173,11,1093.0527,391.1048,1128.8173,480.6596,1110.935,480.6596,LHC
187511,3125.183347382173,14,1022.92255,368.22052,1056.2927,458.07916,1039.6077,458.07916,HCAP
187511,3125.183347382173,21,923.27783,354.2396,950.78723,422.68295,937.03253,422.68295,LHC
187511,3125.183347382173,20,1076.6693,370.47574,1103.6115,447.74203,1090.1404,447.74203,LHC
187517,3125.2833473826227,17,650.94635,418.86008,686.493,532.101,668.71967,532.101,HCAP
187517,3125.2833473826227,12,781.06226,381.81354,813.35645,464.22125,797.20935,464.22125,HCAP
187517,3125.2833473826227,18,956.1191,403.6744,998.2773,508.10733,977.1982,508.10733,HCAP
187517,3125.2833473826227,14,1023.4636,376.76285,1053.7981,459.79156,1038.6309,459.79156,HCAP
187517,3125.2833473826227,21,930.0641,353.67078,954.30835,424.4077,942.1862,424.4077,LHC
187517,3125.2833473826227,11,1093.3381,399.67474,1129.6206,479.963,1111.4794,479.963,LHC
187517,3125.2833473826227,13,1143.8407,367.16608,1185.547,440.57178,1164.6938,440.57178,LHC
187523,3125.383347383072,17,651.32056,418.88342,686.47974,531.83624,668.90015,531.83624,HCAP
187523,3125.383347383072,18,959.0548,404.57098,998.53894,507.29507,978.7969,507.29507,HCAP
187523,3125.383347383072,12,781.9054,382.8424,814.1177,463.82007,798.01154,463.82007,HCAP
187523,3125.383347383072,11,1078.8038,381.99725,1132.2937,476.7397,1105.5488,476.7397,LHC
187523,3125.383347383072,21,937.3995,348.5039,961.773,425.25623,949.58624,425.25623,LHC
187523,3125.383347383072,13,1130.142,359.96274,1174.4824,437.82404,1152.3123,437.82404,LHC
187523,3125.383347383072,14,1022.72754,383.2153,1051.4673,457.8337,1037.0974,457.8337,HCAP
187529,3125.4833473835215,17,651.96075,418.2541,686.2696,531.72766,669.1152,531.72766,HCAP
187529,3125.4833473835215,18,961.1444,408.1754,1000.75745,507.0652,980.9509,507.0652,HCAP
187529,3125.4833473835215,12,782.2568,384.0949,813.84814,463.471,798.0525,463.471,HCAP
187529,3125.4833473835215,11,1076.5858,393.57925,1126.7197,477.1115,1101.6528,477.1115,LHC
187529,3125.4833473835215,21,945.05035,350.03586,970.4244,424.6713,957.73737,424.6713,LHC
187529,3125.4833473835215,14,1023.1864,385.7365,1051.4429,456.53003,1037.3147,456.53003,HCAP
187535,3125.583347383971,17,652.6166,418.96472,686.18445,531.619,669.4005,531.619,HCAP
187535,3125.583347383971,11,1079.237,384.22623,1120.7169,475.0685,1099.977,475.0685,LHC
187535,3125.583347383971,12,782.5296,386.45508,815.7017,463.3786,799.11566,463.3786,HCAP
187535,3125.583347383971,21,954.2135,355.67276,977.1354,424.1879,965.67444,424.1879,LHC
187535,3125.583347383971,14,1023.16223,380.2273,1052.1383,455.18738,1037.6503,455.18738,HCAP
187535,3125.583347383971,18,962.00446,418.9735,1002.0892,502.4945,982.0468,502.4945,HCAP
187535,3125.583347383971,20,1114.4834,369.9006,1145.971,453.79,1130.2272,453.79,LHC
187541,3125.6833473844204,17,653.48315,418.9727,686.03845,532.11743,669.7608,532.11743,HCAP
187541,3125.6833473844204,12,782.306,387.654,814.7772,463.1366,798.5416,463.1366,HCAP
187541,3125.6833473844204,14,1021.9857,375.8302,1055.68,455.60083,1038.8329,455.60083,HCAP
187541,3125.6833473844204,20,1124.1199,373.98825,1153.7368,453.7251,1138.9283,453.7251,LHC
187541,3125.6833473844204,11,1079.4253,393.35504,1117.44,474.06537,1098.4326,474.06537,LHC
187541,3125.6833473844204,21,961.8671,352.74637,985.9506,421.72238,973.9089,421.72238,LHC
187541,3125.6833473844204,22,809.18097,347.15784,839.7922,414.69678,824.4866,414.69678,LHC
187541,3125.6833473844204,18,962.83044,410.4104,1001.00244,502.29218,981.91644,502.29218,HCAP
187547,3125.78334738487,17,653.40546,418.83884,686.07825,531.9929,669.7418,531.9929,HCAP
187547,3125.78334738487,12,782.2903,389.25412,815.8418,463.964,799.06604,463.964,HCAP
187547,3125.78334738487,20,1130.435,371.37662,1162.3589,463.94852,1146.397,463.94852,LHC
187547,3125.78334738487,11,1076.5256,377.32947,1117.2617,471.51727,1096.8937,471.51727,LHC
187547,3125.78334738487,22,810.0401,345.54504,840.0723,414.43164,825.0562,414.43164,LHC
187547,3125.78334738487,18,959.6532,401.7258,1001.78357,497.10233,980.7184,497.10233,HCAP
187547,3125.78334738487,14,1023.4927,370.435,1056.3734,454.97406,1039.9331,454.97406,HCAP
187553,3125.8833473853197,23,1304.4034,433.27908,1367.7651,534.7499,1336.0842,534.7499,LHC
187553,3125.8833473853197,17,653.58954,418.50183,686.0337,532.3859,669.81165,532.3859,HCAP
187553,3125.8833473853197,12,782.0264,390.1462,816.09906,463.15567,799.06274,463.15567,HCAP
187553,3125.8833473853197,20,1137.4574,375.15405,1171.4326,462.7259,1154.4451,462.7259,LHC
187553,3125.8833473853197,18,955.99274,403.83972,998.0755,504.1435,977.0341,504.1435,HCAP
187553,3125.8833473853197,11,1074.7634,375.41116,1114.6818,469.94522,1094.7227,469.94522,LHC
187553,3125.8833473853197,21,977.031,355.76468,1001.40344,424.75424,989.2172,424.75424,LHC
187553,3125.8833473853197,22,810.98016,348.712,840.68243,416.46542,825.8313,416.46542,LHC
187559,3125.9833473857693,23,1304.0068,430.94922,1360.9292,528.50824,1332.468,528.50824,LHC
187559,3125.9833473857693,18,954.53796,404.59186,994.6172,502.09607,974.5776,502.09607,HCAP
187559,3125.9833473857693,12,782.05865,391.04004,816.3492,463.34857,799.2039,463.34857,HCAP
187559,3125.9833473857693,20,1143.8467,375.02408,1177.9915,461.50882,1160.9191,461.50882,LHC
187559,3125.9833473857693,17,653.71387,418.65527,686.345,531.51196,670.0294,531.51196,HCAP
187559,3125.9833473857693,21,985.2984,353.2728,1010.0986,426.20444,997.6985,426.20444,LHC
187559,3125.9833473857693,22,811.21985,336.0924,840.5709,418.37122,825.8954,418.37122,LHC
187559,3125.9833473857693,11,1070.8894,384.70523,1110.4299,469.59805,1090.6597,469.59805,LHC
187565,3126.0833473862185,23,1309.1589,430.2539,1359.1204,522.97424,1334.1396,522.97424,LHC
187565,3126.0833473862185,18,956.6013,404.38687,991.92896,500.60898,974.26514,500.60898,HCAP
187565,3126.0833473862185,20,1151.2555,375.79028,1184.5769,463.22168,1167.9163,463.22168,LHC
187565,3126.0833473862185,12,781.4819,390.83423,816.86774,463.14935,799.1748,463.14935,HCAP
187565,3126.0833473862185,17,653.5413,418.40982,686.8508,531.24036,670.19604,531.24036,HCAP
187565,3126.0833473862185,22,813.4422,350.46634,840.4825,420.48587,826.96234,420.48587,LHC
187565,3126.0833473862185,11,1071.48,392.89362,1108.1437,466.51392,1089.8118,466.51392,LHC
187571,3126.183347386668,23,1303.9298,428.27106,1364.7493,521.40784,1334.3396,521.40784,LHC
187571,3126.183347386668,18,955.0684,403.41394,989.0766,502.5086,972.0725,502.5086,HCAP
187571,3126.183347386668,17,653.3491,418.55933,686.7639,532.38043,670.0565,532.38043,HCAP
187571,3126.183347386668,12,781.1421,391.09497,816.7545,463.75745,798.9483,463.75745,HCAP
187571,3126.183347386668,20,1156.7128,377.00317,1189.8105,465.30872,1173.2617,465.30872,LHC
187571,3126.183347386668,21,1003.5881,352.33966,1029.4827,429.84088,1016.5354,429.84088,LHC
187571,3126.183347386668,22,812.42706,327.6456,841.28156,423.13495,826.8543,423.13495,LHC
187577,3126.283347387118,23,1298.9651,423.20096,1368.2852,520.7462,1333.6251,520.7462,LHC
187577,3126.283347387118,17,653.80505,419.25708,686.6817,532.23444,670.2434,532.23444,HCAP
187577,3126.283347387118,18,950.52374,402.1898,983.8826,500.13803,967.2032,500.13803,HCAP
187577,3126.283347387118,20,1159.8594,378.3435,1195.115,468.4237,1177.4872,468.4237,LHC
187577,3126.283347387118,12,781.51117,391.0969,814.216,462.892,797.8636,462.892,HCAP
187577,3126.283347387118,22,816.13257,354.76968,842.9654,424.50797,829.54895,424.50797,LHC
187577,3126.283347387118,11,1068.6825,371.30374,1105.3171,457.6863,1086.9998,457.6863,LHC
187583,3126.3833473875675,23,1308.8044,418.27322,1367.6846,513.5353,1338.2445,513.5353,LHC
187583,3126.3833473875675,17,653.9533,418.9499,686.8076,532.14056,670.3805,532.14056,HCAP
187583,3126.3833473875675,20,1164.7732,379.19354,1197.9094,471.06616,1181.3413,471.06616,LHC
187583,3126.3833473875675,18,942.0022,402.3077,981.58154,498.22147,961.7919,498.22147,HCAP
187583,3126.3833473875675,12,781.5956,390.09338,816.67126,463.279,799.1334,463.279,HCAP
187583,3126.3833473875675,22,814.4522,352.74042,847.74664,426.09338,831.0994,426.09338,LHC
187583,3126.3833473875675,11,1064.968,373.5987,1100.741,454.37247,1082.8545,454.37247,LHC
187583,3126.3833473875675,14,1023.371,365.84326,1052.0715,436.74207,1037.7212,436.74207,HCAP
187589,3126.4833473880167,23,1312.5625,412.57428,1362.3855,508.89087,1337.474,508.89087,LHC
187589,3126.4833473880167,17,653.97675,419.6045,686.84033,531.8432,670.40857,531.8432,HCAP
187589,3126.4833473880167,20,1167.6735,383.28342,1201.0188,472.44772,1184.3462,472.44772,LHC
187589,3126.4833473880167,18,942.9675,401.0648,982.7058,497.936,962.8367,497.936,HCAP
187589,3126.4833473880167,12,781.4315,389.4474,818.558,463.43958,799.99475,463.43958,HCAP
187589,3126.4833473880167,22,814.20374,354.57733,851.5316,424.44315,832.8677,424.44315,LHC
187589,3126.4833473880167,14,1024.0104,375.68555,1047.018,451.87042,1035.5142,451.87042,HCAP
187595,3126.5833473884663,23,1308.1007,407.7658,1357.8768,504.6883,1332.9888,504.6883,LHC
187595,3126.5833473884663,24,1048.9077,438.31964,1108.4226,543.53534,1078.6652,543.53534,LHC
187595,3126.5833473884663,17,654.05945,419.86057,686.61523,531.7212,670.33734,531.7212,HCAP
187595,3126.5833473884663,18,940.4066,400.80963,976.07886,499.6831,958.24274,499.6831,HCAP
187595,3126.5833473884663,20,1170.7703,385.70337,1205.1096,474.1198,1187.94,474.1198,LHC
187595,3126.5833473884663,12,781.86694,390.36438,818.31006,463.32568,800.0885,463.32568,HCAP
187595,3126.5833473884663,22,816.8736,356.7443,854.2176,426.70926,835.5456,426.70926,LHC
187595,3126.5833473884663,14,1022.82367,368.96548,1050.6187,461.47495,1036.7212,461.47495,HCAP
187601,3126.683347388916,18,936.28546,401.58472,972.84265,503.1699,954.5641,503.1699,HCAP
187601,3126.683347388916,23,1303.8328,403.3384,1351.0007,498.7446,1327.4167,498.7446,LHC
187601,3126.683347388916,17,654.22205,420.25186,686.8655,531.996,670.54376,531.996,HCAP
187601,3126.683347388916,20,1172.9697,387.43817,1207.9661,477.00403,1190.4679,477.00403,LHC
187601,3126.683347388916,12,781.52527,390.35257,817.34546,463.383,799.43536,463.383,HCAP
187601,3126.683347388916,24,1044.0377,442.0697,1096.7278,542.3641,1070.3828,542.3641,LHC
187601,3126.683347388916,22,822.71814,355.37512,858.405,428.21722,840.5616,428.21722,LHC
187601,3126.683347388916,14,1023.1818,370.377,1050.7012,456.35657,1036.9415,456.35657,HCAP
187607,3126.7833473893656,18,934.3982,402.16663,971.3705,504.3673,952.88434,504.3673,HCAP
187607,3126.7833473893656,23,1299.444,400.0016,1344.7461,494.37982,1322.095,494.37982,LHC
187607,3126.7833473893656,17,654.19214,420.7122,686.8662,531.8897,670.5292,531.8897,HCAP
187607,3126.7833473893656,24,1037.0034,431.57007,1086.6388,538.9532,1061.821,538.9532,LHC
187607,3126.7833473893656,12,780.86646,390.01025,815.7667,463.67505,798.3166,463.67505,HCAP
187607,3126.7833473893656,20,1173.3779,389.42847,1208.8674,482.21106,1191.1227,482.21106,LHC
187607,3126.7833473893656,22,826.9702,360.51883,862.277,428.91092,844.6236,428.91092,LHC
187613,3126.883347389815,18,931.1665,401.39447,969.99365,502.04773,950.5801,502.04773,HCAP
187613,3126.883347389815,23,1296.0149,398.08255,1338.9846,490.29538,1317.4998,490.29538,LHC
187613,3126.883347389815,17,654.17957,420.0954,687.23535,532.15466,670.70746,532.15466,HCAP
187613,3126.883347389815,12,780.55994,389.63928,815.6378,463.99585,798.0989,463.99585,HCAP
187613,3126.883347389815,20,1172.6344,393.94702,1210.4847,485.2912,1191.5596,485.2912,LHC
187613,3126.883347389815,22,830.3218,363.05667,861.50134,430.44003,845.91156,430.44003,LHC
187613,3126.883347389815,24,1033.6909,435.44934,1081.4573,527.1626,1057.5741,527.1626,LHC
187613,3126.883347389815,14,1024.6589,369.0359,1052.2988,444.73883,1038.4789,444.73883,HCAP
187619,3126.9833473902645,20,1160.0929,395.56897,1210.9164,487.69254,1185.5046,487.69254,LHC
187619,3126.9833473902645,18,928.5304,402.48697,965.5613,502.34628,947.04584,502.34628,HCAP
187619,3126.9833473902645,23,1285.4797,397.6202,1333.7815,487.28055,1309.6306,487.28055,LHC
187619,3126.9833473902645,17,654.16284,420.24854,687.3241,532.0024,670.74347,532.0024,HCAP
187619,3126.9833473902645,12,781.0871,389.66602,816.08514,463.8459,798.5861,463.8459,HCAP
187619,3126.9833473902645,22,835.75745,361.3732,864.4292,431.75208,850.0933,431.75208,LHC
187619,3126.9833473902645,21,1072.7424,353.94324,1097.142,430.29977,1084.9421,430.29977,LHC
187619,3126.9833473902645,11,1057.0728,410.1155,1089.0771,497.89627,1073.075,497.89627,LHC
187619,3126.9833473902645,24,1030.8562,434.92822,1071.6545,519.5048,1051.2554,519.5048,LHC
187619,3126.9833473902645,14,1025.5565,367.048,1052.1116,438.75266,1038.834,438.75266,HCAP
187625,3127.083347390714,23,1275.7783,393.57922,1328.5055,484.88824,1302.1418,484.88824,LHC
187625,3127.083347390714,18,927.1657,402.3326,965.80756,503.64102,946.48663,503.64102,HCAP
187625,3127.083347390714,17,654.2453,419.2263,687.64514,531.9874,670.9452,531.9874,HCAP
187625,3127.083347390714,12,781.3361,389.7053,817.0069,463.65646,799.1715,463.65646,HCAP
187625,3127.083347390714,22,839.5847,362.75198,867.65497,433.47208,853.6199,433.47208,LHC
187625,3127.083347390714,20,1164.6482,398.16742,1210.2264,487.7827,1187.4373,487.7827,LHC
187625,3127.083347390714,21,1081.6882,356.4735,1106.1222,432.5216,1093.9053,432.5216,LHC
187625,3127.083347390714,11,1052.0391,411.9645,1082.2156,515.3097,1067.1273,515.3097,LHC
187625,3127.083347390714,14,1024.064,366.35037,1049.5332,434.1459,1036.7986,434.1459,HCAP
187625,3127.083347390714,24,1026.1504,413.54663,1064.0804,499.6029,1045.1155,499.6029,LHC
187631,3127.183347391164,18,924.67694,404.02835,964.27606,501.98813,944.4765,501.98813,HCAP
187631,3127.183347391164,12,781.1292,389.2327,819.27374,463.84872,800.2015,463.84872,HCAP
187631,3127.183347391164,17,653.96826,419.74432,687.65234,531.87933,670.8103,531.87933,HCAP
187631,3127.183347391164,23,1264.1006,391.553,1317.6788,480.9138,1290.8896,480.9138,LHC
187631,3127.183347391164,22,839.9868,362.66702,872.86414,434.23425,856.4255,434.23425,LHC
187631,3127.183347391164,20,1160.9814,405.0578,1206.4463,489.55725,1183.7139,489.55725,LHC
187631,3127.183347391164,11,1054.6182,410.13016,1081.1489,504.54337,1067.8835,504.54337,LHC
187631,3127.183347391164,24,1019.33954,412.1754,1061.8574,489.44464,1040.5985,489.44464,LHC
187631,3127.183347391164,14,1025.105,364.2225,1059.8225,431.01096,1042.4637,431.01096,HCAP
187631,3127.183347391164,21,1093.2212,359.68115,1120.7122,433.6308,1106.9667,433.6308,LHC
187637,3127.283347391613,18,924.06647,403.75168,963.16864,501.20462,943.61755,501.20462,HCAP
187637,3127.283347391613,12,781.2682,389.08585,819.24426,464.1331,800.2562,464.1331,HCAP
187637,3127.283347391613,23,1253.9052,387.47827,1302.8522,476.46295,1278.3787,476.46295,LHC
187637,3127.283347391613,17,653.9774,419.1117,687.7706,532.10974,670.874,532.10974,HCAP
187637,3127.283347391613,22,842.6378,365.80505,874.41064,435.45728,858.52423,435.45728,LHC
187637,3127.283347391613,20,1157.8186,398.0571,1199.4856,493.6725,1178.6521,493.6725,LHC
187637,3127.283347391613,11,1053.4958,409.36752,1081.4147,501.07462,1067.4553,501.07462,LHC
187637,3127.283347391613,21,1099.4099,359.17163,1125.215,435.9138,1112.3125,435.9138,LHC
187637,3127.283347391613,14,1024.7068,368.2327,1052.8896,429.011,1038.7982,429.011,HCAP
187637,3127.283347391613,24,1007.9013,413.55945,1054.168,479.49152,1031.0347,479.49152,LHC
187643,3127.3833473920627,17,654.1664,419.84137,687.66736,531.99677,670.9169,531.99677,HCAP
187643,3127.3833473920627,20,1154.2601,399.34943,1193.1272,494.3382,1173.6936,494.3382,LHC
187643,3127.3833473920627,12,781.294,389.37167,819.63995,464.1655,800.467,464.1655,HCAP
187643,3127.3833473920627,18,924.169,403.8393,964.5035,502.1782,944.33624,502.1782,HCAP
187643,3127.3833473920627,11,1055.0479,409.0161,1081.805,500.47443,1068.4265,500.47443,LHC
187643,3127.3833473920627,23,1244.1038,386.36032,1287.7122,474.87094,1265.908,474.87094,LHC
187643,3127.3833473920627,22,843.64404,365.37277,874.22034,436.96774,858.9322,436.96774,LHC
187643,3127.3833473920627,21,1108.1632,360.04,1138.6006,435.39743,1123.3818,435.39743,LHC
187643,3127.3833473920627,14,1027.0398,369.8681,1051.5177,429.48395,1039.2788,429.48395,HCAP
187643,3127.3833473920627,24,1005.5769,414.94482,1047.9786,471.38525,1026.7778,471.38525,LHC
187649,3127.4833473925123,20,1147.5237,400.49222,1185.4084,498.02353,1166.4661,498.02353,LHC
187649,3127.4833473925123,12,781.79407,390.01123,817.33466,464.20337,799.56433,464.20337,HCAP
187649,3127.4833473925123,17,653.6872,420.37958,687.497,531.9677,670.5921,531.9677,HCAP
187649,3127.4833473925123,18,925.17535,404.36252,965.37634,502.29044,945.2759,502.29044,HCAP
187649,3127.4833473925123,11,1054.9763,408.61624,1082.3667,501.10025,1068.6715,501.10025,LHC
187649,3127.4833473925123,22,844.0201,366.60895,874.0992,438.13965,859.05963,438.13965,LHC
187649,3127.4833473925123,23,1240.1642,390.56897,1277.7338,470.23706,1258.949,470.23706,LHC
187649,3127.4833473925123,21,1118.8403,362.02505,1151.0696,436.39938,1134.955,436.39938,LHC
187649,3127.4833473925123,24,996.15765,409.5401,1035.7007,477.141,1015.9292,477.141,LHC
187655,3127.583347392962,20,1139.4742,403.47125,1179.0911,498.91113,1159.2827,498.91113,LHC
187655,3127.583347392962,12,781.4749,389.89673,816.9809,464.09802,799.2279,464.09802,HCAP
187655,3127.583347392962,17,653.9181,419.70612,687.60297,531.9747,670.7605,531.9747,HCAP
187655,3127.583347392962,22,845.8903,365.4734,873.9115,441.31613,859.9009,441.31613,LHC
187655,3127.583347392962,18,924.6481,404.7345,967.15845,502.06403,945.90326,502.06403,HCAP
187655,3127.583347392962,11,1052.7297,408.2058,1084.2356,501.60388,1068.4827,501.60388,LHC
187655,3127.583347392962,24,989.59753,411.1202,1030.4601,494.58115,1010.0288,494.58115,LHC
187655,3127.583347392962,21,1124.5588,363.59995,1152.8391,435.1072,1138.699,435.1072,LHC
187655,3127.583347392962,23,1227.6537,387.50436,1259.6304,467.37827,1243.6421,467.37827,LHC
187661,3127.683347393411,22,847.35547,364.3545,874.8789,443.10577,861.1172,443.10577,LHC
187661,3127.683347393411,17,653.70386,419.823,687.9198,532.36865,670.8118,532.36865,HCAP
187661,3127.683347393411,12,781.1153,389.4726,817.2065,463.9676,799.1609,463.9676,HCAP
187661,3127.683347393411,18,927.8489,405.57266,970.4158,502.8337,949.1323,502.8337,HCAP
187661,3127.683347393411,20,1135.2964,415.2486,1173.8977,501.25964,1154.597,501.25964,LHC
187661,3127.683347393411,11,1055.368,408.8366,1085.3953,500.67865,1070.3816,500.67865,LHC
187661,3127.683347393411,24,976.81586,408.79037,1024.3589,494.82962,1000.5874,494.82962,LHC
187661,3127.683347393411,23,1213.9617,350.2977,1247.8175,466.7383,1230.8896,466.7383,LHC
187661,3127.683347393411,14,1024.5239,373.31223,1051.1877,454.78976,1037.8558,454.78976,HCAP
187661,3127.683347393411,21,1132.8092,363.30588,1168.0758,424.78885,1150.4425,424.78885,LHC
187667,3127.783347393861,24,965.6702,401.51102,1013.8925,492.3035,989.7814,492.3035,LHC
187667,3127.783347393861,22,848.0993,367.5358,877.3427,444.50226,862.721,444.50226,LHC
187667,3127.783347393861,12,781.1014,389.5143,817.24567,464.16953,799.1735,464.16953,HCAP
187667,3127.783347393861,11,1055.3596,409.79434,1086.1445,499.6299,1070.7521,499.6299,LHC
187667,3127.783347393861,18,927.6147,404.97803,966.0972,504.30194,946.85596,504.30194,HCAP
187667,3127.783347393861,17,653.8629,419.22937,688.02734,532.113,670.9451,532.113,HCAP
187667,3127.783347393861,20,1132.8165,406.6375,1171.0391,502.14807,1151.9277,502.14807,LHC
187667,3127.783347393861,14,1025.6238,375.4941,1050.5422,453.5527,1038.083,453.5527,HCAP
187667,3127.783347393861,21,1140.7471,362.47394,1174.0481,424.70847,1157.3976,424.70847,LHC
187673,3127.8833473943105,20,1125.8674,410.63306,1165.5312,502.474,1145.6993,502.474,LHC
187673,3127.8833473943105,12,781.00323,388.69067,817.7902,463.87842,799.3967,463.87842,HCAP
187673,3127.8833473943105,22,847.79004,366.93777,879.65735,446.29916,863.7237,446.29916,LHC
187673,3127.8833473943105,11,1057.4014,408.79285,1088.4218,500.49454,1072.9116,500.49454,LHC
187673,3127.8833473943105,18,930.48816,403.15668,965.213,505.14075,947.8506,505.14075,HCAP
187673,3127.8833473943105,24,962.635,399.36365,1004.9783,492.06042,983.80664,492.06042,LHC
187673,3127.8833473943105,23,1195.8306,372.67596,1235.0103,462.5282,1215.4204,462.5282,LHC
187673,3127.8833473943105,17,653.9492,418.5935,687.8301,532.1669,670.88965,532.1669,HCAP
187673,3127.8833473943105,21,1147.4363,360.88614,1177.2546,439.12592,1162.3455,439.12592,LHC
187673,3127.8833473943105,14,1025.2615,371.10086,1051.5469,458.5623,1038.4042,458.5623,HCAP
187679,3127.98334739476,20,1121.3896,413.58334,1161.8375,501.69452,1141.6135,501.69452,LHC
187679,3127.98334739476,12,781.23694,388.81522,816.52893,463.85587,798.88293,463.85587,HCAP
187679,3127.98334739476,22,847.8144,367.85083,880.8508,447.2688,864.33264,447.2688,LHC
187679,3127.98334739476,24,957.4678,399.22073,997.84814,491.82394,977.65796,491.82394,LHC
187679,3127.98334739476,11,1057.7747,408.84256,1088.2317,501.33353,1073.0032,501.33353,LHC
187679,3127.98334739476,18,931.6272,405.7881,965.2776,504.00577,948.4524,504.00577,HCAP
187679,3127.98334739476,23,1186.0723,372.57727,1223.6547,458.7152,1204.8635,458.7152,LHC
187679,3127.98334739476,17,653.9064,419.0572,687.8954,531.7641,670.9009,531.7641,HCAP
187679,3127.98334739476,21,1152.7723,362.8546,1183.5374,439.2496,1168.1548,439.2496,LHC
187679,3127.98334739476,14,1026.3413,369.8636,1053.007,459.91174,1039.6741,459.91174,HCAP
187685,3128.0833473952093,20,1116.221,412.73865,1158.8151,501.18103,1137.5181,501.18103,LHC
187685,3128.0833473952093,22,846.9946,367.44443,886.4048,447.59976,866.6997,447.59976,LHC
187685,3128.0833473952093,12,780.967,388.94073,817.29144,463.8944,799.1292,463.8944,HCAP
187685,3128.0833473952093,18,933.2577,406.57275,967.1494,504.7602,950.20355,504.7602,HCAP
187685,3128.0833473952093,11,1058.8503,408.77124,1089.2068,501.765,1074.0286,501.765,LHC
187685,3128.0833473952093,24,954.59894,399.37933,993.25507,486.59393,973.927,486.59393,LHC
187685,3128.0833473952093,17,653.9054,419.0344,687.99915,531.7589,670.9523,531.7589,HCAP
187685,3128.0833473952093,23,1181.1895,371.35245,1211.112,455.19022,1196.1508,455.19022,LHC
187685,3128.0833473952093,14,1026.2267,370.22653,1053.2512,456.62778,1039.739,456.62778,HCAP
187685,3128.0833473952093,21,1157.8899,367.05176,1186.5833,440.0179,1172.2366,440.0179,LHC
187691,3128.183347395659,20,1110.8229,412.61362,1155.4589,501.03625,1133.1409,501.03625,LHC
187691,3128.183347395659,12,780.8104,388.88892,817.60657,464.11523,799.2085,464.11523,HCAP
187691,3128.183347395659,22,853.7706,370.37082,888.70605,449.6466,871.23834,449.6466,LHC
187691,3128.183347395659,11,1059.1575,406.82172,1088.1304,502.19733,1073.6439,502.19733,LHC
187691,3128.183347395659,23,1162.6073,361.79803,1203.3508,453.4582,1182.979,453.4582,LHC
187691,3128.183347395659,17,653.875,419.22327,687.71497,531.84814,670.795,531.84814,HCAP
187691,3128.183347395659,24,957.78754,391.97195,989.81854,481.96262,973.80304,481.96262,LHC
187691,3128.183347395659,14,1026.0796,369.38058,1054.7327,459.44778,1040.4061,459.44778,HCAP
187691,3128.183347395659,18,936.27185,405.7912,966.5355,503.198,951.4037,503.198,HCAP
187697,3128.2833473961086,20,1107.7087,414.08417,1152.1548,499.91193,1129.9318,499.91193,LHC
187697,3128.2833473961086,12,780.8062,389.03394,818.3403,463.38235,799.57324,463.38235,HCAP
187697,3128.2833473961086,11,1058.0312,406.3683,1088.4982,501.6435,1073.2646,501.6435,LHC
187697,3128.2833473961086,22,860.08575,367.30127,891.8461,450.90814,875.96594,450.90814,LHC
187697,3128.2833473961086,17,653.82605,419.34814,687.84375,531.7772,670.8349,531.7772,HCAP
187697,3128.2833473961086,24,958.6939,389.03326,985.8986,475.95398,972.29626,475.95398,LHC
187697,3128.2833473961086,23,1159.5771,361.58752,1204.3401,450.14072,1181.9586,450.14072,LHC
187697,3128.2833473961086,18,939.006,395.3515,968.84827,505.739,953.9271,505.739,HCAP
187697,3128.2833473961086,14,1027.2264,369.79694,1054.5494,456.95007,1040.888,456.95007,HCAP
187703,3128.383347396558,20,1104.5513,415.58093,1149.6143,501.6361,1127.0828,501.6361,LHC
187703,3128.383347396558,12,780.6912,389.1091,818.5206,463.26498,799.60596,463.26498,HCAP
187703,3128.383347396558,22,861.5082,368.03137,893.8727,453.1365,877.6904,453.1365,LHC
187703,3128.383347396558,11,1058.26,405.36432,1089.3987,503.14117,1073.8293,503.14117,LHC
187703,3128.383347396558,17,653.62744,419.19846,687.9398,531.80554,670.7836,531.80554,HCAP
187703,3128.383347396558,14,1027.5801,370.2117,1055.9153,455.7094,1041.7477,455.7094,HCAP
187703,3128.383347396558,18,940.60864,397.05438,970.2826,504.79407,955.4456,504.79407,HCAP
187703,3128.383347396558,21,1180.3035,362.69284,1208.804,445.11063,1194.5537,445.11063,LHC
187703,3128.383347396558,23,1149.6895,366.35583,1184.4993,449.25262,1167.0944,449.25262,LHC
187703,3128.383347396558,24,954.33435,394.68683,980.80334,470.6949,967.56885,470.6949,LHC
187709,3128.4833473970075,20,1102.3469,416.26068,1147.1392,502.26245,1124.743,502.26245,LHC
187709,3128.4833473970075,22,862.95764,369.09558,896.329,457.3548,879.6433,457.3548,LHC
187709,3128.4833473970075,12,780.568,389.36725,818.84985,463.19745,799.7089,463.19745,HCAP
187709,3128.4833473970075,11,1059.3696,403.86,1088.5161,504.26962,1073.9429,504.26962,LHC
187709,3128.4833473970075,17,653.80005,419.43155,687.7088,531.7744,670.7544,531.7744,HCAP
187709,3128.4833473970075,21,1181.8,361.87225,1213.5037,446.04108,1197.6519,446.04108,LHC
187709,3128.4833473970075,23,1142.7925,365.22354,1176.0056,446.21503,1159.399,446.21503,LHC
187709,3128.4833473970075,14,1027.6893,369.88806,1056.3354,460.2845,1042.0125,460.2845,HCAP
187709,3128.4833473970075,18,940.98175,400.46997,975.4572,503.4569,958.2195,503.4569,HCAP
187715,3128.583347397457,20,1099.1196,415.30875,1142.793,501.6135,1120.9563,501.6135,LHC
187715,3128.583347397457,12,780.34814,389.38486,820.2135,463.27414,800.2808,463.27414,HCAP
187715,3128.583347397457,22,863.0956,369.90125,898.0615,457.5478,880.57855,457.5478,LHC
187715,3128.583347397457,21,1186.189,364.9757,1217.5911,447.2277,1201.89,447.2277,LHC
187715,3128.583347397457,17,654.1579,419.15662,687.80176,531.9798,670.97986,531.9798,HCAP
187715,3128.583347397457,11,1059.1848,404.67883,1089.272,503.50177,1074.2284,503.50177,LHC
187715,3128.583347397457,14,1027.1929,370.30453,1057.6123,458.82413,1042.4026,458.82413,HCAP
187715,3128.583347397457,23,1134.3424,365.41397,1172.8011,443.39035,1153.5718,443.39035,LHC
187715,3128.583347397457,24,935.9537,386.87823,963.4598,451.94467,949.7067,451.94467,LHC
187715,3128.583347397457,18,946.72833,403.19394,977.89874,487.38034,962.31354,487.38034,HCAP
187721,3128.683347397907,20,1097.3923,415.43073,1142.1077,501.68414,1119.75,501.68414,LHC
187721,3128.683347397907,12,780.1082,389.46143,815.59955,463.74927,797.8539,463.74927,HCAP
187721,3128.683347397907,22,864.1194,372.34753,900.2527,459.07544,882.18604,459.07544,LHC
187721,3128.683347397907,17,653.90015,418.07162,687.95044,531.58545,670.9253,531.58545,HCAP
187721,3128.683347397907,21,1187.2576,361.26672,1220.0326,448.45148,1203.645,448.45148,LHC
187721,3128.683347397907,23,1128.0978,362.39877,1161.7324,441.8268,1144.915,441.8268,LHC
187721,3128.683347397907,14,1026.7628,370.01303,1056.5999,462.87552,1041.6814,462.87552,HCAP
187721,3128.683347397907,18,944.4838,411.3665,984.3525,500.6976,964.41815,500.6976,HCAP
187721,3128.683347397907,11,1059.9349,406.8361,1089.8035,504.6622,1074.8691,504.6622,LHC
187721,3128.683347397907,24,929.4893,395.77908,955.7034,458.40958,942.5964,458.40958,LHC
187727,3128.783347398356,12,780.10364,389.72772,815.55853,463.6397,797.83105,463.6397,HCAP
187727,3128.783347398356,20,1095.1943,414.62943,1138.5242,501.5072,1116.8593,501.5072,LHC
187727,3128.783347398356,22,864.66266,372.0812,898.5522,460.4814,881.6074,460.4814,LHC
187727,3128.783347398356,17,653.912,418.1715,687.73535,531.6564,670.82367,531.6564,HCAP
187727,3128.783347398356,21,1187.2303,365.85675,1220.0817,449.61102,1203.656,449.61102,LHC
187727,3128.783347398356,23,1117.493,358.80377,1150.9688,441.48798,1134.231,441.48798,LHC
187727,3128.783347398356,14,1027.0253,369.75027,1058.0258,461.45288,1042.5255,461.45288,HCAP
187727,3128.783347398356,11,1060.145,409.5834,1089.3564,502.178,1074.7507,502.178,LHC
187727,3128.783347398356,24,920.9645,392.73056,957.7705,460.32834,939.3675,460.32834,LHC
187727,3128.783347398356,18,951.30597,423.44464,985.4266,501.9682,968.3663,501.9682,HCAP
187733,3128.8833473988057,20,1094.0154,414.44522,1137.7432,501.71,1115.8793,501.71,LHC
187733,3128.8833473988057,17,653.6278,418.64728,687.7755,532.3155,670.70166,532.3155,HCAP
187733,3128.8833473988057,12,779.9857,389.48138,818.0246,463.54718,799.0051,463.54718,HCAP
187733,3128.8833473988057,22,865.9702,375.0246,899.22986,462.13995,882.60004,462.13995,LHC
187733,3128.8833473988057,21,1185.6453,365.48627,1219.9133,448.701,1202.7793,448.701,LHC
187733,3128.8833473988057,11,1059.6091,407.13666,1089.3663,502.42557,1074.4878,502.42557,LHC
187733,3128.8833473988057,18,952.9508,410.07596,984.6603,500.3411,968.80554,500.3411,HCAP
187733,3128.8833473988057,23,1110.9775,357.4273,1143.3799,437.7,1127.1787,437.7,LHC
187733,3128.8833473988057,14,1027.2161,369.74005,1059.0613,459.92792,1043.1387,459.92792,HCAP
187733,3128.8833473988057,24,911.22253,363.7873,957.687,458.7035,934.4548,458.7035,LHC
187739,3128.9833473992553,12,780.11664,389.83237,816.1485,463.60437,798.13257,463.60437,HCAP
187739,3128.9833473992553,20,1095.668,414.61505,1137.1183,501.6949,1116.3931,501.6949,LHC
187739,3128.9833473992553,21,1183.217,366.54095,1218.1958,450.63928,1200.7064,450.63928,LHC
187739,3128.9833473992553,22,868.6665,380.5905,900.45654,466.61145,884.5615,466.61145,LHC
187739,3128.9833473992553,11,1060.8278,406.94,1089.625,502.77557,1075.2263,502.77557,LHC
187739,3128.9833473992553,17,653.72144,418.4955,687.9172,531.80725,670.81934,531.80725,HCAP
187739,3128.9833473992553,18,957.94684,404.46423,988.1946,495.9655,973.0707,495.9655,HCAP
187739,3128.9833473992553,14,1027.2705,369.58905,1061.1603,461.22345,1044.2153,461.22345,HCAP
187739,3128.9833473992553,23,1100.1263,352.30127,1135.3416,433.73358,1117.7339,433.73358,LHC
187739,3128.9833473992553,24,906.29535,357.49356,952.18854,457.74802,929.24194,457.74802,LHC
187745,3129.083347399705,17,653.8102,418.72778,687.90607,532.29333,670.85815,532.29333,HCAP
187745,3129.083347399705,12,780.1554,389.66412,816.7523,463.65204,798.45386,463.65204,HCAP
187745,3129.083347399705,21,1179.1785,367.30243,1216.1309,451.7644,1197.6547,451.7644,LHC
187745,3129.083347399705,22,869.67206,381.65048,902.4827,468.94162,886.0774,468.94162,LHC
187745,3129.083347399705,20,1093.8109,413.3195,1136.5159,501.57962,1115.1633,501.57962,LHC
187745,3129.083347399705,11,1060.5823,405.66803,1089.9136,502.17438,1075.2479,502.17438,LHC
187745,3129.083347399705,18,959.39886,405.03397,990.69635,503.18143,975.0476,503.18143,HCAP
187745,3129.083347399705,14,1027.3867,369.73672,1062.2485,460.79855,1044.8176,460.79855,HCAP
187745,3129.083347399705,24,895.577,384.28986,937.202,455.9751,916.3895,455.9751,LHC
187745,3129.083347399705,23,1093.3892,353.70703,1128.2722,424.21838,1110.8307,424.21838,LHC
187751,3129.183347400154,17,653.7529,418.6917,687.99146,532.26013,670.8722,532.26013,HCAP
187751,3129.183347400154,18,963.00854,404.10883,993.84534,502.43793,978.42694,502.43793,HCAP
187751,3129.183347400154,12,780.1211,390.49173,815.3246,463.69473,797.72284,463.69473,HCAP
187751,3129.183347400154,21,1176.2983,367.19568,1211.6211,451.30453,1193.9597,451.30453,LHC
187751,3129.183347400154,11,1061.1302,406.30347,1090.6875,502.10034,1075.9089,502.10034,LHC
187751,3129.183347400154,20,1092.0503,410.04346,1136.3567,501.63263,1114.2035,501.63263,LHC
187751,3129.183347400154,14,1028.1449,369.54886,1060.9255,457.5923,1044.5352,457.5923,HCAP
187751,3129.183347400154,25,1337.3108,400.44867,1376.8755,475.73303,1357.0931,475.73303,LHC
187751,3129.183347400154,22,872.13855,388.80542,902.7329,471.15262,887.4357,471.15262,LHC
187751,3129.183347400154,23,1091.5338,359.14728,1120.6681,424.41943,1106.101,424.41943,LHC
187751,3129.183347400154,24,907.44635,347.65887,934.32697,419.03348,920.88666,419.03348,LHC
187757,3129.283347400604,17,653.80566,418.8599,687.8721,532.3552,670.83887,532.3552,HCAP
187757,3129.283347400604,12,780.30634,390.50638,815.10864,463.47116,797.7075,463.47116,HCAP
187757,3129.283347400604,18,966.4896,404.00766,1000.5183,502.42374,983.50397,502.42374,HCAP
187757,3129.283347400604,21,1174.6526,366.29956,1208.7058,451.4741,1191.6792,451.4741,LHC
187757,3129.283347400604,22,871.6659,384.35294,909.00073,473.9091,890.3333,473.9091,LHC
187757,3129.283347400604,11,1060.4032,406.47116,1090.6393,501.96176,1075.5212,501.96176,LHC
187757,3129.283347400604,20,1093.1204,411.16196,1136.3271,501.9039,1114.7238,501.9039,LHC
187757,3129.283347400604,14,1028.02,369.4358,1060.8779,457.84296,1044.449,457.84296,HCAP
187757,3129.283347400604,25,1341.3733,391.54074,1381.2468,478.70682,1361.31,478.70682,LHC
187757,3129.283347400604,23,1081.8438,359.12927,1112.3206,422.22632,1097.0822,422.22632,LHC
187757,3129.283347400604,24,902.9797,342.23682,927.25104,421.54352,915.11536,421.54352,LHC
187763,3129.3833474010535,17,653.89764,419.1147,687.82874,532.5009,670.86316,532.5009,HCAP
187763,3129.3833474010535,12,780.5045,390.3914,814.9729,463.71524,797.7387,463.71524,HCAP
187763,3129.3833474010535,20,1090.5691,413.51633,1136.174,501.60846,1113.3716,501.60846,LHC
187763,3129.3833474010535,21,1172.611,367.62305,1204.828,450.70276,1188.7195,450.70276,LHC
187763,3129.3833474010535,18,969.0403,404.10892,1000.9856,502.38547,985.01294,502.38547,HCAP
187763,3129.3833474010535,14,1028.3325,368.76874,1060.0527,454.35736,1044.1926,454.35736,HCAP
187763,3129.3833474010535,11,1060.519,411.0498,1091.48,501.8996,1075.9995,501.8996,LHC
187763,3129.3833474010535,25,1348.4778,391.08847,1387.3315,482.7031,1367.9047,482.7031,LHC
187763,3129.3833474010535,22,868.9184,395.51138,912.01044,476.0204,890.4644,476.0204,LHC
187763,3129.3833474010535,24,895.7181,341.42953,921.12506,419.74667,908.4216,419.74667,LHC
187763,3129.3833474010535,23,1076.8721,359.51028,1105.7295,424.32724,1091.3008,424.32724,LHC
187769,3129.483347401503,17,653.6431,418.82172,687.7727,532.38855,670.7079,532.38855,HCAP
187769,3129.483347401503,12,780.52423,389.8391,815.7541,464.1833,798.13916,464.1833,HCAP
187769,3129.483347401503,20,1090.9056,415.1715,1136.4541,501.62585,1113.6799,501.62585,LHC
187769,3129.483347401503,22,871.8109,373.1261,915.4682,476.11487,893.6395,476.11487,LHC
187769,3129.483347401503,18,971.12054,403.899,1003.8446,501.6794,987.48254,501.6794,HCAP
187769,3129.483347401503,11,1059.6826,410.79254,1090.9625,501.87927,1075.3225,501.87927,LHC
187769,3129.483347401503,14,1028.9014,368.43988,1059.5806,457.76907,1044.241,457.76907,HCAP
187769,3129.483347401503,21,1170.5542,370.37695,1201.929,450.69827,1186.2416,450.69827,LHC
187769,3129.483347401503,25,1351.4796,398.1102,1392.1554,485.11514,1371.8175,485.11514,LHC
187769,3129.483347401503,23,1070.8491,355.74637,1096.8337,413.18307,1083.8414,413.18307,LHC
187775,3129.5833474019523,20,1091.1848,416.50708,1136.3009,501.6396,1113.7429,501.6396,LHC
187775,3129.5833474019523,22,879.1616,392.48248,917.8712,477.49664,898.5164,477.49664,LHC
187775,3129.5833474019523,12,780.4896,390.1506,815.35474,464.1275,797.9222,464.1275,HCAP
187775,3129.5833474019523,17,653.60364,418.6572,687.89233,532.2705,670.748,532.2705,HCAP
187775,3129.5833474019523,18,972.6802,405.59244,1003.10657,502.3419,987.8934,502.3419,HCAP
187775,3129.5833474019523,25,1356.9954,413.9243,1398.0597,487.4111,1377.5276,487.4111,LHC
187775,3129.5833474019523,11,1059.283,411.9062,1090.9385,501.7705,1075.1107,501.7705,LHC
187775,3129.5833474019523,21,1167.0853,368.92523,1198.571,450.75415,1182.8281,450.75415,LHC
187775,3129.5833474019523,14,1029.2778,368.95166,1059.7902,457.64795,1044.5339,457.64795,HCAP
187775,3129.5833474019523,23,1064.9299,354.4115,1091.5763,421.46204,1078.2532,421.46204,LHC
187781,3129.683347402402,20,1091.4978,416.95984,1136.3733,501.57233,1113.9355,501.57233,LHC
187781,3129.683347402402,12,780.7586,389.72412,814.7745,464.1996,797.76654,464.1996,HCAP
187781,3129.683347402402,22,884.40564,389.92374,921.8932,482.8754,903.1494,482.8754,LHC
187781,3129.683347402402,17,653.42334,418.73337,688.29944,532.45557,670.8614,532.45557,HCAP
187781,3129.683347402402,18,974.8687,406.01678,1009.87445,501.61963,992.3716,501.61963,HCAP
187781,3129.683347402402,11,1060.3872,412.84515,1090.9966,501.7695,1075.6919,501.7695,LHC
187781,3129.683347402402,25,1360.2788,408.62997,1401.0256,491.12155,1380.6522,491.12155,LHC
187781,3129.683347402402,21,1164.4277,367.92444,1195.5022,451.10834,1179.965,451.10834,LHC
187781,3129.683347402402,26,841.36414,369.24866,872.32544,443.44537,856.8448,443.44537,LHC
187781,3129.683347402402,14,1029.8009,369.31567,1062.6097,460.49725,1046.2053,460.49725,HCAP
187787,3129.7833474028516,22,890.57336,391.84644,925.121,484.53882,907.84717,484.53882,LHC
187787,3129.7833474028516,20,1091.7952,416.66785,1136.5598,501.516,1114.1775,501.516,LHC
187787,3129.7833474028516,17,653.37836,418.36185,688.4702,532.6139,670.9243,532.6139,HCAP
187787,3129.7833474028516,18,975.9918,405.93073,1008.99194,502.52875,992.4919,502.52875,HCAP
187787,3129.7833474028516,12,779.8647,389.69543,814.31964,464.30414,797.09216,464.30414,HCAP
187787,3129.7833474028516,11,1060.1489,410.97116,1091.526,501.80154,1075.8374,501.80154,LHC
187787,3129.7833474028516,25,1365.1776,408.503,1406.8209,494.50378,1385.9993,494.50378,LHC
187787,3129.7833474028516,26,832.5983,367.78418,862.58405,439.39545,847.5912,439.39545,LHC
187787,3129.7833474028516,27,1326.7625,378.48322,1374.9456,469.79077,1350.854,469.79077,LHC
187787,3129.7833474028516,21,1163.4644,367.40277,1190.5901,450.32208,1177.0272,450.32208,LHC
187787,3129.7833474028516,14,1030.1406,370.64703,1059.0906,458.51184,1044.6156,458.51184,HCAP
187787,3129.7833474028516,24,865.81824,352.61435,896.0808,417.3261,880.9495,417.3261,LHC
187793,3129.8833474033013,22,893.76184,392.7069,927.6432,486.7118,910.7025,486.7118,LHC
187793,3129.8833474033013,17,653.3842,417.71237,688.8639,532.8382,671.124,532.8382,HCAP
187793,3129.8833474033013,20,1091.3038,416.64816,1136.8136,501.47122,1114.0587,501.47122,LHC
187793,3129.8833474033013,12,780.11975,389.60587,814.8124,464.16953,797.46606,464.16953,HCAP
187793,3129.8833474033013,18,978.1266,406.07996,1011.4667,501.19574,994.79663,501.19574,HCAP
187793,3129.8833474033013,11,1061.0533,411.2591,1091.7974,501.49695,1076.4253,501.49695,LHC
187793,3129.8833474033013,25,1371.0587,410.35535,1413.3687,497.25317,1392.2136,497.25317,LHC
187793,3129.8833474033013,27,1324.7607,380.03513,1374.5991,470.81314,1349.6799,470.81314,LHC
187793,3129.8833474033013,14,1030.0771,369.5667,1059.7095,458.52063,1044.8933,458.52063,HCAP
187793,3129.8833474033013,26,825.59454,362.83466,858.72675,437.8644,842.16064,437.8644,LHC
187793,3129.8833474033013,24,860.79456,353.36572,892.2517,417.90747,876.52313,417.90747,LHC
187793,3129.8833474033013,21,1161.67,371.4061,1187.8336,451.913,1174.7518,451.913,LHC
187799,3129.9833474037505,22,896.4897,392.57446,932.17145,490.32275,914.33057,490.32275,LHC
187799,3129.9833474037505,20,1091.019,416.76443,1137.1726,501.58,1114.0958,501.58,LHC
187799,3129.9833474037505,18,978.3727,406.57452,1012.0354,505.08673,995.20404,505.08673,HCAP
187799,3129.9833474037505,12,780.7296,390.2176,813.72314,463.8119,797.2264,463.8119,HCAP
187799,3129.9833474037505,17,653.478,419.3263,688.7916,532.7784,671.1348,532.7784,HCAP
187799,3129.9833474037505,25,1366.6461,407.64764,1415.6177,500.15894,1391.1318,500.15894,LHC
187799,3129.9833474037505,11,1061.1082,412.76212,1091.949,501.3814,1076.5286,501.3814,LHC
187799,3129.9833474037505,27,1324.0662,378.73123,1369.418,472.90054,1346.7421,472.90054,LHC
187799,3129.9833474037505,21,1158.5533,370.81824,1184.2914,450.52194,1171.4224,450.52194,LHC
187799,3129.9833474037505,26,822.2721,363.71237,849.5907,436.83316,835.9314,436.83316,LHC
187799,3129.9833474037505,14,1029.8304,371.1786,1061.3693,460.83975,1045.5999,460.83975,HCAP
187799,3129.9833474037505,24,857.0563,357.4919,881.00464,415.41696,869.03046,415.41696,LHC
187805,3130.0833474042,22,896.4093,394.96262,935.5327,489.9149,915.971,489.9149,LHC
187805,3130.0833474042,12,780.7438,390.6091,812.45325,463.50366,796.5985,463.50366,HCAP
187805,3130.0833474042,20,1091.2783,416.5352,1137.4785,501.56662,1114.3784,501.56662,LHC
187805,3130.0833474042,17,653.66956,419.39987,688.6697,532.75757,671.1696,532.75757,HCAP
187805,3130.0833474042,25,1370.7909,409.63538,1417.6245,502.89563,1394.2078,502.89563,LHC
187805,3130.0833474042,18,979.4559,406.8772,1011.7447,505.99036,995.6003,505.99036,HCAP
187805,3130.0833474042,21,1154.1902,369.16388,1179.9928,450.69617,1167.0916,450.69617,LHC
187805,3130.0833474042,11,1059.8481,410.08456,1092.1084,501.80704,1075.9783,501.80704,LHC
187805,3130.0833474042,27,1325.7654,382.0079,1367.7234,471.85638,1346.7444,471.85638,LHC
187805,3130.0833474042,26,813.1009,363.83423,840.18585,432.54437,826.6434,432.54437,LHC
187805,3130.0833474042,14,1028.7229,366.1811,1061.53,461.13483,1045.1265,461.13483,HCAP
187805,3130.0833474042,24,845.87305,345.24805,874.39734,413.18176,860.1352,413.18176,LHC
187811,3130.18334740465,22,898.31396,398.71014,944.58984,492.20453,921.4519,492.20453,LHC
187811,3130.18334740465,20,1091.3735,416.3834,1137.3657,501.56296,1114.3696,501.56296,LHC
187811,3130.18334740465,18,983.2579,407.05353,1012.9129,506.63763,998.0854,506.63763,HCAP
187811,3130.18334740465,17,653.6498,420.0304,688.70264,532.29004,671.1762,532.29004,HCAP
187811,3130.18334740465,25,1374.7306,410.60422,1422.1409,504.57797,1398.4358,504.57797,LHC
187811,3130.18334740465,12,780.64905,392.5475,810.7988,463.31775,795.72394,463.31775,HCAP
187811,3130.18334740465,11,1060.7388,409.1184,1091.9346,501.3273,1076.3367,501.3273,LHC
187811,3130.18334740465,21,1150.7303,370.41293,1177.0243,449.84225,1163.8773,449.84225,LHC
187811,3130.18334740465,27,1327.8137,378.98364,1366.5383,472.49762,1347.176,472.49762,LHC
187811,3130.18334740465,26,808.40826,362.6802,834.58997,431.59653,821.49915,431.59653,LHC
187811,3130.18334740465,14,1029.25,376.20068,1059.896,455.05524,1044.573,455.05524,HCAP
187811,3130.18334740465,24,839.6411,336.7331,866.7407,413.03967,853.1909,413.03967,LHC
187817,3130.2833474050994,22,900.10144,399.466,952.6736,495.59326,926.3875,495.59326,LHC
187817,3130.2833474050994,25,1375.8606,411.79413,1424.4751,508.17535,1400.1678,508.17535,LHC
187817,3130.2833474050994,20,1091.317,415.6259,1137.4731,501.5712,1114.395,501.5712,LHC
187817,3130.2833474050994,17,654.0198,419.6901,688.5306,531.9,671.27515,531.9,HCAP
187817,3130.2833474050994,12,779.66,392.3333,813.7839,463.63568,796.7219,463.63568,HCAP
187817,3130.2833474050994,18,985.918,408.03314,1014.5495,508.59842,1000.23376,508.59842,HCAP
187817,3130.2833474050994,27,1328.128,377.3108,1366.1766,472.4392,1347.1523,472.4392,LHC
187817,3130.2833474050994,21,1146.6252,367.98047,1173.8799,450.89502,1160.2526,450.89502,LHC
187817,3130.2833474050994,11,1061.3918,409.74518,1091.8877,501.2959,1076.6398,501.2959,LHC
187817,3130.2833474050994,14,1029.0278,369.99655,1060.8259,458.6293,1044.9269,458.6293,HCAP
187817,3130.2833474050994,26,798.106,359.936,826.4286,427.32742,812.26733,427.32742,LHC
187817,3130.2833474050994,24,834.86755,349.6974,861.81555,413.19406,848.34155,413.19406,LHC
187823,3130.3833474055486,22,901.7016,400.2302,956.87494,498.5593,929.28827,498.5593,LHC
187823,3130.3833474055486,25,1377.8522,412.66406,1425.4314,512.09143,1401.6418,512.09143,LHC
187823,3130.3833474055486,20,1090.9312,413.01608,1137.2925,501.6156,1114.1118,501.6156,LHC
187823,3130.3833474055486,12,780.6002,390.86948,814.0111,463.60446,797.30566,463.60446,HCAP
187823,3130.3833474055486,18,986.542,408.21735,1017.673,504.25323,1002.1075,504.25323,HCAP
187823,3130.3833474055486,11,1062.0416,409.1739,1091.3934,501.35193,1076.7175,501.35193,LHC
187823,3130.3833474055486,27,1327.9944,382.6105,1367.3243,472.3265,1347.6594,472.3265,LHC
187823,3130.3833474055486,21,1143.9385,366.73032,1171.8145,451.69803,1157.8765,451.69803,LHC
187823,3130.3833474055486,14,1029.7024,368.70218,1062.2787,458.22345,1045.9905,458.22345,HCAP
187823,3130.3833474055486,17,653.947,419.43127,687.2108,526.5097,670.5789,526.5097,HCAP
187823,3130.3833474055486,24,829.5531,348.12646,853.942,410.37604,841.74756,410.37604,LHC
187829,3130.4833474059983,22,905.9057,401.76416,957.5839,502.27863,931.7448,502.27863,LHC
187829,3130.4833474059983,25,1378.8737,415.90292,1427.4597,515.3583,1403.1667,515.3583,LHC
187829,3130.4833474059983,18,986.50366,407.99988,1020.6571,503.87524,1003.5804,503.87524,HCAP
187829,3130.4833474059983,20,1090.1907,413.08148,1136.9421,502.01227,1113.5664,502.01227,LHC
187829,3130.4833474059983,27,1324.8533,384.3762,1366.852,472.5671,1345.8527,472.5671,LHC
187829,3130.4833474059983,11,1062.2314,409.13864,1091.3892,501.23877,1076.8103,501.23877,LHC
187829,3130.4833474059983,21,1140.1372,367.94525,1168.4995,453.8446,1154.3184,453.8446,LHC
187829,3130.4833474059983,14,1031.1292,367.92737,1063.3379,459.06207,1047.2335,459.06207,HCAP
187829,3130.4833474059983,12,780.17444,389.98563,813.87695,464.00363,797.0257,464.00363,HCAP
187829,3130.4833474059983,17,654.0657,418.68658,685.29443,510.54758,669.68005,510.54758,HCAP
187829,3130.4833474059983,24,819.7846,349.11996,847.9726,411.2732,833.8786,411.2732,LHC
187835,3130.583347406448,22,909.0227,402.46152,959.6724,505.91812,934.34753,505.91812,LHC
187835,3130.583347406448,25,1377.7085,416.24698,1429.5691,518.0664,1403.6388,518.0664,LHC
187835,3130.583347406448,20,1090.3828,416.5991,1136.8491,501.73178,1113.616,501.73178,LHC
187835,3130.583347406448,27,1323.3708,388.18002,1365.2383,473.40335,1344.3046,473.40335,LHC
187835,3130.583347406448,18,985.74554,408.01392,1021.4284,502.9964,1003.587,502.9964,HCAP
187835,3130.583347406448,17,653.6288,418.01917,686.33264,525.6912,669.9807,525.6912,HCAP
187835,3130.583347406448,11,1062.1986,409.54578,1091.3165,501.43726,1076.7576,501.43726,LHC
187835,3130.583347406448,21,1136.2856,369.09216,1165.4294,453.0406,1150.8575,453.0406,LHC
187835,3130.583347406448,14,1029.581,373.9062,1063.03,459.64502,1046.3055,459.64502,HCAP
187835,3130.583347406448,12,779.97363,391.3828,813.4325,463.7644,796.70306,463.7644,HCAP
187835,3130.583347406448,24,818.6221,351.61935,842.48236,411.11197,830.55225,411.11197,LHC
187835,3130.583347406448,26,777.10895,353.86368,801.25726,408.89017,789.1831,408.89017,LHC
187841,3130.6833474068976,22,911.704,405.10785,961.1113,509.8018,936.40765,509.8018,LHC
187841,3130.6833474068976,25,1375.2336,418.42932,1429.4974,520.4612,1402.3655,520.4612,LHC
187841,3130.6833474068976,18,986.0885,408.44577,1021.4423,505.83554,1003.7654,505.83554,HCAP
187841,3130.6833474068976,20,1090.6285,418.43948,1137.542,501.5743,1114.0852,501.5743,LHC
187841,3130.6833474068976,27,1323.8323,389.93213,1365.1438,474.47308,1344.488,474.47308,LHC
187841,3130.6833474068976,21,1133.2474,365.56906,1162.3187,453.3998,1147.7831,453.3998,LHC
187841,3130.6833474068976,11,1061.9589,409.40442,1091.4213,500.7475,1076.6901,500.7475,LHC
187841,3130.6833474068976,12,780.1863,388.9978,814.1035,463.70337,797.1449,463.70337,HCAP
187841,3130.6833474068976,14,1028.8906,373.50012,1063.0126,459.90283,1045.9517,459.90283,HCAP
187841,3130.6833474068976,17,653.95874,418.79938,685.2523,508.25684,669.6055,508.25684,HCAP
187841,3130.6833474068976,26,768.5929,354.65973,793.71533,422.69943,781.1541,422.69943,LHC
187841,3130.6833474068976,24,811.2647,346.17218,838.16327,409.72662,824.714,409.72662,LHC
187847,3130.783347407347,25,1372.1731,419.98544,1427.386,524.03516,1399.7795,524.03516,LHC
187847,3130.783347407347,22,916.1991,406.21884,964.58655,511.91867,940.3928,511.91867,LHC
187847,3130.783347407347,27,1321.5457,389.36032,1363.6016,475.28366,1342.5736,475.28366,LHC
187847,3130.783347407347,20,1090.3094,418.67862,1137.24,501.52505,1113.7747,501.52505,LHC
187847,3130.783347407347,18,985.37964,409.08298,1022.96826,505.76083,1004.17395,505.76083,HCAP
187847,3130.783347407347,21,1130.6919,368.63458,1160.3757,454.36975,1145.5338,454.36975,LHC
187847,3130.783347407347,11,1061.651,409.23615,1091.5168,501.0726,1076.584,501.0726,LHC
187847,3130.783347407347,14,1031.4231,371.21387,1061.9296,459.26965,1046.6763,459.26965,HCAP
187847,3130.783347407347,12,781.16437,390.74084,813.14044,463.7363,797.1524,463.7363,HCAP
187847,3130.783347407347,26,761.13806,350.41342,787.6748,422.5414,774.40643,422.5414,LHC
187847,3130.783347407347,17,654.0365,419.1914,684.5177,486.41235,669.2771,486.41235,HCAP
187847,3130.783347407347,24,806.21173,337.40698,833.87604,408.04852,820.0439,408.04852,LHC
187853,3130.8833474077965,22,921.65515,408.70715,964.69556,514.9038,943.17535,514.9038,LHC
187853,3130.8833474077965,25,1370.0593,421.32678,1425.4229,526.3808,1397.7411,526.3808,LHC
187853,3130.8833474077965,27,1318.8904,390.8062,1363.103,474.70294,1340.9967,474.70294,LHC
187853,3130.8833474077965,20,1090.4652,418.65573,1136.9136,501.72702,1113.6895,501.72702,LHC
187853,3130.8833474077965,21,1127.4276,367.26636,1156.8215,454.7212,1142.1245,454.7212,LHC
187853,3130.8833474077965,14,1031.6268,370.9401,1061.6334,458.87778,1046.6301,458.87778,HCAP
187853,3130.8833474077965,12,781.4149,390.01566,816.2656,463.62296,798.8403,463.62296,HCAP
187853,3130.8833474077965,11,1062.2405,409.19733,1091.7174,501.09824,1076.979,501.09824,LHC
187853,3130.8833474077965,18,987.47644,414.62457,1023.6244,505.56116,1005.5504,505.56116,HCAP
187853,3130.8833474077965,17,653.1957,419.44675,683.4957,500.5709,668.3457,500.5709,HCAP
187853,3130.8833474077965,26,754.82947,350.82047,780.4016,420.0305,767.61554,420.0305,LHC
187859,3130.983347408246,22,926.3388,410.03714,967.60016,518.29224,946.9695,518.29224,LHC
187859,3130.983347408246,25,1366.2651,422.3488,1419.4734,528.37115,1392.8693,528.37115,LHC
187859,3130.983347408246,27,1317.727,390.83136,1362.2351,475.26605,1339.9811,475.26605,LHC
187859,3130.983347408246,12,780.56525,391.26443,811.89166,463.62973,796.22845,463.62973,HCAP
187859,3130.983347408246,14,1031.4597,370.51947,1061.6028,458.6286,1046.5312,458.6286,HCAP
187859,3130.983347408246,21,1123.1816,370.0937,1155.3865,455.56366,1139.284,455.56366,LHC
187859,3130.983347408246,20,1091.4884,417.12524,1137.275,502.1056,1114.3817,502.1056,LHC
187859,3130.983347408246,18,987.3378,410.16898,1024.977,505.0989,1006.1575,505.0989,HCAP
187859,3130.983347408246,11,1062.9231,410.85553,1092.1096,501.25323,1077.5164,501.25323,LHC
187859,3130.983347408246,26,747.00714,350.75024,774.62805,418.149,760.8176,418.149,LHC
187859,3130.983347408246,17,652.8825,418.83655,684.46344,485.51038,668.673,485.51038,HCAP
187865,3131.0833474086953,25,1362.4268,422.64432,1413.9226,530.09015,1388.1747,530.09015,LHC
187865,3131.0833474086953,26,741.34644,350.03128,766.24036,416.0007,753.7934,416.0007,LHC
187865,3131.0833474086953,21,1121.8428,368.34088,1154.3823,455.8576,1138.1125,455.8576,LHC
187865,3131.0833474086953,14,1029.9686,370.74454,1061.2156,460.78317,1045.592,460.78317,HCAP
187865,3131.0833474086953,27,1317.2368,390.6209,1361.3779,475.41284,1339.3074,475.41284,LHC
187865,3131.0833474086953,20,1090.3647,416.60706,1137.4316,502.0078,1113.8982,502.0078,LHC
187865,3131.0833474086953,12,779.95605,391.25006,814.40405,463.69666,797.18005,463.69666,HCAP
187865,3131.0833474086953,22,931.55786,411.9343,974.265,522.46704,952.91144,522.46704,LHC
187865,3131.0833474086953,18,986.94543,413.38733,1024.8538,505.2422,1005.8996,505.2422,HCAP
187865,3131.0833474086953,11,1062.7042,410.93417,1092.0564,501.25424,1077.3804,501.25424,LHC
187865,3131.0833474086953,17,652.9111,418.60034,683.73047,494.89618,668.3208,494.89618,HCAP
187871,3131.183347409145,25,1358.6669,422.84454,1410.4806,532.25134,1384.5737,532.25134,LHC
187871,3131.183347409145,22,937.2299,414.48386,975.9963,524.756,956.6131,524.756,LHC
187871,3131.183347409145,27,1318.5176,391.71066,1362.3701,474.97064,1340.4438,474.97064,LHC
187871,3131.183347409145,20,1091.7953,417.40796,1137.7991,501.95563,1114.7971,501.95563,LHC
187871,3131.183347409145,14,1028.2239,370.68262,1060.6459,460.024,1044.4348,460.024,HCAP
187871,3131.183347409145,21,1120.039,368.5428,1154.257,456.93475,1137.148,456.93475,LHC
187871,3131.183347409145,18,986.53894,412.36676,1021.6406,505.38507,1004.0898,505.38507,HCAP
187871,3131.183347409145,26,734.9108,347.4308,761.3029,415.17487,748.1069,415.17487,LHC
187871,3131.183347409145,11,1062.7985,411.67767,1092.3643,501.19217,1077.5813,501.19217,LHC
187871,3131.183347409145,12,780.19116,391.48956,813.14026,463.61774,796.6657,463.61774,HCAP
187871,3131.183347409145,17,652.5152,418.40598,691.26355,498.27127,671.8894,498.27127,HCAP
187877,3131.2833474095946,25,1357.805,421.90842,1405.7859,530.3501,1381.7954,530.3501,LHC
187877,3131.2833474095946,22,943.5672,416.10104,980.5278,526.99786,962.0475,526.99786,LHC
187877,3131.2833474095946,14,1027.6868,370.9553,1060.7373,460.53323,1044.212,460.53323,HCAP
187877,3131.2833474095946,21,1118.2642,368.1894,1151.9644,457.15347,1135.1143,457.15347,LHC
187877,3131.2833474095946,20,1091.738,417.30176,1137.8501,502.00186,1114.7941,502.00186,LHC
187877,3131.2833474095946,27,1317.6367,393.18622,1360.7836,474.02087,1339.2102,474.02087,LHC
187877,3131.2833474095946,18,986.369,411.50977,1021.09314,505.9466,1003.7311,505.9466,HCAP
187877,3131.2833474095946,12,780.4803,393.48322,813.34,463.31506,796.91016,463.31506,HCAP
187877,3131.2833474095946,11,1062.834,411.47946,1092.1514,501.4519,1077.4927,501.4519,LHC
187877,3131.2833474095946,26,726.92944,346.89938,754.7959,412.75214,740.8627,412.75214,LHC
187877,3131.2833474095946,17,651.85876,418.10724,688.8939,527.7737,670.37634,527.7737,HCAP
187883,3131.3833474100443,25,1354.9634,421.23523,1404.4054,531.72375,1379.6843,531.72375,LHC
187883,3131.3833474100443,22,950.1101,418.5655,986.2976,528.02716,968.20386,528.02716,LHC
187883,3131.3833474100443,14,1027.9269,370.7937,1061.7106,462.38306,1044.8187,462.38306,HCAP
187883,3131.3833474100443,26,722.62244,345.63663,748.0316,411.2025,735.327,411.2025,LHC
187883,3131.3833474100443,12,779.9544,391.0982,813.6037,463.14484,796.77905,463.14484,HCAP
187883,3131.3833474100443,27,1317.6218,394.03574,1359.6259,473.0223,1338.6238,473.0223,LHC
187883,3131.3833474100443,20,1092.7754,416.82422,1138.7533,502.088,1115.7644,502.088,LHC
187883,3131.3833474100443,21,1114.0339,368.4222,1155.5562,452.29422,1134.795,452.29422,LHC
187883,3131.3833474100443,11,1063.6959,412.0392,1092.0623,501.82553,1077.8792,501.82553,LHC
187883,3131.3833474100443,18,986.7889,410.04858,1020.36346,510.97064,1003.5762,510.97064,HCAP
187883,3131.3833474100443,17,653.11646,418.44717,687.7404,495.96725,670.42847,495.96725,HCAP
187889,3131.4833474104935,25,1351.6145,421.26178,1403.183,533.6999,1377.3987,533.6999,LHC
187889,3131.4833474104935,14,1028.09,370.9725,1062.0579,461.91513,1045.074,461.91513,HCAP
187889,3131.4833474104935,26,718.0572,347.41434,743.2204,411.41547,730.6388,411.41547,LHC
187889,3131.4833474104935,22,956.2059,419.27594,994.706,531.723,975.45593,531.723,LHC
187889,3131.4833474104935,12,779.7717,389.71738,813.87354,463.23624,796.82263,463.23624,HCAP
187889,3131.4833474104935,27,1317.1688,394.25665,1358.941,473.7931,1338.0549,473.7931,LHC
187889,3131.4833474104935,20,1092.7739,417.1766,1138.9926,502.0828,1115.8833,502.0828,LHC
187889,3131.4833474104935,21,1110.2045,369.002,1158.9978,453.20663,1134.6011,453.20663,LHC
187889,3131.4833474104935,11,1063.8635,413.7506,1092.248,501.6731,1078.0558,501.6731,LHC
187889,3131.4833474104935,17,654.791,418.24814,686.2432,526.9474,670.5171,526.9474,HCAP
187889,3131.4833474104935,18,987.4685,434.38007,1016.11096,512.21655,1001.78973,512.21655,HCAP
187895,3131.583347410943,25,1350.5757,421.0177,1404.8925,532.9834,1377.7341,532.9834,LHC
187895,3131.583347410943,14,1027.6785,371.06805,1062.1957,460.01904,1044.937,460.01904,HCAP
187895,3131.583347410943,12,779.85846,388.7915,814.7891,463.31012,797.3238,463.31012,HCAP
187895,3131.583347410943,22,957.77026,422.0983,1003.6548,534.1632,980.7125,534.1632,LHC
187895,3131.583347410943,27,1315.8395,394.38702,1358.8213,474.8941,1337.3303,474.8941,LHC
187895,3131.583347410943,26,713.6639,347.41827,738.43207,409.5087,726.048,409.5087,LHC
187895,3131.583347410943,11,1062.9216,410.5285,1092.8477,502.00873,1077.8846,502.00873,LHC
187895,3131.583347410943,21,1109.176,368.80573,1160.7587,450.30396,1134.9673,450.30396,LHC
187895,3131.583347410943,20,1094.478,415.51053,1140.072,502.19302,1117.275,502.19302,LHC
187895,3131.583347410943,17,653.8896,419.0896,687.3248,529.9964,670.6072,529.9964,HCAP
187901,3131.683347411393,25,1350.907,419.2193,1406.7451,533.8772,1378.826,533.8772,LHC
187901,3131.683347411393,14,1028.323,370.9928,1062.9731,458.47662,1045.6481,458.47662,HCAP
187901,3131.683347411393,12,779.8189,389.99213,815.13446,463.32147,797.4767,463.32147,HCAP
187901,3131.683347411393,21,1112.312,368.79236,1158.158,446.44867,1135.235,446.44867,LHC
187901,3131.683347411393,27,1315.2316,394.0699,1358.7499,475.19348,1336.9907,475.19348,LHC
187901,3131.683347411393,20,1093.5483,416.18692,1139.8949,502.25198,1116.7217,502.25198,LHC
187901,3131.683347411393,22,972.5405,421.35196,1013.0471,535.7477,992.7938,535.7477,LHC
187901,3131.683347411393,11,1061.9924,410.37204,1093.0372,502.18314,1077.5149,502.18314,LHC
187901,3131.683347411393,17,654.60205,419.77197,687.2045,528.21234,670.9033,528.21234,HCAP
187901,3131.683347411393,26,709.5821,344.24362,736.17365,407.35657,722.87787,407.35657,LHC
187907,3131.7833474118424,25,1352.6085,419.8429,1408.9907,534.1595,1380.7996,534.1595,LHC
187907,3131.7833474118424,14,1027.8901,370.72256,1063.1731,459.3437,1045.5316,459.3437,HCAP
187907,3131.7833474118424,12,779.5935,389.56238,816.2948,463.6234,797.94415,463.6234,HCAP
187907,3131.7833474118424,21,1113.2341,370.4143,1155.7444,447.3629,1134.4893,447.3629,LHC
187907,3131.7833474118424,20,1094.2628,417.36017,1140.6621,502.30417,1117.4624,502.30417,LHC
187907,3131.7833474118424,22,980.88367,425.07935,1017.8052,539.4681,999.3444,539.4681,LHC
187907,3131.7833474118424,27,1314.3894,393.98065,1359.429,473.29016,1336.9092,473.29016,LHC
187907,3131.7833474118424,11,1061.529,410.8817,1092.7383,501.75,1077.1337,501.75,LHC
187907,3131.7833474118424,26,704.56885,345.5641,730.2676,407.42328,717.4182,407.42328,LHC
187907,3131.7833474118424,17,652.6476,425.804,687.8917,529.87146,670.26965,529.87146,HCAP
187913,3131.8833474122916,25,1356.453,421.3158,1410.9958,537.7965,1383.7244,537.7965,LHC
187913,3131.8833474122916,12,779.8096,389.7736,815.6801,464.03165,797.7449,464.03165,HCAP
187913,3131.8833474122916,21,1113.2699,370.11758,1155.0912,444.1138,1134.1805,444.1138,LHC
187913,3131.8833474122916,20,1095.0355,416.1396,1142.5415,502.06998,1118.7886,502.06998,LHC
187913,3131.8833474122916,22,989.06525,425.97736,1023.9732,542.9951,1006.5192,542.9951,LHC
187913,3131.8833474122916,14,1027.467,370.42352,1063.5593,460.375,1045.5132,460.375,HCAP
187913,3131.8833474122916,27,1313.74,395.87814,1358.7935,474.53714,1336.2667,474.53714,LHC
187913,3131.8833474122916,11,1061.4412,410.4136,1092.798,501.17624,1077.1196,501.17624,LHC
187913,3131.8833474122916,17,655.5922,418.26105,689.45483,530.9458,672.52356,530.9458,HCAP
187919,3131.9833474127413,12,780.4411,389.4116,818.4234,463.90915,799.43225,463.90915,HCAP
187919,3131.9833474127413,17,653.86084,418.35754,689.13794,531.4758,671.4994,531.4758,HCAP
187919,3131.9833474127413,21,1113.2573,369.75375,1152.8652,441.40018,1133.0613,441.40018,LHC
187919,3131.9833474127413,20,1095.1357,416.2757,1141.9563,501.75726,1118.546,501.75726,LHC
187919,3131.9833474127413,14,1029.4531,370.52097,1064.811,459.34726,1047.1321,459.34726,HCAP
187919,3131.9833474127413,11,1060.9277,410.59314,1092.6962,501.8344,1076.812,501.8344,LHC
187919,3131.9833474127413,27,1313.1274,397.44086,1357.6979,476.1469,1335.4126,476.1469,LHC
187919,3131.9833474127413,22,991.1184,426.76965,1033.1646,543.60284,1012.1415,543.60284,LHC
187919,3131.9833474127413,18,986.0429,402.92944,1011.28876,482.90094,998.66583,482.90094,HCAP
187925,3132.083347413191,12,780.4972,389.5517,816.60876,463.4926,798.553,463.4926,HCAP
187925,3132.083347413191,17,652.1507,418.0035,688.33167,532.87305,670.2412,532.87305,HCAP
187925,3132.083347413191,18,985.3928,402.8188,1014.2367,506.86023,999.81476,506.86023,HCAP
187925,3132.083347413191,21,1113.1257,370.57233,1152.0354,440.5796,1132.5806,440.5796,LHC
187925,3132.083347413191,27,1313.4376,398.53354,1357.6224,475.7839,1335.53,475.7839,LHC
187925,3132.083347413191,20,1095.8223,417.27484,1141.2219,502.0406,1118.5221,502.0406,LHC
187925,3132.083347413191,14,1030.033,370.3441,1065.7662,451.45074,1047.8997,451.45074,HCAP
187925,3132.083347413191,11,1061.6138,410.24817,1092.797,502.69757,1077.2053,502.69757,LHC
187931,3132.1833474136406,12,780.32904,389.5317,816.9637,463.6559,798.64636,463.6559,HCAP
187931,3132.1833474136406,17,650.88293,418.81897,686.8723,532.39526,668.8776,532.39526,HCAP
187931,3132.1833474136406,14,1029.9812,370.69327,1066.1595,451.5618,1048.0703,451.5618,HCAP
187931,3132.1833474136406,18,986.8766,403.24594,1017.5288,507.5397,1002.2027,507.5397,HCAP
187931,3132.1833474136406,27,1313.1155,398.1411,1357.0801,475.6784,1335.0978,475.6784,LHC
187931,3132.1833474136406,11,1059.2765,409.62354,1093.1016,504.0536,1076.189,504.0536,LHC
187931,3132.1833474136406,21,1113.329,370.80176,1147.4331,439.61774,1130.3811,439.61774,LHC
187931,3132.1833474136406,20,1095.9878,416.92853,1139.2891,502.1267,1117.6384,502.1267,LHC
187937,3132.28334741409,12,779.9555,389.41406,815.7625,463.79938,797.859,463.79938,HCAP
187937,3132.28334741409,27,1312.3674,398.39,1355.9293,475.7422,1334.1484,475.7422,LHC
187937,3132.28334741409,14,1031.4275,370.29602,1066.2783,460.06366,1048.8529,460.06366,HCAP
187937,3132.28334741409,17,649.6533,421.02438,687.34076,533.0001,668.4971,533.0001,HCAP
187937,3132.28334741409,18,985.75903,403.69812,1015.8949,507.5648,1000.82697,507.5648,HCAP
187937,3132.28334741409,11,1065.0149,411.42087,1093.3108,502.49954,1079.1628,502.49954,LHC
187937,3132.28334741409,20,1097.1753,418.2931,1138.092,501.88623,1117.6337,501.88623,LHC
187937,3132.28334741409,21,1112.7494,371.00052,1145.6317,439.46603,1129.1906,439.46603,LHC
187943,3132.3833474145395,12,780.18585,389.50168,815.87897,463.53122,798.0324,463.53122,HCAP
187943,3132.3833474145395,27,1312.0632,397.72018,1355.7659,475.55026,1333.9146,475.55026,LHC
187943,3132.3833474145395,17,649.16833,421.1674,687.7839,532.95215,668.4761,532.95215,HCAP
187943,3132.3833474145395,14,1031.3527,370.1961,1066.8053,458.41876,1049.079,458.41876,HCAP
187943,3132.3833474145395,18,985.9722,403.33777,1019.7799,506.87933,1002.8761,506.87933,HCAP
187943,3132.3833474145395,11,1064.0364,412.16998,1092.6804,500.52435,1078.3584,500.52435,LHC
187943,3132.3833474145395,21,1111.8966,370.36597,1143.0505,435.75348,1127.4736,435.75348,LHC
187943,3132.3833474145395,20,1097.0328,416.67456,1138.0154,501.27783,1117.5242,501.27783,LHC
187949,3132.483347414989,27,1312.1252,397.7145,1355.3263,475.31516,1333.7258,475.31516,LHC
187949,3132.483347414989,12,780.14044,390.0337,814.68805,463.50256,797.41425,463.50256,HCAP
187949,3132.483347414989,14,1031.1416,371.4202,1067.8444,459.10062,1049.4929,459.10062,HCAP
187949,3132.483347414989,18,987.4781,403.45212,1014.8952,506.6704,1001.18665,506.6704,HCAP
187949,3132.483347414989,20,1096.9548,417.75555,1137.4252,501.8012,1117.19,501.8012,LHC
187949,3132.483347414989,17,649.28613,422.49408,692.6823,533.51025,670.98425,533.51025,HCAP
187949,3132.483347414989,21,1110.2158,370.09378,1141.1407,434.95798,1125.6782,434.95798,LHC
187949,3132.483347414989,11,1062.3159,411.2136,1092.0613,462.72665,1077.1886,462.72665,LHC
187955,3132.5833474154388,27,1311.9783,396.40833,1355.312,475.7786,1333.6451,475.7786,LHC
187955,3132.5833474154388,14,1031.9451,371.70813,1069.3057,460.14093,1050.6254,460.14093,HCAP
187955,3132.5833474154388,12,779.922,390.18146,815.2163,463.38354,797.56915,463.38354,HCAP
187955,3132.5833474154388,18,985.8197,403.56775,1013.51404,507.9298,999.6669,507.9298,HCAP
187955,3132.5833474154388,17,649.1591,425.7778,695.126,533.2883,672.1426,533.2883,HCAP
187955,3132.5833474154388,20,1095.9357,417.4617,1137.4537,502.05386,1116.6947,502.05386,LHC
187955,3132.5833474154388,21,1109.6675,370.6455,1137.5834,436.34558,1123.6255,436.34558,LHC
187961,3132.683347415888,17,646.07074,431.13217,698.9895,533.29346,672.53015,533.29346,HCAP
187961,3132.683347415888,12,780.38654,389.94922,815.96155,463.6136,798.1741,463.6136,HCAP
187961,3132.683347415888,27,1312.5444,396.07214,1355.4453,475.93304,1333.9949,475.93304,LHC
187961,3132.683347415888,14,1031.6931,371.7594,1070.5994,461.2477,1051.1462,461.2477,HCAP
187961,3132.683347415888,18,985.77734,404.19928,1013.30554,506.4658,999.54144,506.4658,HCAP
187961,3132.683347415888,20,1094.1509,418.3277,1137.459,500.98096,1115.8049,500.98096,LHC
187961,3132.683347415888,21,1107.4341,370.9187,1136.3315,436.56586,1121.8828,436.56586,LHC
187967,3132.7833474163376,17,645.6894,433.30838,702.3208,533.0924,674.0051,533.0924,HCAP
187967,3132.7833474163376,12,780.17065,389.87158,816.93604,463.5279,798.55334,463.5279,HCAP
187967,3132.7833474163376,27,1312.7633,395.2873,1355.7068,476.25928,1334.2351,476.25928,LHC
187967,3132.7833474163376,14,1031.2401,372.65387,1070.5652,462.47314,1050.9026,462.47314,HCAP
187967,3132.7833474163376,18,987.1921,403.84378,1013.30255,508.65152,1000.2473,508.65152,HCAP
187967,3132.7833474163376,21,1105.96,370.82492,1135.6501,436.27872,1120.805,436.27872,LHC
187967,3132.7833474163376,20,1095.2869,421.33383,1137.6956,500.071,1116.4912,500.071,LHC
187973,3132.8833474167873,27,1313.7844,395.50934,1356.3557,476.03198,1335.0701,476.03198,LHC
187973,3132.8833474167873,12,779.9342,389.9485,816.6571,463.43823,798.29565,463.43823,HCAP
187973,3132.8833474167873,14,1032.4148,371.58655,1070.6047,462.1538,1051.5098,462.1538,HCAP
187973,3132.8833474167873,18,988.30865,403.9721,1012.918,507.12238,1000.61334,507.12238,HCAP
187973,3132.8833474167873,17,645.5731,434.92465,700.9803,532.0768,673.27673,532.0768,HCAP
187973,3132.8833474167873,20,1098.8264,421.00388,1137.1775,509.81516,1118.002,509.81516,LHC
187973,3132.8833474167873,21,1105.2528,372.62805,1133.7122,434.36215,1119.4824,434.36215,LHC
187979,3132.983347417237,17,645.7377,434.0657,704.9028,533.4216,675.3202,533.4216,HCAP
187979,3132.983347417237,27,1314.1432,394.75226,1357.0862,475.05237,1335.6147,475.05237,LHC
187979,3132.983347417237,12,780.02075,389.893,816.2782,463.47168,798.1495,463.47168,HCAP
187979,3132.983347417237,18,988.1318,404.018,1012.88965,508.873,1000.51074,508.873,HCAP
187979,3132.983347417237,14,1032.1278,371.96027,1070.4524,463.03674,1051.29,463.03674,HCAP
187979,3132.983347417237,20,1102.3734,416.91843,1137.2786,497.49417,1119.8259,497.49417,LHC
187979,3132.983347417237,21,1104.2666,370.4301,1132.882,432.9107,1118.5742,432.9107,LHC
187979,3132.983347417237,11,1063.8961,413.03476,1089.8113,499.1769,1076.8538,499.1769,LHC
187985,3133.083347417686,17,645.2184,434.6054,705.34155,533.3732,675.27997,533.3732,HCAP
187985,3133.083347417686,27,1315.3735,394.8493,1357.4109,473.94788,1336.3922,473.94788,LHC
187985,3133.083347417686,12,779.885,389.55844,817.6743,463.53854,798.77966,463.53854,HCAP
187985,3133.083347417686,18,988.24866,404.0332,1013.0283,508.79828,1000.6385,508.79828,HCAP
187985,3133.083347417686,14,1032.2092,371.83017,1070.6216,463.60593,1051.4154,463.60593,HCAP
187985,3133.083347417686,11,1063.405,413.85352,1093.2902,499.90952,1078.3477,499.90952,LHC
187985,3133.083347417686,21,1103.4238,368.9166,1132.6909,434.8798,1118.0574,434.8798,LHC
187985,3133.083347417686,20,1103.6266,416.53125,1137.6188,493.99393,1120.6227,493.99393,LHC
187991,3133.183347418136,17,645.48145,435.10245,705.729,533.22766,675.6052,533.22766,HCAP
187991,3133.183347418136,27,1315.451,395.56036,1357.7947,475.5619,1336.6228,475.5619,LHC
187991,3133.183347418136,12,780.0398,389.77527,816.5514,463.46472,798.2956,463.46472,HCAP
187991,3133.183347418136,18,987.95984,404.09607,1012.8988,508.20874,1000.4293,508.20874,HCAP
187991,3133.183347418136,14,1032.6846,372.166,1070.5479,462.63528,1051.6162,462.63528,HCAP
187991,3133.183347418136,21,1102.8162,369.9515,1131.9211,436.0881,1117.3687,436.0881,LHC
187991,3133.183347418136,11,1064.1282,414.7447,1093.6416,500.9912,1078.8849,500.9912,LHC
187997,3133.2833474185854,27,1315.769,395.05893,1358.4417,475.92728,1337.1053,475.92728,LHC
187997,3133.2833474185854,17,646.6741,435.5386,706.10913,533.2235,676.3916,533.2235,HCAP
187997,3133.2833474185854,18,987.95526,403.83444,1012.962,508.25253,1000.4586,508.25253,HCAP
187997,3133.2833474185854,12,779.7464,390.00156,816.55426,463.35178,798.1503,463.35178,HCAP
187997,3133.2833474185854,14,1033.6387,372.63373,1070.8042,461.19324,1052.2214,461.19324,HCAP
187997,3133.2833474185854,21,1102.9948,370.62936,1131.7317,436.07968,1117.3633,436.07968,LHC
187997,3133.2833474185854,11,1064.0994,413.89352,1092.6172,501.25204,1078.3583,501.25204,LHC
188003,3133.383347419035,27,1315.6616,392.54608,1359.9761,476.81927,1337.8188,476.81927,LHC
188003,3133.383347419035,14,1033.8959,372.61203,1070.5583,460.84012,1052.227,460.84012,HCAP
188003,3133.383347419035,18,987.87256,403.5856,1013.14294,508.30984,1000.50775,508.30984,HCAP
188003,3133.383347419035,12,779.97876,390.31934,818.458,463.38208,799.2184,463.38208,HCAP
188003,3133.383347419035,17,651.0748,436.7373,705.726,533.1647,678.4004,533.1647,HCAP
188003,3133.383347419035,11,1063.2437,414.20764,1091.696,500.99304,1077.4698,500.99304,LHC
188003,3133.383347419035,21,1101.0984,371.28558,1131.6887,435.76587,1116.3936,435.76587,LHC
188009,3133.4833474194843,27,1316.1914,391.4604,1361.3889,476.88605,1338.7902,476.88605,LHC
188009,3133.4833474194843,18,987.9216,403.54724,1013.1198,508.53516,1000.5207,508.53516,HCAP
188009,3133.4833474194843,14,1033.2959,373.33832,1070.0872,460.3321,1051.6915,460.3321,HCAP
188009,3133.4833474194843,12,780.0161,390.70264,816.87305,463.16907,798.4446,463.16907,HCAP
188009,3133.4833474194843,17,651.38617,436.37192,705.974,533.4475,678.68005,533.4475,HCAP
188009,3133.4833474194843,21,1099.7397,373.12582,1132.4797,436.8348,1116.1097,436.8348,LHC
188009,3133.4833474194843,11,1063.11,414.23447,1091.4883,502.5576,1077.2991,502.5576,LHC
188015,3133.583347419934,27,1317.1577,390.9453,1363.119,476.76904,1340.1384,476.76904,LHC
188015,3133.583347419934,18,987.9366,403.5617,1013.22565,508.73163,1000.5811,508.73163,HCAP
188015,3133.583347419934,12,779.6215,390.10336,815.9163,463.57947,797.7689,463.57947,HCAP
188015,3133.583347419934,14,1033.4778,372.95325,1069.9197,460.64246,1051.6987,460.64246,HCAP
188015,3133.583347419934,17,654.07776,436.06952,706.1277,532.823,680.1027,532.823,HCAP
188015,3133.583347419934,21,1100.7305,373.13287,1132.5557,436.51053,1116.6431,436.51053,LHC
188015,3133.583347419934,11,1063.8014,415.1856,1091.4188,500.08008,1077.6101,500.08008,LHC
188021,3133.6833474203836,14,1034.0483,373.17865,1069.5562,460.7177,1051.8022,460.7177,HCAP
188021,3133.6833474203836,12,779.59406,389.9287,815.64386,463.5418,797.61896,463.5418,HCAP
188021,3133.6833474203836,18,987.8181,404.01947,1013.6572,508.65125,1000.7377,508.65125,HCAP
188021,3133.6833474203836,27,1317.2551,389.819,1363.7305,476.4266,1340.4928,476.4266,LHC
188021,3133.6833474203836,17,650.12427,440.54837,699.52576,532.5767,674.825,532.5767,HCAP
188021,3133.6833474203836,11,1062.8126,413.36774,1091.2756,501.7965,1077.0442,501.7965,LHC
188021,3133.6833474203836,21,1099.5381,371.73138,1131.2163,435.96368,1115.3772,435.96368,LHC
188027,3133.7833474208333,12,779.3917,389.84436,816.15234,463.39215,797.77203,463.39215,HCAP
188027,3133.7833474208333,27,1319.2136,390.1714,1366.0537,477.32996,1342.6337,477.32996,LHC
188027,3133.7833474208333,14,1034.2544,373.30176,1069.7611,461.05017,1052.0078,461.05017,HCAP
188027,3133.7833474208333,18,987.88055,403.53815,1013.9262,508.61597,1000.9034,508.61597,HCAP
188027,3133.7833474208333,11,1062.361,413.00848,1090.8668,502.06073,1076.6139,502.06073,LHC
188027,3133.7833474208333,17,656.1306,438.66486,705.46564,531.4032,680.7981,531.4032,HCAP
188027,3133.7833474208333,21,1100.1167,372.74292,1130.0999,433.77856,1115.1083,433.77856,LHC
188033,3133.8833474212825,17,655.78864,436.17288,707.7736,531.7975,681.7811,531.7975,HCAP
188033,3133.8833474212825,27,1318.8286,389.43988,1366.5874,479.92932,1342.708,479.92932,LHC
188033,3133.8833474212825,12,779.48474,390.08743,814.7003,463.65353,797.0925,463.65353,HCAP
188033,3133.8833474212825,14,1034.076,374.31628,1069.9331,460.6247,1052.0046,460.6247,HCAP
188033,3133.8833474212825,18,987.6506,404.00253,1014.43634,508.3289,1001.04346,508.3289,HCAP
188033,3133.8833474212825,11,1062.9785,412.37164,1091.4756,502.19952,1077.227,502.19952,LHC
188033,3133.8833474212825,21,1100.1119,375.07535,1130.0284,433.72293,1115.0702,433.72293,LHC
188033,3133.8833474212825,20,1100.0831,423.45483,1137.4532,473.74255,1118.7682,473.74255,LHC
188039,3133.983347421732,27,1321.9061,389.4158,1367.9,477.2126,1344.9031,477.2126,LHC
188039,3133.983347421732,12,779.3843,389.91074,815.5405,463.3419,797.4624,463.3419,HCAP
188039,3133.983347421732,14,1034.0547,373.89175,1070.2847,460.71762,1052.1697,460.71762,HCAP
188039,3133.983347421732,18,987.58435,403.38803,1014.69446,508.1533,1001.1394,508.1533,HCAP
188039,3133.983347421732,11,1062.335,412.40997,1091.842,502.31567,1077.0885,502.31567,LHC
188039,3133.983347421732,17,655.65515,455.31512,696.0272,530.6992,675.8412,530.6992,HCAP
188039,3133.983347421732,21,1099.6309,379.36493,1129.2585,434.03516,1114.4447,434.03516,LHC
188039,3133.983347421732,20,1101.0099,425.73898,1138.3271,478.1434,1119.6685,478.1434,LHC
188045,3134.0833474221818,27,1320.9181,389.35657,1368.8646,479.20587,1344.8914,479.20587,LHC
188045,3134.0833474221818,14,1033.9408,373.7541,1070.5142,460.70557,1052.2275,460.70557,HCAP
188045,3134.0833474221818,12,779.3364,390.08752,815.49023,463.29932,797.4133,463.29932,HCAP
188045,3134.0833474221818,18,988.0408,403.7048,1014.8474,507.59354,1001.4441,507.59354,HCAP
188045,3134.0833474221818,11,1060.9406,411.80682,1091.7506,502.19922,1076.3456,502.19922,LHC
188045,3134.0833474221818,17,656.2421,435.38623,708.3686,530.6037,682.30536,530.6037,HCAP
188045,3134.0833474221818,21,1099.5399,381.67145,1129.7571,434.56348,1114.6484,434.56348,LHC
188045,3134.0833474221818,20,1100.4277,425.49692,1139.2161,481.21646,1119.8219,481.21646,LHC
188051,3134.183347422631,27,1322.3491,389.00995,1369.2701,478.71863,1345.8096,478.71863,LHC
188051,3134.183347422631,14,1034.2832,374.13144,1071.8347,460.75873,1053.059,460.75873,HCAP
188051,3134.183347422631,12,779.1839,390.09064,815.6296,463.3224,797.40674,463.3224,HCAP
188051,3134.183347422631,18,988.31854,404.1317,1015.0373,507.0661,1001.6779,507.0661,HCAP
188051,3134.183347422631,11,1063.4441,412.05927,1091.654,502.13837,1077.5491,502.13837,LHC
188051,3134.183347422631,21,1099.4916,383.67334,1128.9203,431.94727,1114.2059,431.94727,LHC
188051,3134.183347422631,20,1099.8225,421.927,1140.5378,481.96857,1120.1802,481.96857,LHC
188051,3134.183347422631,17,657.44293,435.06674,708.45264,529.89246,682.94775,529.89246,HCAP
188057,3134.2833474230806,27,1321.8406,388.97772,1371.4395,478.6443,1346.64,478.6443,LHC
188057,3134.2833474230806,17,655.83044,435.1474,708.50806,530.9471,682.16925,530.9471,HCAP
188057,3134.2833474230806,14,1034.3645,374.31885,1071.6938,460.4273,1053.0292,460.4273,HCAP
188057,3134.2833474230806,12,779.08466,390.1148,815.82916,463.1054,797.4569,463.1054,HCAP
188057,3134.2833474230806,18,988.1355,404.36636,1015.2278,505.9767,1001.68164,505.9767,HCAP
188057,3134.2833474230806,11,1062.2435,411.1584,1091.5833,501.5244,1076.9133,501.5244,LHC
188057,3134.2833474230806,20,1099.6915,422.22565,1141.1997,483.14722,1120.4456,483.14722,LHC
188057,3134.2833474230806,21,1098.5134,386.23535,1128.742,432.57825,1113.6277,432.57825,LHC
188063,3134.3833474235303,27,1324.7009,388.8888,1372.891,478.03503,1348.7959,478.03503,LHC
188063,3134.3833474235303,17,655.003,435.4062,708.6108,530.65845,681.8069,530.65845,HCAP
188063,3134.3833474235303,14,1034.8638,374.61823,1072.5472,460.6757,1053.7056,460.6757,HCAP
188063,3134.3833474235303,12,779.016,390.84055,813.4281,463.0588,796.22205,463.0588,HCAP
188063,3134.3833474235303,18,988.7544,404.16824,1015.80164,506.27042,1002.278,506.27042,HCAP
188063,3134.3833474235303,11,1061.206,410.79208,1091.8839,502.11758,1076.5449,502.11758,LHC
188063,3134.3833474235303,20,1100.4214,417.11728,1141.5356,481.93387,1120.9785,481.93387,LHC
188063,3134.3833474235303,21,1097.8137,387.69534,1128.6453,434.49454,1113.2295,434.49454,LHC
188069,3134.48334742398,27,1325.9807,388.3579,1372.6145,476.97986,1349.2976,476.97986,LHC
188069,3134.48334742398,14,1035.2244,374.69513,1072.7714,460.79187,1053.9978,460.79187,HCAP
188069,3134.48334742398,17,655.99805,435.36557,708.6365,530.0154,682.31726,530.0154,HCAP
188069,3134.48334742398,18,989.0094,404.29138,1016.03064,506.8625,1002.52,506.8625,HCAP
188069,3134.48334742398,12,779.3183,391.13095,817.1691,463.09103,798.2437,463.09103,HCAP
188069,3134.48334742398,11,1063.2975,411.17047,1091.9154,502.05267,1077.6064,502.05267,LHC
188069,3134.48334742398,21,1098.4553,389.74805,1128.7534,436.4035,1113.6044,436.4035,LHC
188069,3134.48334742398,20,1101.2681,425.27756,1143.5951,484.4676,1122.4316,484.4676,LHC
188075,3134.583347424429,27,1327.1576,388.42648,1375.1394,476.28726,1351.1484,476.28726,LHC
188075,3134.583347424429,18,989.07935,404.5078,1017.2036,507.3456,1003.1415,507.3456,HCAP
188075,3134.583347424429,14,1035.48,374.5795,1072.9397,460.4362,1054.2098,460.4362,HCAP
188075,3134.583347424429,12,778.73456,389.28342,819.58795,463.45468,799.16125,463.45468,HCAP
188075,3134.583347424429,17,654.7326,438.6688,705.6623,527.8515,680.19745,527.8515,HCAP
188075,3134.583347424429,11,1063.5809,411.26825,1091.9619,501.75742,1077.7715,501.75742,LHC
188075,3134.583347424429,21,1098.2106,388.9908,1128.6991,452.22913,1113.4548,452.22913,LHC
188075,3134.583347424429,20,1102.4629,427.5937,1144.7046,484.23737,1123.5837,484.23737,LHC
188081,3134.683347424879,27,1327.129,388.27185,1376.1493,474.8346,1351.6392,474.8346,LHC
188081,3134.683347424879,18,989.06995,404.93912,1018.43066,507.3304,1003.7503,507.3304,HCAP
188081,3134.683347424879,14,1035.8441,375.17422,1072.6853,459.81454,1054.2646,459.81454,HCAP
188081,3134.683347424879,21,1098.0957,389.0799,1128.3704,456.8734,1113.233,456.8734,LHC
188081,3134.683347424879,12,778.99384,395.7804,813.34406,463.80078,796.16895,463.80078,HCAP
188081,3134.683347424879,11,1062.9216,410.17474,1092.0488,501.4358,1077.4852,501.4358,LHC
188081,3134.683347424879,20,1105.0295,426.0951,1147.7694,492.96582,1126.3994,492.96582,LHC
188081,3134.683347424879,17,651.6132,442.08105,705.70074,526.3145,678.657,526.3145,HCAP
188087,3134.7833474253284,27,1328.5542,388.03558,1377.1968,473.82947,1352.8755,473.82947,LHC
188087,3134.7833474253284,18,989.9048,405.12405,1018.4015,507.50162,1004.15314,507.50162,HCAP
188087,3134.7833474253284,14,1035.9375,375.43442,1072.8171,459.74597,1054.3773,459.74597,HCAP
188087,3134.7833474253284,12,778.517,391.93323,814.79425,463.88416,796.65564,463.88416,HCAP
188087,3134.7833474253284,11,1063.2338,410.40027,1091.8517,501.68805,1077.5427,501.68805,LHC
188087,3134.7833474253284,21,1098.2122,389.63324,1128.5571,456.5614,1113.3846,456.5614,LHC
188087,3134.7833474253284,20,1107.1085,426.34058,1150.2893,492.59692,1128.699,492.59692,LHC
188087,3134.7833474253284,17,648.74524,458.17776,697.3722,529.8646,673.0587,529.8646,HCAP
188093,3134.883347425778,27,1327.0732,388.4604,1378.2969,475.8921,1352.685,475.8921,LHC
188093,3134.883347425778,18,991.12256,405.0378,1019.35095,506.62198,1005.23676,506.62198,HCAP
188093,3134.883347425778,14,1036.0106,375.4914,1072.4261,459.8343,1054.2184,459.8343,HCAP
188093,3134.883347425778,12,778.7545,395.73788,814.3537,463.73474,796.5541,463.73474,HCAP
188093,3134.883347425778,11,1062.7462,411.27795,1091.8767,501.40375,1077.3115,501.40375,LHC
188093,3134.883347425778,21,1098.2559,390.9978,1128.7035,456.60413,1113.4797,456.60413,LHC
188093,3134.883347425778,17,651.68286,436.36438,711.0045,527.9541,681.3437,527.9541,HCAP
188093,3134.883347425778,20,1107.2437,425.5243,1153.3611,490.92572,1130.3024,490.92572,LHC
188099,3134.9833474262273,27,1330.522,388.6811,1378.3,468.99976,1354.411,468.99976,LHC
188099,3134.9833474262273,14,1035.8381,375.7056,1072.1143,459.72336,1053.9762,459.72336,HCAP
188099,3134.9833474262273,18,992.0713,406.15988,1021.3491,506.85553,1006.7102,506.85553,HCAP
188099,3134.9833474262273,21,1097.636,390.0033,1129.0208,459.4499,1113.3284,459.4499,LHC
188099,3134.9833474262273,12,778.796,389.8495,824.81824,463.2021,801.8071,463.2021,HCAP
188099,3134.9833474262273,11,1062.2256,410.72443,1092.0364,501.4215,1077.131,501.4215,LHC
188099,3134.9833474262273,20,1114.974,425.01315,1155.8835,491.8125,1135.4287,491.8125,LHC
188099,3134.9833474262273,17,660.2782,435.01154,707.66174,482.7658,683.97,482.7658,HCAP
188105,3135.083347426677,27,1329.5623,389.11548,1378.9149,474.877,1354.2385,474.877,LHC
188105,3135.083347426677,14,1036.0764,376.0211,1071.0225,459.89072,1053.5494,459.89072,HCAP
188105,3135.083347426677,21,1097.4795,390.6979,1130.1624,459.46674,1113.8209,459.46674,LHC
188105,3135.083347426677,11,1061.5027,409.4889,1092.007,501.24036,1076.7549,501.24036,LHC
188105,3135.083347426677,18,994.1739,406.44214,1023.9615,506.87347,1009.0677,506.87347,HCAP
188105,3135.083347426677,12,778.2439,401.88812,812.88525,462.9948,795.5646,462.9948,HCAP
188105,3135.083347426677,20,1118.4094,424.19745,1159.5061,497.52838,1138.9578,497.52838,LHC
188105,3135.083347426677,17,658.3268,435.18628,707.23004,482.14386,682.77844,482.14386,HCAP
188111,3135.1833474271266,27,1331.3704,389.38422,1379.3201,472.20117,1355.3452,472.20117,LHC
188111,3135.1833474271266,14,1035.7664,378.2082,1071.2231,460.08957,1053.4948,460.08957,HCAP
188111,3135.1833474271266,21,1097.2488,392.16443,1131.1262,459.22546,1114.1875,459.22546,LHC
188111,3135.1833474271266,18,995.91943,408.13733,1025.0907,507.27603,1010.50507,507.27603,HCAP
188111,3135.1833474271266,11,1061.6937,410.30035,1091.8833,501.5905,1076.7886,501.5905,LHC
188111,3135.1833474271266,12,778.4282,399.60342,818.0863,462.5851,798.25726,462.5851,HCAP
188111,3135.1833474271266,20,1118.4656,421.46613,1163.7776,499.84753,1141.1216,499.84753,LHC
188117,3135.2833474275762,27,1333.9845,389.93994,1379.5166,467.73907,1356.7505,467.73907,LHC
188117,3135.2833474275762,21,1097.0154,390.41217,1129.9187,459.30762,1113.467,459.30762,LHC
188117,3135.2833474275762,12,779.1773,396.47772,819.5786,462.5235,799.3779,462.5235,HCAP
188117,3135.2833474275762,14,1036.0023,379.10275,1071.5409,460.62057,1053.7716,460.62057,HCAP
188117,3135.2833474275762,11,1060.969,409.6951,1091.6652,501.06354,1076.3171,501.06354,LHC
188117,3135.2833474275762,18,996.51843,407.25238,1025.9911,507.69305,1011.25476,507.69305,HCAP
188117,3135.2833474275762,20,1125.2106,423.12177,1168.0137,500.12567,1146.612,500.12567,LHC
188123,3135.3833474280254,21,1097.0309,389.4796,1129.9875,459.06473,1113.5093,459.06473,LHC
188123,3135.3833474280254,27,1332.0332,389.9296,1382.4087,471.55856,1357.221,471.55856,LHC
188123,3135.3833474280254,12,779.2427,396.88403,819.4684,462.6277,799.3555,462.6277,HCAP
188123,3135.3833474280254,20,1130.2327,423.3555,1171.6235,502.95657,1150.9281,502.95657,LHC
188123,3135.3833474280254,14,1035.7306,379.21793,1071.8147,460.38583,1053.7727,460.38583,HCAP
188123,3135.3833474280254,18,997.96277,409.67688,1026.9806,507.30258,1012.4717,507.30258,HCAP
188123,3135.3833474280254,11,1059.9767,409.14395,1091.6715,501.13266,1075.8241,501.13266,LHC
188129,3135.483347428475,21,1097.0474,389.23782,1128.9138,459.9059,1112.9806,459.9059,LHC
188129,3135.483347428475,27,1331.161,389.9589,1382.6472,470.15707,1356.904,470.15707,LHC
188129,3135.483347428475,20,1129.3964,419.92273,1174.7549,501.466,1152.0757,501.466,LHC
188129,3135.483347428475,12,779.77905,397.28055,819.14453,463.04224,799.4618,463.04224,HCAP
188129,3135.483347428475,14,1035.7578,380.10986,1071.2576,460.24634,1053.5077,460.24634,HCAP
188129,3135.483347428475,18,999.511,408.55655,1028.553,507.75412,1014.032,507.75412,HCAP
188129,3135.483347428475,11,1060.4907,409.7321,1091.8638,501.26596,1076.1772,501.26596,LHC
188135,3135.5833474289248,20,1133.6699,420.6991,1179.6495,504.3816,1156.6597,504.3816,LHC
188135,3135.5833474289248,21,1097.2899,390.0912,1129.2345,460.30984,1113.2622,460.30984,LHC
188135,3135.5833474289248,27,1333.2239,390.03607,1385.5411,470.22675,1359.3826,470.22675,LHC
188135,3135.5833474289248,12,780.2353,397.9292,817.6454,463.6757,798.9403,463.6757,HCAP
188135,3135.5833474289248,11,1060.0139,407.74634,1092.9912,501.73804,1076.5026,501.73804,LHC
188135,3135.5833474289248,14,1036.1577,378.6576,1070.6626,460.34924,1053.4102,460.34924,HCAP
188135,3135.5833474289248,18,1002.0291,408.87537,1032.1257,508.6255,1017.0774,508.6255,HCAP
188141,3135.6833474293744,20,1135.3307,419.41412,1182.58,503.88806,1158.9553,503.88806,LHC
188141,3135.6833474293744,21,1097.1162,390.372,1129.4196,460.69897,1113.2678,460.69897,LHC
188141,3135.6833474293744,18,1002.5596,408.21268,1032.644,507.93118,1017.6018,507.93118,HCAP
188141,3135.6833474293744,27,1330.7029,389.46616,1387.107,470.36874,1358.905,470.36874,LHC
188141,3135.6833474293744,12,781.4844,396.75742,817.9326,462.21185,799.7085,462.21185,HCAP
188141,3135.6833474293744,11,1061.1445,409.03973,1093.7406,501.75134,1077.4426,501.75134,LHC
188141,3135.6833474293744,14,1035.9628,380.26273,1071.5559,461.57657,1053.7593,461.57657,HCAP
188141,3135.6833474293744,17,653.97095,435.40933,706.48267,494.16348,680.2268,494.16348,HCAP
188147,3135.7833474298236,20,1137.0267,419.4582,1185.3076,501.8595,1161.1672,501.8595,LHC
188147,3135.7833474298236,21,1097.1359,390.85245,1129.5625,461.02524,1113.3491,461.02524,LHC
188147,3135.7833474298236,12,782.0129,397.9286,820.175,462.3258,801.09393,462.3258,HCAP
188147,3135.7833474298236,27,1331.2626,389.45325,1388.4304,469.76495,1359.8464,469.76495,LHC
188147,3135.7833474298236,11,1060.6704,409.2751,1094.5039,501.48254,1077.5872,501.48254,LHC
188147,3135.7833474298236,18,1003.7754,408.7315,1033.6841,508.2984,1018.72974,508.2984,HCAP
188147,3135.7833474298236,14,1035.832,387.03577,1071.0146,462.76,1053.4233,462.76,HCAP
188147,3135.7833474298236,17,654.1394,435.71008,706.59827,493.58002,680.36884,493.58002,HCAP
188153,3135.8833474302733,20,1138.0427,419.9893,1187.4358,502.8967,1162.7393,502.8967,LHC
188153,3135.8833474302733,12,781.80896,398.869,822.2986,462.3088,802.0538,462.3088,HCAP
188153,3135.8833474302733,21,1097.0815,391.34802,1129.7684,461.3421,1113.425,461.3421,LHC
188153,3135.8833474302733,27,1332.5062,389.94662,1391.5134,472.04013,1362.0098,472.04013,LHC
188153,3135.8833474302733,18,1004.36554,409.5465,1037.1484,508.26544,1020.75696,508.26544,HCAP
188153,3135.8833474302733,11,1060.462,410.24268,1096.4893,501.95068,1078.4756,501.95068,LHC
188153,3135.8833474302733,14,1035.4238,387.33206,1070.3848,462.93375,1052.9043,462.93375,HCAP
188153,3135.8833474302733,17,654.8281,435.44214,706.8136,489.09973,680.82086,489.09973,HCAP
188159,3135.983347430723,20,1138.8325,421.98517,1189.8893,502.92712,1164.3608,502.92712,LHC
188159,3135.983347430723,21,1097.3708,391.12454,1129.6117,461.3217,1113.4912,461.3217,LHC
188159,3135.983347430723,12,781.8706,397.17636,825.56726,462.81656,803.71893,462.81656,HCAP
188159,3135.983347430723,27,1331.6956,390.11215,1394.8538,469.34793,1363.2747,469.34793,LHC
188159,3135.983347430723,11,1060.8494,409.80908,1098.7617,499.90073,1079.8055,499.90073,LHC
188159,3135.983347430723,18,1003.55695,412.89825,1039.7705,508.04352,1021.6637,508.04352,HCAP
188159,3135.983347430723,14,1034.1215,388.8762,1071.4929,462.39175,1052.8071,462.39175,HCAP
188159,3135.983347430723,17,654.5525,436.1726,707.58093,489.43506,681.0667,489.43506,HCAP
188165,3136.0833474311726,20,1139.9536,421.34515,1189.7334,502.82874,1164.8435,502.82874,LHC
188165,3136.0833474311726,27,1332.1139,390.55252,1395.3564,471.16205,1363.7351,471.16205,LHC
188165,3136.0833474311726,21,1097.286,390.8325,1129.2262,461.09775,1113.2561,461.09775,LHC
188165,3136.0833474311726,11,1059.4017,410.19446,1100.7195,501.43567,1080.0605,501.43567,LHC
188165,3136.0833474311726,12,782.1135,396.15887,824.8734,462.3954,803.49347,462.3954,HCAP
188165,3136.0833474311726,18,1007.7299,408.16388,1042.0962,507.5515,1024.9131,507.5515,HCAP
188165,3136.0833474311726,17,654.4147,436.42282,707.98157,489.29553,681.1981,489.29553,HCAP
188171,3136.1833474316218,20,1140.0876,421.0608,1189.4642,502.77362,1164.7759,502.77362,LHC
188171,3136.1833474316218,27,1331.6001,390.4811,1395.3138,473.289,1363.457,473.289,LHC
188171,3136.1833474316218,21,1097.4519,391.0503,1129.2134,461.72818,1113.3326,461.72818,LHC
188171,3136.1833474316218,12,781.89233,396.7369,824.4407,463.45212,803.1665,463.45212,HCAP
188171,3136.1833474316218,11,1060.0383,409.9564,1102.4783,501.22778,1081.2583,501.22778,LHC
188171,3136.1833474316218,18,1006.8721,407.41562,1042.4004,508.43747,1024.6362,508.43747,HCAP
188171,3136.1833474316218,17,654.42395,436.42108,708.444,490.39325,681.43396,490.39325,HCAP
188177,3136.2833474320714,20,1139.7695,421.42245,1189.354,502.16776,1164.5618,502.16776,LHC
188177,3136.2833474320714,21,1097.2261,391.53503,1129.1497,461.86438,1113.1879,461.86438,LHC
188177,3136.2833474320714,27,1332.4546,389.6998,1399.3738,467.93655,1365.9142,467.93655,LHC
188177,3136.2833474320714,11,1061.7985,410.6847,1103.0342,499.26984,1082.4163,499.26984,LHC
188177,3136.2833474320714,12,782.06635,398.34128,823.84094,463.82822,802.9536,463.82822,HCAP
188177,3136.2833474320714,18,1006.8144,409.31763,1042.4141,507.31924,1024.6143,507.31924,HCAP
188177,3136.2833474320714,17,654.1234,436.6898,708.28986,490.7169,681.20667,490.7169,HCAP
188183,3136.383347432521,20,1139.9565,421.82623,1187.367,502.93976,1163.6617,502.93976,LHC
188183,3136.383347432521,21,1097.3843,391.59384,1129.1384,463.04654,1113.2614,463.04654,LHC
188183,3136.383347432521,11,1060.7654,410.63782,1104.177,497.18463,1082.4712,497.18463,LHC
188183,3136.383347432521,27,1333.5824,389.72784,1400.5356,472.2456,1367.0591,472.2456,LHC
188183,3136.383347432521,12,782.29156,399.07343,822.7209,463.23157,802.5062,463.23157,HCAP
188183,3136.383347432521,18,1007.64166,409.51035,1044.0957,506.16238,1025.8687,506.16238,HCAP
188183,3136.383347432521,17,654.206,436.2326,708.4076,491.06165,681.30676,491.06165,HCAP
188189,3136.4833474329707,20,1137.7042,420.89767,1185.8031,502.29208,1161.7537,502.29208,LHC
188189,3136.4833474329707,11,1062.1631,409.84058,1105.3064,497.89124,1083.7347,497.89124,LHC
188189,3136.4833474329707,21,1097.221,390.8389,1129.2009,463.46567,1113.2109,463.46567,LHC
188189,3136.4833474329707,27,1333.7728,390.71686,1402.1548,468.49786,1367.9639,468.49786,LHC
188189,3136.4833474329707,12,782.98004,401.857,820.71844,463.32697,801.84924,463.32697,HCAP
188189,3136.4833474329707,18,1009.331,408.70468,1044.5095,500.87485,1026.9203,500.87485,HCAP
188195,3136.58334743342,20,1136.9205,421.39343,1184.7272,502.5703,1160.8239,502.5703,LHC
188195,3136.58334743342,11,1062.3917,410.48962,1105.3243,496.85565,1083.858,496.85565,LHC
188195,3136.58334743342,27,1333.1265,389.87888,1402.404,469.9529,1367.7653,469.9529,LHC
188195,3136.58334743342,21,1097.0471,391.29553,1128.8888,463.31958,1112.968,463.31958,LHC
188195,3136.58334743342,12,783.2611,400.8674,822.6863,463.80222,802.9737,463.80222,HCAP
188195,3136.58334743342,18,1010.37305,414.34268,1045.0565,500.91733,1027.7148,500.91733,HCAP
188195,3136.58334743342,17,655.66,435.11966,707.4211,512.03625,681.5405,512.03625,HCAP
188201,3136.6833474338696,20,1135.831,421.2853,1182.6174,503.3531,1159.2242,503.3531,LHC
188201,3136.6833474338696,17,655.8761,431.8446,705.57513,519.3183,680.7256,519.3183,HCAP
188201,3136.6833474338696,11,1063.0122,410.52502,1104.8213,496.88232,1083.9167,496.88232,LHC
188201,3136.6833474338696,12,783.30634,398.23627,824.75665,463.3048,804.0315,463.3048,HCAP
188201,3136.6833474338696,21,1096.3699,391.1521,1129.0066,463.6646,1112.6882,463.6646,LHC
188201,3136.6833474338696,27,1333.3956,389.9664,1403.7026,469.4155,1368.5491,469.4155,LHC
188201,3136.6833474338696,18,1011.8473,411.6444,1045.8741,495.22626,1028.8607,495.22626,HCAP
188207,3136.7833474343192,20,1133.014,420.26065,1179.5798,504.53284,1156.2969,504.53284,LHC
188207,3136.7833474343192,27,1334.1577,390.87534,1405.3663,470.70822,1369.762,470.70822,LHC
188207,3136.7833474343192,11,1062.4385,410.7041,1104.2764,497.0418,1083.3574,497.0418,LHC
188207,3136.7833474343192,12,783.7509,398.94928,824.51605,463.3841,804.1335,463.3841,HCAP
188207,3136.7833474343192,21,1096.2988,391.1938,1128.3745,463.66382,1112.3367,463.66382,LHC
188207,3136.7833474343192,17,657.0089,430.2582,706.0316,520.6181,681.52026,520.6181,HCAP
188207,3136.7833474343192,18,1011.1952,420.33746,1044.6008,498.04175,1027.898,498.04175,HCAP
188213,3136.8833474347684,20,1130.9622,421.60248,1177.6936,503.98395,1154.3279,503.98395,LHC
188213,3136.8833474347684,12,783.7663,396.6588,825.9113,464.21906,804.8388,464.21906,HCAP
188213,3136.8833474347684,11,1062.565,410.79614,1103.7368,495.53363,1083.1509,495.53363,LHC
188213,3136.8833474347684,21,1095.76,391.4545,1127.927,463.24777,1111.8435,463.24777,LHC
188213,3136.8833474347684,27,1337.6844,391.50348,1406.0073,469.22314,1371.846,469.22314,LHC
188213,3136.8833474347684,17,657.71356,429.1078,705.25305,514.27856,681.4833,514.27856,HCAP
188213,3136.8833474347684,18,1012.4504,421.4879,1043.9016,504.95132,1028.176,504.95132,HCAP
188213,3136.8833474347684,14,1013.7389,398.20862,1071.4574,495.36502,1042.5981,495.36502,HCAP
188219,3136.983347435218,20,1130.2526,419.53705,1174.728,503.81384,1152.4902,503.81384,LHC
188219,3136.983347435218,27,1332.8547,390.28088,1408.4528,471.0692,1370.6538,471.0692,LHC
188219,3136.983347435218,11,1062.3982,409.87427,1103.7341,494.60632,1083.0662,494.60632,LHC
188219,3136.983347435218,12,783.7044,394.84235,826.0765,464.50385,804.89044,464.50385,HCAP
188219,3136.983347435218,21,1095.1044,391.46255,1127.2449,463.2712,1111.1746,463.2712,LHC
188219,3136.983347435218,17,658.91846,429.9474,705.49316,505.13434,682.2058,505.13434,HCAP
188219,3136.983347435218,14,1013.54285,397.85028,1070.4962,497.95688,1042.0195,497.95688,HCAP
188225,3137.0833474356677,20,1127.973,418.36954,1172.3063,503.1873,1150.1396,503.1873,LHC
188225,3137.0833474356677,12,783.6249,394.05743,826.3207,464.65063,804.9728,464.65063,HCAP
188225,3137.0833474356677,27,1333.9617,390.76868,1407.8215,470.4571,1370.8916,470.4571,LHC
188225,3137.0833474356677,11,1060.9573,411.71695,1103.1619,490.93735,1082.0596,490.93735,LHC
188225,3137.0833474356677,21,1094.0643,392.92447,1127.3433,463.7299,1110.7039,463.7299,LHC
188225,3137.0833474356677,17,661.5482,429.86765,704.8767,509.83658,683.21246,509.83658,HCAP
188225,3137.0833474356677,14,1014.5173,402.34827,1069.5452,490.4761,1042.0312,490.4761,HCAP
188225,3137.0833474356677,18,1013.69037,420.5874,1044.4158,489.4301,1029.0531,489.4301,HCAP
188231,3137.1833474361174,12,783.84357,392.78485,826.3193,464.61768,805.0814,464.61768,HCAP
188231,3137.1833474361174,11,1056.1989,412.57864,1102.6073,487.96408,1079.4031,487.96408,LHC
188231,3137.1833474361174,21,1093.2834,392.30338,1127.7051,464.704,1110.4943,464.704,LHC
188231,3137.1833474361174,20,1125.2208,417.995,1168.7483,504.193,1146.9846,504.193,LHC
188231,3137.1833474361174,27,1337.1427,390.74185,1405.3772,468.1365,1371.26,468.1365,LHC
188231,3137.1833474361174,17,665.0767,428.87155,704.62634,512.9492,684.85156,512.9492,HCAP
188231,3137.1833474361174,18,1015.36194,425.61243,1045.1455,491.2605,1030.2537,491.2605,HCAP
188237,3137.2833474365666,12,784.08453,392.90607,826.46246,464.7129,805.2735,464.7129,HCAP
188237,3137.2833474365666,11,1053.8303,412.0338,1100.9395,489.1723,1077.3849,489.1723,LHC
188237,3137.2833474365666,17,668.0154,427.91263,704.9358,534.8922,686.4756,534.8922,HCAP
188237,3137.2833474365666,21,1093.2008,393.38947,1129.0322,463.92883,1111.1165,463.92883,LHC
188237,3137.2833474365666,20,1123.129,417.7935,1166.7012,502.61417,1144.915,502.61417,LHC
188237,3137.2833474365666,27,1336.0144,389.78503,1408.3008,471.61176,1372.1576,471.61176,LHC
188237,3137.2833474365666,14,1016.3377,403.9421,1060.6135,491.67178,1038.4756,491.67178,HCAP
188237,3137.2833474365666,18,1015.81366,416.3854,1047.283,496.5032,1031.5483,496.5032,HCAP
188243,3137.3833474370163,17,671.90283,428.1133,708.7278,538.496,690.3153,538.496,HCAP
188243,3137.3833474370163,12,784.19147,391.89267,826.24457,464.74832,805.218,464.74832,HCAP
188243,3137.3833474370163,20,1120.9788,417.7175,1163.5354,500.90643,1142.2571,500.90643,LHC
188243,3137.3833474370163,21,1094.1399,393.8839,1128.879,462.07318,1111.5095,462.07318,LHC
188243,3137.3833474370163,27,1337.7302,390.21393,1411.6877,469.5876,1374.709,469.5876,LHC
188243,3137.3833474370163,11,1053.3899,416.08347,1097.264,488.58334,1075.3269,488.58334,LHC
188249,3137.483347437466,12,784.099,391.95044,826.47327,464.9231,805.28613,464.9231,HCAP
188249,3137.483347437466,17,675.01996,425.91513,710.9771,540.01953,692.99854,540.01953,HCAP
188249,3137.483347437466,20,1117.5831,421.57187,1160.2299,503.41992,1138.9065,503.41992,LHC
188249,3137.483347437466,21,1094.1732,393.54172,1129.0892,461.0018,1111.6312,461.0018,LHC
188249,3137.483347437466,27,1358.5979,389.82806,1409.8665,470.26007,1384.2322,470.26007,LHC
188249,3137.483347437466,11,1054.0951,421.0437,1093.1775,492.75476,1073.6362,492.75476,LHC
188255,3137.5833474379156,12,784.522,392.06335,826.5139,463.78278,805.51794,463.78278,HCAP
188255,3137.5833474379156,17,678.3455,425.87238,714.2635,539.9775,696.3045,539.9775,HCAP
188255,3137.5833474379156,27,1361.1755,390.09238,1411.8972,466.8795,1386.5364,466.8795,LHC
188255,3137.5833474379156,21,1093.728,393.5047,1128.2118,460.40393,1110.97,460.40393,LHC
188255,3137.5833474379156,20,1112.8345,424.78812,1156.909,506.17117,1134.8718,506.17117,LHC
188255,3137.5833474379156,11,1057.6593,422.1297,1092.5852,492.95343,1075.1223,492.95343,LHC
188261,3137.6833474383648,17,681.2356,427.72675,718.1603,541.7101,699.69794,541.7101,HCAP
188261,3137.6833474383648,12,784.1003,393.90784,826.5317,464.79602,805.316,464.79602,HCAP
188261,3137.6833474383648,27,1361.9812,390.14404,1415.0894,469.44684,1388.5353,469.44684,LHC
188261,3137.6833474383648,11,1056.287,424.74957,1092.6926,488.5447,1074.4897,488.5447,LHC
188261,3137.6833474383648,21,1093.5132,394.6149,1126.4834,459.7208,1109.9983,459.7208,LHC
188267,3137.7833474388144,12,784.09204,392.80966,826.69666,464.1068,805.39435,464.1068,HCAP
188267,3137.7833474388144,17,685.27423,427.30756,724.7159,541.87317,704.99506,541.87317,HCAP
188267,3137.7833474388144,27,1362.5693,389.54654,1415.9299,467.6411,1389.2496,467.6411,LHC
188267,3137.7833474388144,21,1093.1582,393.10904,1125.1584,458.0439,1109.1583,458.0439,LHC
188273,3137.883347439264,17,686.1315,427.1108,730.62146,542.97046,708.37646,542.97046,HCAP
188273,3137.883347439264,12,784.67926,392.52338,826.4522,464.3291,805.56573,464.3291,HCAP
188273,3137.883347439264,27,1362.8053,389.8341,1417.7959,470.08502,1390.3005,470.08502,LHC
188279,3137.9833474397137,12,784.68555,393.13797,826.47534,464.2316,805.58044,464.2316,HCAP
188279,3137.9833474397137,17,689.43915,427.76083,730.8514,542.9519,710.14526,542.9519,HCAP
188279,3137.9833474397137,27,1363.5114,390.5133,1420.987,470.40607,1392.2493,470.40607,LHC
188279,3137.9833474397137,21,1091.3616,395.50598,1123.2839,458.90808,1107.3228,458.90808,LHC
188285,3138.083347440163,17,692.52527,431.5459,734.762,542.3085,713.6437,542.3085,HCAP
188285,3138.083347440163,27,1363.7815,389.72845,1420.5524,466.59375,1392.167,466.59375,LHC
188285,3138.083347440163,12,784.9778,392.469,826.67896,463.98047,805.82837,463.98047,HCAP
188291,3138.1833474406126,27,1364.5094,389.41022,1419.9487,467.31372,1392.229,467.31372,LHC
188291,3138.1833474406126,12,785.079,391.82764,826.6736,464.0359,805.8763,464.0359,HCAP
188291,3138.1833474406126,17,695.47687,431.81525,735.3294,541.0808,715.40314,541.0808,HCAP
188291,3138.1833474406126,20,1099.448,424.96527,1140.8313,492.6275,1120.1396,492.6275,LHC
188291,3138.1833474406126,21,1087.9243,397.64465,1122.9099,452.2673,1105.4171,452.2673,LHC
188297,3138.2833474410622,27,1365.607,389.37164,1419.9066,468.8838,1392.7568,468.8838,LHC
188297,3138.2833474410622,12,784.96234,392.2019,827.0839,463.76923,806.02313,463.76923,HCAP
188297,3138.2833474410622,17,698.1249,430.08746,737.7296,542.59644,717.92725,542.59644,HCAP
188297,3138.2833474410622,21,1084.2274,397.6909,1123.7965,456.56982,1104.012,456.56982,LHC
188303,3138.383347441512,27,1366.2733,389.2044,1419.3988,468.6026,1392.836,468.6026,LHC
188303,3138.383347441512,17,698.48,431.1113,740.21643,543.9878,719.3482,543.9878,HCAP
188303,3138.383347441512,12,785.0571,393.50977,826.5602,464.1048,805.80865,464.1048,HCAP
188309,3138.483347441961,27,1365.6914,388.6485,1420.6685,468.2308,1393.1799,468.2308,LHC
188309,3138.483347441961,17,700.4569,431.5209,740.77454,542.35266,720.6157,542.35266,HCAP
188309,3138.483347441961,12,785.1509,392.7367,826.7511,463.9583,805.951,463.9583,HCAP
188315,3138.5833474424107,27,1367.2002,389.0928,1420.0682,461.0941,1393.6343,461.0941,LHC
188315,3138.5833474424107,12,785.1619,392.29047,826.5965,464.17236,805.8792,464.17236,HCAP
188315,3138.5833474424107,17,702.2999,431.56366,741.34845,542.35913,721.8242,542.35913,HCAP
188321,3138.6833474428604,27,1368.0669,389.44638,1420.206,460.71213,1394.1365,460.71213,LHC
188321,3138.6833474428604,12,784.81836,392.16238,827.2444,465.22055,806.0314,465.22055,HCAP
188321,3138.6833474428604,17,701.71924,431.10938,741.85156,542.25183,721.7854,542.25183,HCAP
188321,3138.6833474428604,21,1074.5044,396.30505,1104.7056,455.91623,1089.605,455.91623,LHC
188321,3138.6833474428604,11,1032.6697,400.3969,1090.877,484.29254,1061.7733,484.29254,LHC
188327,3138.78334744331,27,1369.344,390.11298,1420.252,463.72833,1394.798,463.72833,LHC
188327,3138.78334744331,12,785.1407,397.96866,825.7165,463.88205,805.4286,463.88205,HCAP
188327,3138.78334744331,17,702.08026,430.696,742.4728,541.4142,722.2765,541.4142,HCAP
188327,3138.78334744331,11,1037.4382,407.3418,1084.229,481.50232,1060.8336,481.50232,LHC
188327,3138.78334744331,21,1070.3368,397.16895,1106.8766,469.57544,1088.6067,469.57544,LHC
188333,3138.8833474437592,27,1370.546,388.01578,1420.6969,464.68185,1395.6215,464.68185,LHC
188333,3138.8833474437592,12,782.7173,390.70688,826.6249,463.18918,804.6711,463.18918,HCAP
188333,3138.8833474437592,17,701.2118,433.64053,742.42737,540.53735,721.8196,540.53735,HCAP
188333,3138.8833474437592,21,1063.7201,400.97525,1100.6744,452.56375,1082.1973,452.56375,LHC
188339,3138.983347444209,27,1370.6562,386.17712,1420.1221,461.16412,1395.3892,461.16412,LHC
188339,3138.983347444209,12,780.92566,393.21332,822.9586,464.92932,801.94214,464.92932,HCAP
188339,3138.983347444209,11,1040.9845,397.1229,1091.3649,474.41785,1066.1747,474.41785,LHC
188339,3138.983347444209,17,700.59717,434.0981,742.7539,542.92175,721.67554,542.92175,HCAP
188345,3139.0833474446586,27,1372.6783,382.0415,1419.992,461.53784,1396.3352,461.53784,LHC
188345,3139.0833474446586,12,778.2438,390.30112,817.1813,466.1097,797.7125,466.1097,HCAP
188345,3139.0833474446586,20,1098.6698,442.2051,1143.783,507.16544,1121.2263,507.16544,LHC
188345,3139.0833474446586,17,700.8828,436.227,747.5602,543.34937,724.2215,543.34937,HCAP
188345,3139.0833474446586,11,1041.6567,396.80557,1082.9087,473.0256,1062.2827,473.0256,LHC
188351,3139.183347445108,12,774.1514,390.47223,812.9623,465.891,793.5569,465.891,HCAP
188351,3139.183347445108,27,1373.9154,378.54044,1421.9022,460.1436,1397.9088,460.1436,LHC
188351,3139.183347445108,17,702.9245,476.4863,747.9353,542.96716,725.42993,542.96716,HCAP
188351,3139.183347445108,20,1106.2358,439.8327,1143.9231,505.0157,1125.0795,505.0157,LHC
188351,3139.183347445108,18,1030.7576,406.5153,1062.0195,469.09744,1046.3885,469.09744,HCAP
188357,3139.2833474455574,27,1379.9213,379.20374,1426.1211,457.9735,1403.0212,457.9735,LHC
188357,3139.2833474455574,12,770.34937,387.64792,808.76086,465.4042,789.5551,465.4042,HCAP
188357,3139.2833474455574,17,705.5863,432.35596,753.1455,543.16223,729.3659,543.16223,HCAP
188357,3139.2833474455574,18,1015.02356,397.05634,1050.5176,479.5699,1032.7705,479.5699,HCAP
188357,3139.2833474455574,11,1052.837,393.4922,1084.5337,463.8762,1068.6853,463.8762,LHC
188363,3139.383347446007,18,1002.82086,395.27573,1042.2178,483.5735,1022.5193,483.5735,HCAP
188363,3139.383347446007,27,1388.5486,380.19415,1429.408,456.85822,1408.9783,456.85822,LHC
188363,3139.383347446007,12,766.94653,387.6069,800.9452,468.6461,783.94586,468.6461,HCAP
188363,3139.383347446007,20,1114.7031,418.8426,1182.5901,521.04913,1148.6466,521.04913,LHC
188363,3139.383347446007,17,710.72705,431.12393,753.6519,542.846,732.18945,542.846,HCAP
188369,3139.4833474464567,18,986.71893,394.48212,1025.8569,484.66412,1006.28796,484.66412,HCAP
188369,3139.4833474464567,20,1134.6481,431.01572,1201.6957,526.4932,1168.1719,526.4932,LHC
188369,3139.4833474464567,27,1391.1361,383.94937,1433.6873,457.0438,1412.4116,457.0438,LHC
188369,3139.4833474464567,14,1011.16113,443.806,1083.5519,543.68445,1047.3564,543.68445,HCAP
188369,3139.4833474464567,12,762.42505,387.73682,795.56226,468.72913,778.99365,468.72913,HCAP
188369,3139.4833474464567,17,709.3019,430.56418,754.70233,543.4916,732.0021,543.4916,HCAP
188375,3139.583347446906,20,1173.6213,437.57703,1224.0737,530.1466,1198.8475,530.1466,LHC
188375,3139.583347446906,18,969.64,398.0147,1009.1449,486.34406,989.39246,486.34406,HCAP
188375,3139.583347446906,27,1395.7134,383.1775,1441.7098,457.30637,1418.7117,457.30637,LHC
188375,3139.583347446906,14,1008.1547,449.73166,1082.4254,540.53345,1045.29,540.53345,HCAP
188375,3139.583347446906,12,759.6739,386.38074,794.44666,469.43042,777.0603,469.43042,HCAP
188375,3139.583347446906,17,713.9075,431.8601,756.11597,542.0429,735.0117,542.0429,HCAP
188381,3139.6833474473556,18,949.0906,400.44617,992.58344,486.9482,970.83704,486.9482,HCAP
188381,3139.6833474473556,27,1401.6221,381.89484,1453.2878,454.92554,1427.455,454.92554,LHC
188381,3139.6833474473556,14,1010.3381,443.47714,1090.3289,535.625,1050.3335,535.625,HCAP
188381,3139.6833474473556,12,759.835,388.4264,793.9131,470.46735,776.874,470.46735,HCAP
188381,3139.6833474473556,20,1196.4965,435.25424,1250.5283,531.24817,1223.5125,531.24817,LHC
188381,3139.6833474473556,21,1044.3142,404.169,1071.1514,476.49817,1057.7328,476.49817,LHC
188381,3139.6833474473556,17,716.0861,433.24374,757.3932,539.931,736.7396,539.931,HCAP
188387,3139.783347447805,18,936.0672,403.21436,978.6978,485.52484,957.3825,485.52484,HCAP
188387,3139.783347447805,27,1419.6439,376.48016,1465.0564,456.02332,1442.3501,456.02332,LHC
188387,3139.783347447805,20,1218.2612,433.3375,1275.2251,525.35583,1246.7432,525.35583,LHC
188387,3139.783347447805,12,757.7842,387.32727,790.0556,471.74902,773.9199,471.74902,HCAP
188387,3139.783347447805,14,1024.9834,447.4053,1091.1815,530.727,1058.0825,530.727,HCAP
188387,3139.783347447805,21,1043.1238,403.8956,1072.4028,487.9822,1057.7633,487.9822,LHC
188393,3139.883347448255,20,1247.509,435.88065,1299.5139,524.2096,1273.5115,524.2096,LHC
188393,3139.883347448255,18,920.5698,403.01907,967.02515,485.95377,943.7975,485.95377,HCAP
188393,3139.883347448255,21,1040.888,402.71713,1073.0205,492.43405,1056.9542,492.43405,LHC
188393,3139.883347448255,12,755.26807,390.36908,788.4381,471.78522,771.8531,471.78522,HCAP
188393,3139.883347448255,17,722.5765,434.6325,773.8588,542.90063,748.21765,542.90063,HCAP
188393,3139.883347448255,27,1433.4562,378.5468,1479.6398,455.05786,1456.548,455.05786,LHC
188393,3139.883347448255,14,1051.4432,443.40115,1123.0342,527.01135,1087.2388,527.01135,HCAP
