t_s,period,team,number,name,rx,ry
2600.18,2,HCAP,,,27.19,3.77
2600.28,2,HCAP,,,27.35,3.3
2600.38,2,HCAP,,,27.4,3.19
2600.48,2,HCAP,,,27.55,2.59
2600.58,2,HCAP,,,33.11,1.18
2600.58,2,HCAP,,,27.65,2.32
2600.68,2,HCAP,,,27.76,1.91
2600.68,2,HCAP,,,32.97,0.93
2600.78,2,HCAP,,,27.87,1.62
2600.78,2,HCAP,,,32.83,0.89
2600.88,2,HCAP,,,28.01,1.33
2600.88,2,HCAP,,,32.67,0.99
2600.98,2,HCAP,,,32.52,1.0
2600.98,2,HCAP,,,28.12,1.14
2601.08,2,HCAP,,,25.8,2.09
2601.08,2,HCAP,,,28.3,0.81
2601.08,2,HCAP,,,32.4,0.93
2601.18,2,HCAP,,,32.29,1.3
2601.18,2,HCAP,,,25.69,2.37
2601.18,2,HCAP,,,28.4,0.82
2601.28,2,HCAP,,,32.18,1.34
2601.28,2,HCAP,,,25.6,2.64
2601.28,2,HCAP,,,28.51,0.57
2601.38,2,HCAP,,,32.05,1.26
2601.38,2,HCAP,,,25.49,2.74
2601.38,2,LHC,44.0,Torchio Luca,28.95,2.34
2601.38,2,HCAP,,,28.59,0.52
2601.48,2,HCAP,,,31.93,1.17
2601.48,2,HCAP,,,25.43,2.83
2601.48,2,LHC,44.0,Torchio Luca,28.96,2.46
2601.58,2,HCAP,,,31.8,1.58
2601.58,2,HCAP,,,25.39,3.19
2601.58,2,HCAP,,,28.7,0.49
2601.58,2,LHC,44.0,Torchio Luca,28.97,2.77
2601.68,2,HCAP,,,25.33,3.37
2601.68,2,LHC,44.0,Torchio Luca,28.95,3.0
2601.68,2,HCAP,,,31.72,1.7
2601.78,2,HCAP,,,31.6,1.91
2601.78,2,LHC,44.0,Torchio Luca,28.92,3.07
2601.78,2,HCAP,,,25.27,3.45
2601.88,2,HCAP,,,25.26,3.48
2601.88,2,LHC,44.0,Torchio Luca,28.87,3.34
2601.88,2,HCAP,,,31.51,2.04
2601.98,2,HCAP,,,25.18,3.75
2601.98,2,LHC,44.0,Torchio Luca,28.79,3.52
2602.08,2,LHC,44.0,Torchio Luca,28.72,3.87
2602.08,2,HCAP,,,25.17,3.77
2602.08,2,HCAP,,,31.23,2.31
2602.18,2,HCAP,,,31.08,2.44
2602.18,2,LHC,44.0,Torchio Luca,28.57,3.95
2602.18,2,HCAP,,,25.1,3.96
2602.28,2,HCAP,,,30.92,2.27
2602.28,2,LHC,44.0,Torchio Luca,28.44,4.12
2602.28,2,HCAP,,,25.02,4.19
2602.38,2,LHC,34.0,Hajdu Erik,15.76,27.94
2602.38,2,LHC,25.0,Puur Elliot,12.48,30.53
2602.38,2,HCAP,,,30.75,2.35
2602.38,2,HCAP,,,24.96,4.31
2602.38,2,LHC,44.0,Torchio Luca,28.26,4.38
2602.48,2,LHC,34.0,Hajdu Erik,16.1,26.75
2602.48,2,LHC,25.0,Puur Elliot,13.8,26.95
2602.48,2,LHC,44.0,Torchio Luca,28.19,4.46
2602.48,2,HCAP,,,24.85,4.62
2602.48,2,HCAP,,,30.57,2.51
2602.48,2,HCAP,,,29.27,1.54
2602.58,2,LHC,34.0,Hajdu Erik,16.37,25.22
2602.58,2,LHC,25.0,Puur Elliot,14.11,25.84
2602.58,2,LHC,44.0,Torchio Luca,28.11,4.56
2602.58,2,HCAP,,,24.74,4.65
2602.58,2,HCAP,,,29.5,1.54
2602.58,2,HCAP,,,30.51,2.43
2602.68,2,LHC,34.0,Hajdu Erik,16.53,24.65
2602.68,2,LHC,25.0,Puur Elliot,15.21,23.29
2602.68,2,LHC,44.0,Torchio Luca,28.07,4.77
2602.68,2,HCAP,,,24.63,4.92
2602.68,2,HCAP,,,30.34,2.45
2602.68,2,HCAP,,,29.69,1.43
2602.78,2,LHC,34.0,Hajdu Erik,16.62,24.37
2602.78,2,LHC,44.0,Torchio Luca,27.94,5.02
2602.78,2,LHC,25.0,Puur Elliot,16.07,21.39
2602.78,2,HCAP,,,24.53,4.98
2602.78,2,HCAP,,,30.18,2.89
2602.78,2,HCAP,,,29.82,1.4
2602.88,2,LHC,34.0,Hajdu Erik,17.29,22.46
2602.88,2,LHC,44.0,Torchio Luca,27.82,5.26
2602.88,2,LHC,25.0,Puur Elliot,17.05,19.24
2602.88,2,HCAP,,,24.39,5.18
2602.88,2,HCAP,,,30.01,2.66
2602.98,2,LHC,34.0,Hajdu Erik,17.59,21.71
2602.98,2,LHC,25.0,Puur Elliot,17.75,18.06
2602.98,2,LHC,44.0,Torchio Luca,27.7,5.52
2602.98,2,HCAP,,,24.23,5.44
2603.08,2,LHC,34.0,Hajdu Erik,17.79,21.3
2603.08,2,LHC,44.0,Torchio Luca,27.55,5.79
2603.08,2,LHC,25.0,Puur Elliot,18.41,16.74
2603.08,2,HCAP,,,29.69,2.7
2603.08,2,HCAP,,,24.14,5.38
2603.18,2,LHC,34.0,Hajdu Erik,18.29,19.96
2603.18,2,LHC,44.0,Torchio Luca,27.35,6.28
2603.18,2,LHC,25.0,Puur Elliot,19.23,14.99
2603.18,2,HCAP,,,23.82,5.9
2603.18,2,HCAP,,,29.5,2.85
2603.28,2,LHC,25.0,Puur Elliot,18.16,18.59
2603.28,2,HCAP,,,30.12,1.19
2603.38,2,LHC,25.0,Puur Elliot,18.21,17.83
2603.48,2,LHC,25.0,Puur Elliot,17.95,17.6
2603.48,2,LHC,34.0,Hajdu Erik,22.28,6.51
2603.48,2,LHC,44.0,Torchio Luca,27.81,3.28
2603.48,2,HCAP,,,24.57,3.21
2603.58,2,LHC,25.0,Puur Elliot,20.08,16.84
2603.58,2,LHC,44.0,Torchio Luca,28.88,3.85
2603.58,2,HCAP,,,35.04,30.9
2603.58,2,LHC,34.0,Hajdu Erik,23.37,6.7
2603.58,2,HCAP,,,25.88,3.26
2603.68,2,LHC,44.0,Torchio Luca,28.73,3.82
2603.68,2,LHC,25.0,Puur Elliot,20.62,15.62
2603.68,2,HCAP,,,35.2,28.71
2603.68,2,LHC,34.0,Hajdu Erik,24.66,1.96
2603.68,2,HCAP,,,26.19,1.71
2603.78,2,LHC,,,26.47,8.2
2603.78,2,LHC,44.0,Torchio Luca,28.59,3.84
2603.78,2,LHC,25.0,Puur Elliot,20.68,15.89
2603.78,2,HCAP,,,35.28,27.16
2603.78,2,HCAP,,,26.11,1.77
2603.88,2,LHC,,,26.31,8.27
2603.88,2,HCAP,,,35.53,25.3
2603.88,2,LHC,44.0,Torchio Luca,28.38,4.03
2603.88,2,LHC,25.0,Puur Elliot,21.07,15.11
2603.88,2,HCAP,,,32.12,0.25
2603.88,2,HCAP,,,26.01,1.72
2603.98,2,LHC,,,26.13,8.6
2603.98,2,LHC,25.0,Puur Elliot,21.39,14.77
2603.98,2,LHC,44.0,Torchio Luca,28.19,3.97
2603.98,2,HCAP,,,35.75,23.72
2603.98,2,HCAP,,,25.88,1.91
2604.08,2,LHC,25.0,Puur Elliot,21.73,14.32
2604.08,2,HCAP,,,-0.36,31.85
2604.08,2,LHC,,,25.91,8.91
2604.08,2,HCAP,,,36.06,22.15
2604.08,2,LHC,44.0,Torchio Luca,27.95,4.09
2604.18,2,LHC,25.0,Puur Elliot,22.03,13.89
2604.18,2,HCAP,,,2.34,17.32
2604.18,2,LHC,,,25.76,9.17
2604.18,2,LHC,,,22.4,8.7
2604.18,2,HCAP,,,36.41,21.7
2604.18,2,LHC,44.0,Torchio Luca,27.78,4.21
2604.28,2,LHC,,,25.56,9.43
2604.28,2,HCAP,,,2.22,17.35
2604.28,2,LHC,25.0,Puur Elliot,22.26,13.71
2604.28,2,LHC,,,22.19,9.23
2604.28,2,LHC,44.0,Torchio Luca,27.62,4.19
2604.28,2,HCAP,,,36.66,21.31
2604.28,2,HCAP,,,1.23,31.01
2604.38,2,LHC,,,25.39,9.77
2604.38,2,LHC,25.0,Puur Elliot,22.64,12.95
2604.38,2,HCAP,,,2.75,16.56
2604.38,2,HCAP,,,3.18,28.7
2604.38,2,LHC,,,22.04,9.6
2604.38,2,LHC,44.0,Torchio Luca,27.44,4.17
2604.38,2,HCAP,,,36.77,19.45
2604.38,2,HCAP,,,32.43,1.24
2604.48,2,HCAP,,,2.59,16.79
2604.48,2,LHC,25.0,Puur Elliot,22.82,12.88
2604.48,2,LHC,,,25.27,9.84
2604.48,2,LHC,,,21.9,9.88
2604.48,2,HCAP,,,3.59,29.07
2604.48,2,LHC,44.0,Torchio Luca,27.19,4.46
2604.48,2,HCAP,,,37.01,19.13
2604.58,2,HCAP,,,7.2,24.29
2604.58,2,HCAP,,,5.35,14.23
2604.58,2,LHC,,,25.19,10.19
2604.58,2,LHC,,,22.05,9.83
2604.58,2,LHC,25.0,Puur Elliot,23.39,11.62
2604.58,2,LHC,44.0,Torchio Luca,27.08,4.38
2604.58,2,HCAP,,,36.82,18.25
2604.68,2,HCAP,,,8.57,22.62
2604.68,2,LHC,25.0,Puur Elliot,23.68,11.26
2604.68,2,HCAP,,,5.33,14.39
2604.68,2,LHC,,,21.95,9.93
2604.68,2,LHC,,,25.11,10.18
2604.68,2,LHC,44.0,Torchio Luca,26.95,4.22
2604.68,2,HCAP,,,28.48,3.11
2604.68,2,HCAP,,,37.13,17.63
2604.78,2,LHC,25.0,Puur Elliot,23.9,10.9
2604.78,2,LHC,,,24.88,10.73
2604.78,2,HCAP,,,5.73,13.85
2604.78,2,LHC,,,21.78,10.32
2604.78,2,HCAP,,,7.81,12.16
2604.78,2,HCAP,,,31.29,0.51
2604.78,2,HCAP,,,37.22,16.56
2604.78,2,LHC,44.0,Torchio Luca,26.57,5.26
2604.78,2,HCAP,,,32.56,0.84
2604.78,2,HCAP,,,9.95,20.84
2604.88,2,LHC,,,21.57,10.72
2604.88,2,LHC,25.0,Puur Elliot,24.23,10.19
2604.88,2,HCAP,,,6.12,13.36
2604.88,2,LHC,,,24.75,10.87
2604.88,2,HCAP,,,37.34,15.95
2604.88,2,HCAP,,,25.04,3.08
2604.88,2,LHC,44.0,Torchio Luca,26.28,6.13
2604.88,2,HCAP,,,7.83,12.12
2604.88,2,HCAP,,,10.64,20.29
2604.88,2,HCAP,,,31.23,0.56
2604.88,2,HCAP,,,32.42,0.79
2604.98,2,LHC,,,21.42,10.9
2604.98,2,HCAP,,,11.28,19.76
2604.98,2,LHC,,,24.53,11.33
2604.98,2,HCAP,,,6.16,13.34
2604.98,2,HCAP,,,24.87,3.36
2604.98,2,LHC,25.0,Puur Elliot,24.37,9.83
2604.98,2,LHC,53.0,Schwarz Adam,32.26,0.85
2604.98,2,HCAP,,,7.86,12.08
2604.98,2,HCAP,,,31.13,0.52
2604.98,2,HCAP,,,37.34,14.74
2604.98,2,LHC,44.0,Torchio Luca,26.27,5.06
2605.08,2,LHC,,,21.2,11.22
2605.08,2,HCAP,,,6.2,13.32
2605.08,2,HCAP,,,24.73,3.45
2605.08,2,LHC,,,24.26,11.65
2605.08,2,HCAP,,,11.85,19.37
2605.08,2,LHC,53.0,Schwarz Adam,32.16,1.0
2605.08,2,HCAP,,,7.78,12.17
2605.08,2,HCAP,,,31.08,0.54
2605.08,2,LHC,44.0,Torchio Luca,26.05,5.07
2605.08,2,HCAP,,,37.42,14.5
2605.18,2,LHC,,,20.93,11.52
2605.18,2,HCAP,,,6.29,13.19
2605.18,2,HCAP,,,24.58,3.47
2605.18,2,HCAP,,,27.1,5.2
2605.18,2,LHC,,,24.13,12.27
2605.18,2,LHC,53.0,Schwarz Adam,32.05,1.04
2605.18,2,HCAP,,,7.77,12.21
2605.18,2,HCAP,,,32.83,2.7
2605.18,2,HCAP,,,30.97,0.83
2605.18,2,HCAP,,,12.53,18.62
2605.28,2,LHC,,,23.91,12.19
2605.28,2,LHC,,,20.56,12.13
2605.28,2,LHC,25.0,Puur Elliot,25.15,8.98
2605.28,2,HCAP,,,6.68,12.64
2605.28,2,HCAP,,,24.38,3.8
2605.28,2,HCAP,,,12.93,18.35
2605.28,2,LHC,53.0,Schwarz Adam,31.92,1.13
2605.28,2,HCAP,,,32.72,2.79
2605.28,2,HCAP,,,7.81,12.18
2605.28,2,HCAP,,,30.88,0.97
2605.38,2,LHC,,,23.64,12.72
2605.38,2,LHC,25.0,Puur Elliot,25.3,8.99
2605.38,2,LHC,,,20.33,12.29
2605.38,2,HCAP,,,13.6,17.72
2605.38,2,HCAP,,,6.64,12.69
2605.38,2,HCAP,,,32.59,2.85
2605.38,2,HCAP,,,24.23,3.93
2605.38,2,HCAP,,,30.8,1.11
2605.38,2,LHC,53.0,Schwarz Adam,31.82,1.11
2605.38,2,HCAP,,,7.74,12.25
2605.48,2,LHC,,,19.87,13.2
2605.48,2,LHC,,,23.42,12.95
2605.48,2,LHC,25.0,Puur Elliot,25.59,8.69
2605.48,2,HCAP,,,37.66,12.27
2605.48,2,HCAP,,,6.7,12.68
2605.48,2,HCAP,,,24.06,4.13
2605.48,2,HCAP,,,7.76,12.22
2605.48,2,HCAP,,,32.42,3.02
2605.48,2,LHC,53.0,Schwarz Adam,31.69,1.16
2605.48,2,LHC,44.0,Torchio Luca,25.89,4.04
2605.48,2,HCAP,,,33.54,0.84
2605.58,2,LHC,,,23.04,13.24
2605.58,2,LHC,,,19.34,13.7
2605.58,2,HCAP,,,38.04,11.56
2605.58,2,HCAP,,,14.24,17.16
2605.58,2,LHC,25.0,Puur Elliot,25.76,8.68
2605.58,2,HCAP,,,23.79,4.22
2605.58,2,HCAP,,,5.53,13.17
2605.58,2,LHC,53.0,Schwarz Adam,31.69,1.05
2605.58,2,HCAP,,,6.57,12.83
2605.58,2,LHC,44.0,Torchio Luca,25.83,3.84
2605.58,2,HCAP,,,32.46,3.07
2605.68,2,LHC,,,18.96,14.39
2605.68,2,LHC,,,22.63,14.17
2605.68,2,LHC,25.0,Puur Elliot,25.98,8.82
2605.68,2,HCAP,,,5.5,13.26
2605.68,2,LHC,44.0,Torchio Luca,25.79,4.03
2605.68,2,HCAP,,,38.08,10.97
2605.68,2,HCAP,,,14.52,17.16
2605.68,2,HCAP,,,32.31,3.49
2605.68,2,HCAP,,,6.54,12.89
2605.68,2,HCAP,,,23.62,4.37
2605.68,2,LHC,53.0,Schwarz Adam,31.56,1.45
2605.78,2,LHC,,,18.69,14.68
2605.78,2,HCAP,,,23.4,4.68
2605.78,2,LHC,,,22.36,14.37
2605.78,2,LHC,25.0,Puur Elliot,26.2,8.87
2605.78,2,HCAP,,,14.97,17.12
2605.78,2,HCAP,,,38.11,10.55
2605.78,2,LHC,44.0,Torchio Luca,25.74,4.03
2605.78,2,HCAP,,,5.49,13.28
2605.78,2,HCAP,,,32.15,3.03
2605.78,2,HCAP,,,6.57,12.88
2605.78,2,HCAP,,,30.4,1.14
2605.88,2,LHC,25.0,Puur Elliot,26.4,8.96
2605.88,2,LHC,,,18.23,15.78
2605.88,2,LHC,,,22.14,14.42
2605.88,2,HCAP,,,5.47,13.4
2605.88,2,LHC,44.0,Torchio Luca,25.64,4.26
2605.88,2,HCAP,,,6.59,12.89
2605.88,2,HCAP,,,38.08,9.98
2605.88,2,HCAP,,,30.28,1.08
2605.88,2,HCAP,,,23.28,4.63
2605.88,2,HCAP,,,31.95,2.9
2605.88,2,HCAP,,,15.58,16.32
2605.88,2,LHC,53.0,Schwarz Adam,31.25,2.1
2605.98,2,LHC,,,17.99,16.0
2605.98,2,HCAP,,,16.23,15.72
2605.98,2,LHC,,,21.74,15.24
2605.98,2,LHC,25.0,Puur Elliot,26.57,9.21
2605.98,2,LHC,44.0,Torchio Luca,25.59,4.37
2605.98,2,HCAP,,,5.54,13.35
2605.98,2,HCAP,,,23.03,5.13
2605.98,2,HCAP,,,38.07,9.7
2605.98,2,HCAP,,,6.55,12.93
2605.98,2,HCAP,,,30.14,1.37
2605.98,2,HCAP,,,31.71,2.84
2606.08,2,LHC,25.0,Puur Elliot,26.66,9.74
2606.08,2,LHC,,,17.5,16.98
2606.08,2,LHC,44.0,Torchio Luca,25.5,4.52
2606.08,2,LHC,,,21.55,15.08
2606.08,2,HCAP,,,16.62,15.57
2606.08,2,HCAP,,,5.68,13.13
2606.08,2,HCAP,,,6.73,12.77
2606.08,2,HCAP,,,29.99,1.42
2606.08,2,HCAP,,,38.08,9.34
2606.08,2,HCAP,,,22.85,5.24
2606.08,2,LHC,53.0,Schwarz Adam,30.92,1.35
2606.08,2,HCAP,,,31.55,2.54
2606.18,2,LHC,25.0,Puur Elliot,26.77,9.99
2606.18,2,LHC,,,16.94,18.06
2606.18,2,LHC,44.0,Torchio Luca,25.38,4.75
2606.18,2,HCAP,,,17.06,15.36
2606.18,2,LHC,,,21.38,15.05
2606.18,2,HCAP,,,22.62,5.56
2606.18,2,HCAP,,,5.61,13.3
2606.18,2,HCAP,,,38.1,9.08
2606.18,2,HCAP,,,6.65,12.85
2606.18,2,HCAP,,,15.62,5.99
2606.18,2,HCAP,,,29.87,1.63
2606.18,2,LHC,53.0,Schwarz Adam,30.75,1.46
2606.18,2,HCAP,,,31.49,3.22
2606.28,2,LHC,25.0,Puur Elliot,26.84,10.48
2606.28,2,LHC,,,16.56,18.65
2606.28,2,LHC,,,21.14,15.09
2606.28,2,LHC,44.0,Torchio Luca,25.29,4.92
2606.28,2,HCAP,,,15.49,6.12
2606.28,2,HCAP,,,38.07,8.69
2606.28,2,HCAP,,,17.92,13.61
2606.28,2,HCAP,,,31.22,3.32
2606.28,2,HCAP,,,22.48,5.64
2606.28,2,HCAP,,,5.71,13.07
2606.28,2,HCAP,,,6.8,12.67
2606.28,2,LHC,53.0,Schwarz Adam,30.56,1.45
2606.38,2,LHC,25.0,Puur Elliot,26.95,10.68
2606.38,2,LHC,,,16.15,19.3
2606.38,2,LHC,,,20.98,15.07
2606.38,2,LHC,44.0,Torchio Luca,25.29,4.8
2606.38,2,HCAP,,,38.0,8.28
2606.38,2,HCAP,,,22.33,5.72
2606.38,2,HCAP,,,15.49,5.96
2606.38,2,HCAP,,,31.05,3.15
2606.38,2,HCAP,,,29.55,2.5
2606.38,2,LHC,53.0,Schwarz Adam,30.4,1.49
2606.38,2,HCAP,,,5.38,13.63
2606.48,2,LHC,25.0,Puur Elliot,26.92,11.44
2606.48,2,LHC,,,15.58,20.4
2606.48,2,LHC,,,20.66,15.52
2606.48,2,HCAP,,,15.43,5.93
2606.48,2,LHC,44.0,Torchio Luca,25.16,5.16
2606.48,2,HCAP,,,22.03,6.2
2606.48,2,HCAP,,,30.9,3.25
2606.48,2,HCAP,,,37.95,7.76
2606.48,2,HCAP,,,5.04,14.13
2606.48,2,HCAP,,,33.74,-0.06
2606.48,2,HCAP,,,18.53,13.81
2606.58,2,LHC,25.0,Puur Elliot,26.95,11.82
2606.58,2,LHC,,,15.06,21.13
2606.58,2,HCAP,,,15.29,5.89
2606.58,2,HCAP,,,21.89,6.13
2606.58,2,HCAP,,,18.99,13.0
2606.58,2,LHC,44.0,Torchio Luca,25.11,5.08
2606.58,2,HCAP,,,5.18,13.69
2606.58,2,HCAP,,,31.99,0.96
2606.58,2,HCAP,,,30.76,2.95
2606.58,2,LHC,,,20.26,15.98
2606.58,2,HCAP,,,29.36,1.9
2606.68,2,LHC,25.0,Puur Elliot,26.97,11.95
2606.68,2,LHC,,,14.25,22.68
2606.68,2,HCAP,,,4.22,14.98
2606.68,2,HCAP,,,15.23,5.97
2606.68,2,LHC,,,19.98,16.07
2606.68,2,HCAP,,,19.5,12.48
2606.68,2,LHC,44.0,Torchio Luca,25.04,5.18
2606.68,2,HCAP,,,32.0,0.71
2606.68,2,HCAP,,,29.21,1.87
2606.68,2,HCAP,,,37.94,7.03
2606.68,2,HCAP,,,30.56,3.09
2606.78,2,LHC,25.0,Puur Elliot,26.87,12.61
2606.78,2,LHC,,,13.83,23.37
2606.78,2,LHC,,,19.72,16.11
2606.78,2,HCAP,,,4.14,15.06
2606.78,2,HCAP,,,15.16,6.06
2606.78,2,LHC,44.0,Torchio Luca,24.99,5.36
2606.78,2,HCAP,,,21.29,6.99
2606.78,2,HCAP,,,29.07,1.89
2606.78,2,HCAP,,,32.02,0.92
2606.78,2,HCAP,,,30.4,2.06
2606.78,2,HCAP,,,6.79,12.48
2606.88,2,LHC,25.0,Puur Elliot,26.75,13.13
2606.88,2,LHC,,,13.3,24.14
2606.88,2,HCAP,,,3.59,15.79
2606.88,2,LHC,,,19.48,16.33
2606.88,2,HCAP,,,21.17,6.96
2606.88,2,HCAP,,,28.87,2.08
2606.88,2,HCAP,,,15.14,6.06
2606.88,2,LHC,44.0,Torchio Luca,24.9,5.46
2606.88,2,HCAP,,,32.02,0.79
2606.88,2,HCAP,,,20.18,12.1
2606.88,2,HCAP,,,6.82,12.4
2606.98,2,LHC,25.0,Puur Elliot,26.67,13.36
2606.98,2,LHC,,,12.7,25.11
2606.98,2,HCAP,,,3.46,15.89
2606.98,2,LHC,,,19.12,16.8
2606.98,2,HCAP,,,15.12,6.09
2606.98,2,HCAP,,,30.04,3.57
2606.98,2,HCAP,,,20.92,7.23
2606.98,2,LHC,44.0,Torchio Luca,24.74,5.99
2606.98,2,HCAP,,,32.04,0.54
2606.98,2,HCAP,,,28.78,2.14
2606.98,2,HCAP,,,6.81,12.45
2607.08,2,LHC,25.0,Puur Elliot,26.52,13.76
2607.08,2,HCAP,,,3.34,15.96
2607.08,2,LHC,,,12.08,26.12
2607.08,2,HCAP,,,20.67,7.51
2607.08,2,LHC,,,18.9,16.93
2607.08,2,LHC,44.0,Torchio Luca,24.6,6.29
2607.08,2,HCAP,,,29.85,3.81
2607.08,2,HCAP,,,15.07,6.13
2607.08,2,HCAP,,,6.75,12.47
2607.08,2,HCAP,,,32.08,0.49
2607.08,2,HCAP,,,28.64,2.05
2607.18,2,HCAP,,,2.74,16.59
2607.18,2,LHC,25.0,Puur Elliot,26.37,14.06
2607.18,2,LHC,,,11.25,27.51
2607.18,2,LHC,,,18.72,17.02
2607.18,2,HCAP,,,21.27,11.5
2607.18,2,LHC,44.0,Torchio Luca,24.53,6.4
2607.18,2,HCAP,,,15.06,6.13
2607.18,2,HCAP,,,29.63,4.14
2607.18,2,HCAP,,,6.86,12.33
2607.18,2,HCAP,,,20.4,7.91
2607.18,2,HCAP,,,28.44,2.05
2607.18,2,HCAP,,,32.1,0.44
2607.28,2,HCAP,,,2.16,17.23
2607.28,2,LHC,25.0,Puur Elliot,26.1,14.99
2607.28,2,LHC,,,18.87,16.24
2607.28,2,LHC,44.0,Torchio Luca,24.37,6.79
2607.28,2,LHC,,,10.35,29.08
2607.28,2,HCAP,,,21.7,11.21
2607.28,2,HCAP,,,20.34,7.6
2607.28,2,HCAP,,,15.05,6.14
2607.28,2,HCAP,,,28.28,2.25
2607.28,2,HCAP,,,29.4,4.41
2607.28,2,HCAP,,,32.13,0.01
2607.38,2,LHC,25.0,Puur Elliot,25.93,15.03
2607.38,2,LHC,,,18.76,16.24
2607.38,2,HCAP,,,0.91,18.72
2607.38,2,LHC,44.0,Torchio Luca,24.32,6.69
2607.38,2,HCAP,,,20.05,7.97
2607.38,2,LHC,,,9.92,29.21
2607.38,2,HCAP,,,15.06,6.13
2607.38,2,HCAP,,,21.8,11.49
2607.38,2,HCAP,,,28.1,2.34
2607.38,2,HCAP,,,29.22,4.31
2607.48,2,LHC,,,19.0,15.32
2607.48,2,LHC,25.0,Puur Elliot,25.63,15.79
2607.48,2,HCAP,,,0.34,19.34
2607.48,2,LHC,,,8.89,30.82
2607.48,2,LHC,44.0,Torchio Luca,24.15,7.1
2607.48,2,HCAP,,,29.02,4.34
2607.48,2,HCAP,,,19.71,8.44
2607.48,2,HCAP,,,22.23,11.14
2607.48,2,HCAP,,,15.05,6.15
2607.48,2,HCAP,,,6.78,12.39
2607.58,2,LHC,,,19.22,15.0
2607.58,2,LHC,25.0,Puur Elliot,25.4,15.92
2607.58,2,HCAP,,,0.59,19.79
2607.58,2,LHC,44.0,Torchio Luca,24.13,7.19
2607.58,2,LHC,,,8.93,30.6
2607.58,2,HCAP,,,19.75,8.4
2607.58,2,HCAP,,,15.37,6.15
2607.58,2,HCAP,,,28.81,4.32
2607.58,2,HCAP,,,22.71,10.53
2607.58,2,HCAP,,,7.27,12.37
2607.58,2,HCAP,,,32.11,0.06
2607.58,2,HCAP,,,27.99,0.84
2607.68,2,LHC,,,19.31,14.69
2607.68,2,LHC,25.0,Puur Elliot,25.1,16.68
2607.68,2,HCAP,,,-0.09,20.68
2607.68,2,HCAP,,,19.41,9.0
2607.68,2,LHC,44.0,Torchio Luca,24.04,7.37
2607.68,2,HCAP,,,15.41,6.08
2607.68,2,HCAP,,,28.6,4.42
2607.68,2,HCAP,,,27.8,1.27
2607.78,2,LHC,25.0,Puur Elliot,24.88,16.74
2607.78,2,HCAP,,,-0.64,21.35
2607.78,2,LHC,,,19.26,14.87
2607.78,2,HCAP,,,19.24,9.15
2607.78,2,HCAP,,,15.42,6.07
2607.78,2,LHC,44.0,Torchio Luca,23.39,9.54
2607.78,2,HCAP,,,32.04,1.36
2607.88,2,HCAP,,,-0.61,21.38
2607.88,2,LHC,,,19.54,14.12
2607.88,2,LHC,25.0,Puur Elliot,24.79,16.38
2607.88,2,LHC,44.0,Torchio Luca,23.64,8.1
2607.88,2,HCAP,,,19.13,9.02
2607.88,2,HCAP,,,23.57,10.33
2607.88,2,HCAP,,,15.43,6.06
2607.88,2,HCAP,,,28.18,4.51
2607.88,2,HCAP,,,32.24,1.43
2607.98,2,HCAP,,,-0.54,21.37
2607.98,2,LHC,,,19.64,13.94
2607.98,2,LHC,25.0,Puur Elliot,24.6,16.21
2607.98,2,LHC,44.0,Torchio Luca,23.48,8.34
2607.98,2,HCAP,,,18.75,9.62
2607.98,2,HCAP,,,15.43,6.05
2607.98,2,HCAP,,,23.92,9.82
2607.98,2,HCAP,,,28.07,4.06
2608.08,2,HCAP,,,-1.35,22.42
2608.08,2,LHC,25.0,Puur Elliot,24.2,17.21
2608.08,2,LHC,44.0,Torchio Luca,23.31,8.68
2608.08,2,LHC,,,19.68,13.98
2608.08,2,HCAP,,,18.47,10.04
2608.08,2,HCAP,,,24.24,9.39
2608.08,2,HCAP,,,15.45,6.04
2608.08,2,HCAP,,,27.78,4.76
2608.18,2,HCAP,,,-1.98,23.22
2608.18,2,LHC,25.0,Puur Elliot,23.92,17.59
2608.18,2,LHC,44.0,Torchio Luca,23.24,8.66
2608.18,2,HCAP,,,18.22,10.35
2608.18,2,LHC,,,19.92,13.4
2608.18,2,HCAP,,,24.46,9.4
2608.18,2,HCAP,,,15.44,6.09
2608.18,2,HCAP,,,27.64,4.55
2608.18,2,HCAP,,,7.14,12.41
2608.28,2,LHC,25.0,Puur Elliot,23.63,18.07
2608.28,2,LHC,44.0,Torchio Luca,23.07,8.99
2608.28,2,LHC,,,19.99,13.34
2608.28,2,HCAP,,,17.88,10.84
2608.28,2,HCAP,,,24.74,9.02
2608.28,2,HCAP,,,15.41,6.13
2608.28,2,HCAP,,,27.36,4.79
2608.38,2,LHC,,,20.04,13.35
2608.38,2,LHC,44.0,Torchio Luca,22.96,9.11
2608.38,2,LHC,25.0,Puur Elliot,23.45,17.94
2608.38,2,HCAP,,,17.73,10.91
2608.38,2,HCAP,,,25.11,8.36
2608.38,2,HCAP,,,15.42,6.13
2608.38,2,HCAP,,,27.19,4.8
2608.38,2,HCAP,,,7.18,12.36
2608.48,2,LHC,44.0,Torchio Luca,22.92,8.97
2608.48,2,LHC,,,20.22,13.0
2608.48,2,LHC,25.0,Puur Elliot,23.21,18.15
2608.48,2,HCAP,,,27.02,4.83
2608.48,2,HCAP,,,17.27,11.7
2608.48,2,HCAP,,,15.4,6.16
2608.58,2,LHC,,,20.79,12.7
2608.58,2,LHC,44.0,Torchio Luca,22.96,9.76
2608.58,2,HCAP,,,17.48,12.1
2608.58,2,LHC,25.0,Puur Elliot,23.01,19.08
2608.58,2,HCAP,,,15.97,6.18
2608.58,2,HCAP,,,26.99,4.92
2608.58,2,HCAP,,,25.78,8.07
2608.68,2,LHC,,,20.83,12.74
2608.68,2,LHC,44.0,Torchio Luca,22.92,9.69
2608.68,2,LHC,25.0,Puur Elliot,22.73,19.4
2608.68,2,HCAP,,,17.18,12.54
2608.68,2,HCAP,,,16.02,6.08
2608.68,2,HCAP,,,26.0,7.96
2608.78,2,LHC,,,20.94,12.59
2608.78,2,LHC,25.0,Puur Elliot,22.61,19.11
2608.78,2,LHC,44.0,Torchio Luca,22.66,10.37
2608.78,2,HCAP,,,16.78,13.26
2608.78,2,HCAP,,,15.98,6.1
2608.78,2,HCAP,,,33.72,2.51
2608.78,2,HCAP,,,26.17,7.78
2608.88,2,LHC,,,20.96,12.73
2608.88,2,LHC,25.0,Puur Elliot,22.18,20.23
2608.88,2,LHC,44.0,Torchio Luca,22.56,10.53
2608.88,2,HCAP,,,16.56,13.55
2608.88,2,HCAP,,,33.91,2.56
2608.88,2,HCAP,,,26.44,7.58
2608.88,2,HCAP,,,16.0,6.09
2608.98,2,LHC,,,21.0,12.74
2608.98,2,HCAP,,,16.3,13.95
2608.98,2,LHC,25.0,Puur Elliot,21.94,20.4
2608.98,2,LHC,44.0,Torchio Luca,22.4,10.9
2608.98,2,HCAP,,,26.67,7.3
2608.98,2,HCAP,,,34.06,2.78
2608.98,2,HCAP,,,15.99,6.14
2608.98,2,HCAP,,,26.34,5.04
2609.08,2,HCAP,,,34.19,2.94
2609.08,2,HCAP,,,15.9,14.69
2609.08,2,LHC,44.0,Torchio Luca,22.23,11.41
2609.08,2,LHC,25.0,Puur Elliot,21.77,20.29
2609.08,2,LHC,,,20.71,13.85
2609.08,2,HCAP,,,26.86,7.26
2609.08,2,HCAP,,,15.98,6.15
2609.08,2,HCAP,,,26.16,5.04
2609.18,2,HCAP,,,15.54,15.29
2609.18,2,LHC,,,20.87,13.62
2609.18,2,LHC,44.0,Torchio Luca,22.13,11.59
2609.18,2,LHC,25.0,Puur Elliot,21.3,21.57
2609.18,2,HCAP,,,34.34,3.4
2609.18,2,HCAP,,,27.1,6.74
2609.18,2,HCAP,,,15.99,6.13
2609.18,2,HCAP,,,25.35,4.08
2609.28,2,HCAP,,,34.45,3.54
2609.28,2,HCAP,,,15.2,15.85
2609.28,2,LHC,,,20.95,13.47
2609.28,2,LHC,44.0,Torchio Luca,22.09,11.66
2609.28,2,LHC,25.0,Puur Elliot,21.15,21.46
2609.28,2,HCAP,,,27.29,6.54
2609.28,2,HCAP,,,24.98,4.92
2609.28,2,HCAP,,,16.02,6.08
2609.28,2,HCAP,,,25.72,5.44
2609.38,2,HCAP,,,14.85,16.48
2609.38,2,HCAP,,,34.48,3.46
2609.38,2,LHC,,,21.01,13.31
2609.38,2,LHC,44.0,Torchio Luca,21.87,12.38
2609.38,2,LHC,25.0,Puur Elliot,20.7,22.58
2609.38,2,HCAP,,,27.47,6.46
2609.38,2,HCAP,,,24.79,4.92
2609.38,2,HCAP,,,25.55,5.67
2609.38,2,HCAP,,,16.03,6.07
2609.48,2,HCAP,,,14.5,17.08
2609.48,2,LHC,44.0,Torchio Luca,21.89,12.32
2609.48,2,LHC,,,21.03,13.28
2609.48,2,LHC,25.0,Puur Elliot,20.42,22.93
2609.48,2,HCAP,,,34.59,4.01
2609.48,2,HCAP,,,24.53,5.32
2609.48,2,HCAP,,,27.66,6.25
2609.48,2,HCAP,,,25.35,5.94
2609.48,2,HCAP,,,16.05,6.03
2609.58,2,HCAP,,,13.53,18.12
2609.58,2,LHC,,,20.57,13.61
2609.58,2,LHC,44.0,Torchio Luca,21.47,12.62
2609.58,2,LHC,25.0,Puur Elliot,19.86,23.38
2609.58,2,HCAP,,,34.99,3.87
2609.58,2,HCAP,,,27.76,5.73
2609.58,2,HCAP,,,24.91,5.96
2609.58,2,HCAP,,,24.08,5.23
2609.58,2,HCAP,,,15.61,5.87
2609.68,2,HCAP,,,13.22,18.75
2609.68,2,LHC,,,20.63,13.39
2609.68,2,LHC,25.0,Puur Elliot,19.43,24.15
2609.68,2,LHC,44.0,Torchio Luca,21.5,12.52
2609.68,2,HCAP,,,27.94,5.57
2609.68,2,HCAP,,,34.98,3.96
2609.68,2,HCAP,,,23.95,5.05
2609.68,2,HCAP,,,24.76,5.85
2609.68,2,HCAP,,,15.46,6.13
2609.78,2,HCAP,,,12.98,19.24
2609.78,2,LHC,,,20.59,13.51
2609.78,2,LHC,25.0,Puur Elliot,19.09,24.65
2609.78,2,HCAP,,,34.96,4.36
2609.78,2,HCAP,,,28.13,5.44
2609.78,2,LHC,44.0,Torchio Luca,21.36,13.07
2609.78,2,HCAP,,,24.52,6.23
2609.78,2,HCAP,,,15.44,6.16
2609.88,2,HCAP,,,12.8,19.65
2609.88,2,LHC,,,20.43,14.02
2609.88,2,LHC,25.0,Puur Elliot,18.56,25.93
2609.88,2,LHC,44.0,Torchio Luca,21.35,12.97
2609.88,2,HCAP,,,34.85,4.39
2609.88,2,HCAP,,,28.29,5.09
2609.88,2,HCAP,,,24.36,6.17
2609.88,2,HCAP,,,15.49,6.07
2609.98,2,HCAP,,,12.29,20.77
2609.98,2,LHC,25.0,Puur Elliot,18.2,26.34
2609.98,2,LHC,,,20.29,14.45
2609.98,2,HCAP,,,34.73,4.75
2609.98,2,LHC,44.0,Torchio Luca,21.16,13.44
2609.98,2,HCAP,,,28.45,5.16
2609.98,2,HCAP,,,24.13,6.4
2609.98,2,HCAP,,,15.5,6.07
2610.08,2,HCAP,,,11.83,21.91
2610.08,2,HCAP,,,24.02,6.2
2610.08,2,HCAP,,,34.6,4.8
2610.08,2,LHC,25.0,Puur Elliot,17.87,26.47
2610.08,2,LHC,,,20.25,14.5
2610.08,2,HCAP,,,28.61,4.74
2610.08,2,HCAP,,,15.48,6.11
2610.08,2,LHC,44.0,Torchio Luca,21.05,13.92
2610.18,2,HCAP,,,11.22,23.16
2610.18,2,LHC,,,20.25,14.18
2610.18,2,LHC,25.0,Puur Elliot,17.58,26.98
2610.18,2,HCAP,,,28.75,4.66
2610.18,2,HCAP,,,23.88,6.15
2610.18,2,HCAP,,,34.45,5.07
2610.18,2,HCAP,,,15.51,6.07
2610.18,2,LHC,44.0,Torchio Luca,20.88,14.08
2610.28,2,LHC,,,20.07,14.49
2610.28,2,LHC,25.0,Puur Elliot,17.23,27.3
2610.28,2,HCAP,,,10.9,23.9
2610.28,2,HCAP,,,34.26,5.13
2610.28,2,HCAP,,,23.72,6.27
2610.28,2,HCAP,,,28.88,4.59
2610.28,2,HCAP,,,15.51,6.07
2610.38,2,LHC,25.0,Puur Elliot,17.23,27.75
2610.38,2,LHC,,,20.29,14.11
2610.38,2,HCAP,,,10.49,25.14
2610.38,2,HCAP,,,29.21,4.34
2610.38,2,HCAP,,,34.24,5.19
2610.38,2,HCAP,,,23.66,6.41
2610.38,2,HCAP,,,7.43,12.37
2610.38,2,HCAP,,,15.66,6.08
2610.48,2,HCAP,,,11.2,24.84
2610.48,2,LHC,44.0,Torchio Luca,20.48,14.47
2610.48,2,HCAP,,,17.43,28.69
2610.48,2,HCAP,,,7.96,12.29
2610.48,2,HCAP,,,34.5,5.4
2610.58,2,HCAP,,,17.66,15.17
2610.58,2,LHC,53.0,Schwarz Adam,21.57,7.28
2610.68,2,HCAP,,,17.9,15.04
2610.68,2,LHC,53.0,Schwarz Adam,21.72,7.33
2610.78,2,HCAP,,,18.06,15.37
2610.88,2,LHC,53.0,Schwarz Adam,18.34,15.45
2610.98,2,LHC,53.0,Schwarz Adam,18.77,14.96
2611.08,2,LHC,53.0,Schwarz Adam,19.04,14.84
2611.08,2,HCAP,,,30.47,3.48
2611.18,2,LHC,53.0,Schwarz Adam,19.35,14.51
2611.28,2,LHC,53.0,Schwarz Adam,19.62,14.35
2611.28,2,HCAP,,,31.55,3.37
2611.38,2,LHC,53.0,Schwarz Adam,19.81,14.57
2611.48,2,LHC,53.0,Schwarz Adam,20.33,13.9
2611.58,2,LHC,25.0,Puur Elliot,2.84,30.18
2611.58,2,LHC,53.0,Schwarz Adam,15.06,14.34
2611.68,2,LHC,53.0,Schwarz Adam,15.25,14.43
2611.68,2,LHC,25.0,Puur Elliot,3.18,30.06
2611.78,2,HCAP,,,2.79,31.24
2611.78,2,LHC,53.0,Schwarz Adam,15.34,14.61
2611.88,2,LHC,44.0,Torchio Luca,3.28,30.86
2611.88,2,LHC,53.0,Schwarz Adam,15.64,14.52
2611.98,2,LHC,44.0,Torchio Luca,3.18,31.56
2611.98,2,LHC,53.0,Schwarz Adam,15.86,14.51
2612.08,2,LHC,53.0,Schwarz Adam,16.17,14.44
2612.08,2,LHC,,,3.32,31.94
2612.18,2,LHC,53.0,Schwarz Adam,16.31,14.6
2612.18,2,LHC,,,3.65,31.72
2612.28,2,LHC,53.0,Schwarz Adam,16.67,14.36
2612.38,2,LHC,53.0,Schwarz Adam,16.82,14.66
2612.48,2,LHC,53.0,Schwarz Adam,17.17,14.42
2612.58,2,LHC,53.0,Schwarz Adam,17.59,14.06
2612.68,2,LHC,53.0,Schwarz Adam,17.82,14.07
2612.68,2,HCAP,,,4.01,21.88
2612.78,2,HCAP,,,4.53,21.79
2612.78,2,LHC,53.0,Schwarz Adam,18.14,13.95
2612.88,2,HCAP,,,5.26,21.25
2612.88,2,LHC,53.0,Schwarz Adam,18.52,13.61
2612.98,2,HCAP,,,5.86,20.9
2612.98,2,LHC,53.0,Schwarz Adam,18.88,13.55
2613.08,2,LHC,53.0,Schwarz Adam,18.88,13.48
2613.08,2,HCAP,,,5.96,20.88
2613.18,2,HCAP,,,6.02,20.78
2613.18,2,LHC,53.0,Schwarz Adam,18.76,13.39
2613.18,2,HCAP,,,19.25,4.64
2613.18,2,HCAP,,,19.72,7.91
2613.28,2,HCAP,,,6.06,20.72
2613.28,2,LHC,53.0,Schwarz Adam,18.7,13.18
2613.28,2,HCAP,,,19.23,4.7
2613.28,2,HCAP,,,19.67,7.73
2613.38,2,HCAP,,,6.04,20.76
2613.38,2,LHC,53.0,Schwarz Adam,18.64,12.91
2613.38,2,HCAP,,,19.21,4.74
2613.38,2,HCAP,,,19.7,7.32
2613.48,2,HCAP,,,6.31,20.33
2613.48,2,LHC,53.0,Schwarz Adam,18.8,12.58
2613.48,2,HCAP,,,19.61,7.59
2613.48,2,HCAP,,,19.42,4.48
2613.58,2,HCAP,,,6.05,20.61
2613.58,2,LHC,53.0,Schwarz Adam,19.3,11.77
2613.58,2,HCAP,,,19.79,3.93
2613.58,2,HCAP,,,19.94,7.0
2613.58,2,HCAP,86.0,Bottoli Diego,17.06,6.95
2613.68,2,HCAP,,,5.9,20.73
2613.68,2,LHC,53.0,Schwarz Adam,19.64,11.5
2613.68,2,HCAP,86.0,Bottoli Diego,17.02,6.88
2613.68,2,HCAP,,,20.21,3.34
2613.68,2,HCAP,,,20.35,6.27
2613.78,2,HCAP,,,6.26,19.85
2613.78,2,LHC,53.0,Schwarz Adam,20.16,10.61
2613.78,2,HCAP,86.0,Bottoli Diego,17.35,5.98
2613.78,2,HCAP,,,20.7,2.52
2613.78,2,HCAP,,,20.7,5.5
2613.88,2,HCAP,,,6.4,19.62
2613.88,2,LHC,53.0,Schwarz Adam,20.12,10.4
2613.88,2,HCAP,,,20.71,2.49
2613.88,2,HCAP,,,20.6,5.53
2613.88,2,HCAP,86.0,Bottoli Diego,17.61,5.14
2613.98,2,HCAP,,,6.35,19.69
2613.98,2,HCAP,,,20.39,5.65
2613.98,2,HCAP,86.0,Bottoli Diego,16.56,6.93
2613.98,2,HCAP,,,20.72,2.47
2613.98,2,LHC,53.0,Schwarz Adam,20.12,9.98
2614.08,2,LHC,53.0,Schwarz Adam,14.79,11.53
2614.08,2,HCAP,,,17.23,5.71
2614.08,2,HCAP,86.0,Bottoli Diego,10.69,9.36
2614.08,2,LHC,19.0,Gabus Eliott,16.82,11.99
2614.08,2,HCAP,,,16.21,7.81
2614.18,2,LHC,53.0,Schwarz Adam,15.01,11.07
2614.18,2,HCAP,,,17.21,5.73
2614.18,2,LHC,19.0,Gabus Eliott,14.56,15.71
2614.18,2,HCAP,,,16.14,7.75
2614.18,2,HCAP,86.0,Bottoli Diego,9.98,9.83
2614.28,2,LHC,53.0,Schwarz Adam,14.85,11.11
2614.28,2,LHC,19.0,Gabus Eliott,14.48,15.68
2614.28,2,HCAP,,,17.2,5.75
2614.28,2,HCAP,,,16.11,7.62
2614.28,2,HCAP,86.0,Bottoli Diego,11.28,8.61
2614.38,2,LHC,19.0,Gabus Eliott,14.42,15.63
2614.38,2,HCAP,,,18.41,7.13
2614.38,2,LHC,53.0,Schwarz Adam,14.93,10.84
2614.38,2,HCAP,,,15.9,7.74
2614.38,2,HCAP,,,17.19,5.75
2614.38,2,HCAP,86.0,Bottoli Diego,8.9,10.38
2614.48,2,LHC,53.0,Schwarz Adam,14.93,10.72
2614.48,2,LHC,19.0,Gabus Eliott,14.11,15.76
2614.48,2,HCAP,,,18.38,6.98
2614.48,2,HCAP,,,17.19,5.75
2614.48,2,HCAP,,,15.54,8.02
2614.48,2,HCAP,86.0,Bottoli Diego,8.58,10.46
2614.58,2,LHC,19.0,Gabus Eliott,14.46,14.94
2614.58,2,LHC,53.0,Schwarz Adam,14.96,10.57
2614.58,2,HCAP,,,18.08,7.26
2614.58,2,HCAP,,,17.2,5.74
2614.58,2,HCAP,86.0,Bottoli Diego,7.99,10.69
2614.68,2,LHC,19.0,Gabus Eliott,14.37,14.98
2614.68,2,LHC,53.0,Schwarz Adam,14.97,10.42
2614.68,2,HCAP,,,17.94,7.3
2614.68,2,HCAP,,,15.33,7.96
2614.68,2,HCAP,,,17.12,5.78
2614.68,2,HCAP,86.0,Bottoli Diego,7.87,10.63
2614.78,2,LHC,19.0,Gabus Eliott,14.13,15.31
2614.78,2,LHC,53.0,Schwarz Adam,14.95,10.37
2614.78,2,HCAP,,,17.92,7.13
2614.78,2,HCAP,,,16.9,6.09
2614.88,2,LHC,19.0,Gabus Eliott,14.22,15.13
2614.88,2,LHC,53.0,Schwarz Adam,14.98,10.26
2614.88,2,HCAP,86.0,Bashkirov Mark,11.14,6.5
2614.88,2,HCAP,,,18.3,6.49
2614.88,2,HCAP,,,14.89,8.15
2614.98,2,LHC,19.0,Gabus Eliott,14.31,15.13
2614.98,2,LHC,53.0,Schwarz Adam,15.06,10.11
2614.98,2,HCAP,86.0,Bashkirov Mark,9.99,7.19
2614.98,2,HCAP,,,18.74,5.77
2614.98,2,HCAP,,,14.94,8.0
2614.98,2,HCAP,86.0,Bottoli Diego,5.62,11.72
2615.08,2,LHC,19.0,Gabus Eliott,14.31,15.02
2615.08,2,HCAP,86.0,Bottoli Diego,4.76,12.13
2615.08,2,LHC,53.0,Schwarz Adam,15.24,9.81
2615.08,2,HCAP,86.0,Bashkirov Mark,8.68,7.99
2615.08,2,HCAP,,,14.65,8.1
2615.08,2,HCAP,,,17.01,5.89
2615.08,2,HCAP,,,18.63,5.8
2615.18,2,LHC,19.0,Gabus Eliott,14.54,14.65
2615.18,2,HCAP,86.0,Bashkirov Mark,9.38,7.47
2615.18,2,HCAP,,,14.4,8.27
2615.18,2,LHC,53.0,Schwarz Adam,15.34,9.66
2615.18,2,HCAP,86.0,Bottoli Diego,4.22,12.36
2615.18,2,HCAP,,,16.98,5.87
2615.28,2,LHC,19.0,Gabus Eliott,14.48,14.69
2615.28,2,LHC,53.0,Schwarz Adam,15.39,9.53
2615.28,2,HCAP,86.0,Bottoli Diego,3.5,12.69
2615.28,2,HCAP,86.0,Bashkirov Mark,6.73,9.14
2615.28,2,HCAP,,,14.23,8.29
2615.28,2,HCAP,,,16.98,5.86
2615.38,2,LHC,19.0,Gabus Eliott,14.55,14.53
2615.38,2,LHC,53.0,Schwarz Adam,15.41,9.46
2615.38,2,HCAP,86.0,Bashkirov Mark,5.42,9.94
2615.38,2,HCAP,,,14.01,8.39
2615.38,2,HCAP,86.0,Bottoli Diego,2.62,13.08
2615.38,2,HCAP,,,16.56,6.26
2615.48,2,LHC,19.0,Gabus Eliott,14.64,14.42
2615.48,2,HCAP,86.0,Bashkirov Mark,5.26,9.99
2615.48,2,HCAP,,,13.83,8.44
2615.48,2,LHC,53.0,Schwarz Adam,15.47,9.36
2615.48,2,HCAP,86.0,Bottoli Diego,3.21,12.57
2615.48,2,HCAP,,,16.89,5.89
2615.58,2,LHC,19.0,Gabus Eliott,14.79,14.25
2615.58,2,HCAP,86.0,Bashkirov Mark,4.81,10.23
2615.58,2,HCAP,,,13.67,8.46
2615.58,2,LHC,53.0,Schwarz Adam,15.47,9.31
2615.58,2,HCAP,,,16.85,7.28
2615.58,2,HCAP,,,16.97,5.77
2615.58,2,HCAP,,,10.99,8.18
2615.58,2,HCAP,86.0,Bottoli Diego,3.0,12.46
2615.68,2,LHC,19.0,Gabus Eliott,15.0,13.96
2615.68,2,LHC,53.0,Schwarz Adam,15.51,9.21
2615.68,2,HCAP,,,13.45,8.56
2615.68,2,HCAP,86.0,Bashkirov Mark,4.57,10.37
2615.68,2,HCAP,,,16.85,7.15
2615.68,2,HCAP,,,16.72,5.99
2615.68,2,HCAP,,,10.96,8.2
2615.78,2,LHC,19.0,Gabus Eliott,14.79,14.37
2615.78,2,LHC,53.0,Schwarz Adam,15.4,9.31
2615.78,2,HCAP,,,12.78,9.07
2615.78,2,HCAP,86.0,Bashkirov Mark,4.32,10.51
2615.78,2,HCAP,,,16.69,7.19
2615.78,2,HCAP,,,11.03,8.16
2615.78,2,HCAP,,,16.75,5.9
2615.78,2,HCAP,86.0,Bottoli Diego,1.79,12.98
2615.88,2,LHC,19.0,Gabus Eliott,14.87,14.39
2615.88,2,LHC,53.0,Schwarz Adam,15.84,8.75
2615.88,2,HCAP,,,12.42,9.29
2615.88,2,HCAP,86.0,Bashkirov Mark,3.95,10.73
2615.88,2,HCAP,,,16.46,7.32
2615.88,2,HCAP,,,11.03,8.19
2615.88,2,HCAP,,,16.51,6.09
2615.98,2,LHC,19.0,Gabus Eliott,15.0,14.27
2615.98,2,LHC,53.0,Schwarz Adam,15.58,9.02
2615.98,2,HCAP,,,12.53,9.05
2615.98,2,HCAP,86.0,Bashkirov Mark,4.54,10.36
2615.98,2,HCAP,,,16.91,6.67
2615.98,2,HCAP,,,11.06,8.16
2615.98,2,HCAP,,,13.52,9.2
2616.08,2,LHC,19.0,Gabus Eliott,15.16,14.09
2616.08,2,LHC,53.0,Schwarz Adam,15.67,8.88
2616.08,2,HCAP,86.0,Bashkirov Mark,3.71,10.87
2616.08,2,HCAP,,,13.91,7.67
2616.08,2,HCAP,,,11.12,8.14
2616.08,2,HCAP,,,13.52,9.09
2616.08,2,HCAP,,,16.68,6.8
2616.18,2,LHC,19.0,Gabus Eliott,15.21,14.08
2616.18,2,LHC,53.0,Schwarz Adam,15.73,8.77
2616.18,2,HCAP,,,14.95,6.63
2616.18,2,HCAP,,,16.31,7.1
2616.18,2,HCAP,,,11.09,8.17
2616.18,2,HCAP,,,0.19,14.31
2616.18,2,HCAP,,,13.11,9.33
2616.18,2,HCAP,86.0,Bashkirov Mark,-1.79,14.48
2616.28,2,LHC,19.0,Gabus Eliott,15.21,14.08
2616.28,2,LHC,53.0,Schwarz Adam,15.77,8.68
2616.28,2,HCAP,,,17.12,6.07
2616.28,2,HCAP,,,11.14,8.13
2616.28,2,HCAP,,,12.98,9.34
2616.28,2,HCAP,,,15.1,6.42
2616.28,2,HCAP,,,1.44,13.55
2616.38,2,LHC,19.0,Gabus Eliott,15.21,14.15
2616.38,2,LHC,53.0,Schwarz Adam,15.92,8.46
2616.38,2,HCAP,,,16.89,6.21
2616.38,2,HCAP,,,11.11,8.13
2616.38,2,HCAP,,,12.59,9.53
2616.38,2,HCAP,,,15.19,6.28
2616.38,2,HCAP,86.0,Bashkirov Mark,-0.35,13.56
2616.38,2,HCAP,,,2.36,12.94
2616.48,2,LHC,19.0,Gabus Eliott,15.37,13.92
2616.48,2,LHC,53.0,Schwarz Adam,15.94,8.39
2616.48,2,HCAP,86.0,Bashkirov Mark,1.86,12.17
2616.48,2,HCAP,,,11.09,8.13
2616.48,2,HCAP,,,14.85,6.51
2616.48,2,HCAP,,,16.89,6.11
2616.48,2,HCAP,,,12.61,9.33
2616.58,2,LHC,19.0,Gabus Eliott,15.5,13.73
2616.58,2,HCAP,86.0,Bashkirov Mark,1.38,12.52
2616.58,2,HCAP,,,16.62,6.26
2616.58,2,LHC,53.0,Schwarz Adam,15.84,8.47
2616.58,2,HCAP,,,15.14,6.2
2616.58,2,HCAP,,,12.23,9.54
2616.58,2,HCAP,,,11.12,8.1
2616.68,2,LHC,19.0,Gabus Eliott,15.43,13.91
2616.68,2,HCAP,86.0,Bashkirov Mark,0.95,12.85
2616.68,2,LHC,53.0,Schwarz Adam,15.99,8.25
2616.68,2,HCAP,,,16.41,6.37
2616.68,2,HCAP,,,11.19,8.05
2616.68,2,HCAP,,,15.04,6.24
2616.68,2,HCAP,,,11.91,9.65
2616.78,2,LHC,19.0,Gabus Eliott,15.54,13.8
2616.78,2,HCAP,86.0,Bashkirov Mark,0.62,13.11
2616.78,2,HCAP,,,15.18,7.53
2616.78,2,HCAP,,,11.62,9.71
2616.78,2,LHC,53.0,Schwarz Adam,15.92,8.26
2616.78,2,HCAP,,,11.1,8.13
2616.78,2,HCAP,,,14.3,6.83
2616.88,2,LHC,19.0,Gabus Eliott,15.42,14.01
2616.88,2,HCAP,86.0,Bashkirov Mark,0.25,13.4
2616.88,2,HCAP,,,14.93,7.67
2616.88,2,LHC,53.0,Schwarz Adam,15.8,8.35
2616.88,2,HCAP,,,11.31,9.78
2616.88,2,HCAP,,,11.27,7.99
2616.98,2,LHC,19.0,Gabus Eliott,15.53,13.89
2616.98,2,HCAP,86.0,Bashkirov Mark,-0.22,13.71
2616.98,2,LHC,53.0,Schwarz Adam,15.68,8.42
2616.98,2,HCAP,,,14.76,7.73
2616.98,2,HCAP,,,10.88,10.03
2616.98,2,HCAP,,,11.17,8.08
2617.08,2,LHC,19.0,Gabus Eliott,15.7,13.18
2617.08,2,HCAP,86.0,Bashkirov Mark,3.03,12.35
2617.08,2,LHC,53.0,Schwarz Adam,15.49,8.13
2617.08,2,HCAP,,,11.44,9.36
2617.08,2,HCAP,,,14.6,7.41
2617.08,2,HCAP,,,11.67,7.62
2617.08,2,HCAP,,,0.95,14.96
2617.18,2,LHC,19.0,Gabus Eliott,15.76,13.1
2617.18,2,HCAP,86.0,Bashkirov Mark,2.73,12.61
2617.18,2,HCAP,,,11.48,9.24
2617.18,2,HCAP,,,14.2,7.73
2617.18,2,LHC,53.0,Schwarz Adam,15.47,8.11
2617.18,2,HCAP,,,11.62,7.65
2617.18,2,HCAP,,,1.66,14.4
2617.28,2,LHC,19.0,Gabus Eliott,15.78,13.12
2617.28,2,HCAP,86.0,Bashkirov Mark,2.5,12.79
2617.28,2,LHC,53.0,Schwarz Adam,15.33,8.23
2617.28,2,HCAP,,,13.95,7.87
2617.28,2,HCAP,,,11.63,9.07
2617.28,2,HCAP,,,11.67,7.61
2617.28,2,HCAP,,,1.48,14.5
2617.38,2,LHC,19.0,Gabus Eliott,15.95,12.84
2617.38,2,HCAP,86.0,Bashkirov Mark,1.9,13.26
2617.38,2,LHC,53.0,Schwarz Adam,15.34,8.16
2617.38,2,HCAP,,,13.84,7.89
2617.38,2,HCAP,,,11.51,9.14
2617.38,2,HCAP,,,11.6,7.68
2617.38,2,HCAP,,,2.26,13.92
2617.48,2,LHC,19.0,Gabus Eliott,15.78,13.2
2617.48,2,HCAP,86.0,Bashkirov Mark,1.76,13.38
2617.48,2,HCAP,,,13.67,7.96
2617.48,2,LHC,53.0,Schwarz Adam,15.16,8.32
2617.48,2,HCAP,,,11.64,7.64
2617.48,2,HCAP,,,11.36,9.26
2617.58,2,LHC,19.0,Gabus Eliott,16.05,12.76
2617.58,2,HCAP,86.0,Bashkirov Mark,1.15,13.82
2617.58,2,HCAP,,,13.57,8.01
2617.58,2,LHC,53.0,Schwarz Adam,15.03,8.43
2617.58,2,HCAP,,,11.63,7.64
2617.58,2,HCAP,,,10.63,9.77
2617.58,2,HCAP,,,3.24,13.15
2617.68,2,LHC,19.0,Gabus Eliott,15.87,13.08
2617.68,2,HCAP,86.0,Bashkirov Mark,1.29,13.75
2617.68,2,HCAP,,,13.52,8.02
2617.68,2,LHC,53.0,Schwarz Adam,14.79,8.68
2617.68,2,HCAP,,,11.36,9.03
2617.68,2,HCAP,,,11.75,7.53
2617.68,2,HCAP,,,2.98,13.35
2617.78,2,LHC,19.0,Gabus Eliott,16.08,12.77
2617.78,2,LHC,53.0,Schwarz Adam,14.79,8.61
2617.78,2,HCAP,86.0,Bashkirov Mark,0.52,14.33
2617.78,2,HCAP,,,13.44,8.05
2617.78,2,HCAP,,,11.16,9.2
2617.78,2,HCAP,,,3.17,13.16
2617.78,2,HCAP,,,11.65,7.61
2617.88,2,LHC,19.0,Gabus Eliott,16.01,12.91
2617.88,2,LHC,53.0,Schwarz Adam,14.71,8.63
2617.88,2,HCAP,86.0,Bashkirov Mark,0.32,14.5
2617.88,2,HCAP,,,13.38,8.09
2617.88,2,HCAP,,,11.58,9.19
2617.88,2,HCAP,,,10.59,9.75
2617.88,2,HCAP,,,3.28,13.04
2617.88,2,HCAP,,,11.72,7.55
2617.98,2,LHC,53.0,Schwarz Adam,14.61,8.7
2617.98,2,LHC,19.0,Gabus Eliott,16.14,12.77
2617.98,2,HCAP,86.0,Bashkirov Mark,-0.13,14.83
2617.98,2,HCAP,,,13.39,8.1
2617.98,2,HCAP,,,10.41,9.87
2617.98,2,HCAP,,,11.88,8.93
2617.98,2,HCAP,,,2.48,13.6
2617.98,2,HCAP,,,11.76,7.51
2618.08,2,LHC,19.0,Gabus Eliott,16.24,12.61
2618.08,2,LHC,53.0,Schwarz Adam,14.61,8.61
2618.08,2,HCAP,,,10.35,9.92
2618.08,2,HCAP,86.0,Bashkirov Mark,-1.2,15.63
2618.08,2,HCAP,,,13.4,8.09
2618.08,2,HCAP,,,12.03,8.79
2618.08,2,HCAP,,,11.8,7.48
2618.08,2,HCAP,,,1.72,14.11
2618.18,2,LHC,19.0,Gabus Eliott,16.06,12.95
2618.18,2,LHC,53.0,Schwarz Adam,14.39,8.8
2618.18,2,HCAP,,,10.44,9.81
2618.18,2,HCAP,,,13.44,8.05
2618.18,2,HCAP,,,11.87,8.98
2618.18,2,HCAP,,,1.86,13.99
2618.18,2,HCAP,,,11.58,7.68
2618.28,2,LHC,19.0,Gabus Eliott,16.17,12.82
2618.28,2,LHC,53.0,Schwarz Adam,14.19,8.99
2618.28,2,HCAP,,,11.84,9.02
2618.28,2,HCAP,,,10.22,10.02
2618.28,2,HCAP,,,13.42,8.06
2618.28,2,HCAP,,,1.06,14.56
2618.28,2,HCAP,,,11.69,7.59
2618.38,2,LHC,19.0,Gabus Eliott,16.24,12.72
2618.38,2,LHC,53.0,Schwarz Adam,13.85,9.35
2618.38,2,HCAP,,,11.94,8.96
2618.38,2,HCAP,,,13.43,8.05
2618.38,2,HCAP,,,10.19,10.05
2618.38,2,HCAP,,,1.65,14.14
2618.38,2,HCAP,,,11.86,7.44
2618.48,2,LHC,53.0,Schwarz Adam,13.62,9.59
2618.48,2,LHC,19.0,Gabus Eliott,16.22,12.8
2618.48,2,HCAP,,,11.95,8.98
2618.48,2,HCAP,,,10.06,10.15
2618.48,2,HCAP,,,13.42,8.1
2618.48,2,HCAP,,,3.1,13.0
2618.48,2,HCAP,,,12.04,7.27
2618.58,2,LHC,19.0,Gabus Eliott,16.04,13.33
2618.58,2,LHC,53.0,Schwarz Adam,13.92,9.3
2618.58,2,HCAP,,,11.62,9.38
2618.58,2,HCAP,,,9.58,10.54
2618.58,2,HCAP,,,13.15,8.44
2618.68,2,LHC,19.0,Gabus Eliott,15.97,13.47
2618.68,2,LHC,53.0,Schwarz Adam,14.02,9.15
2618.68,2,HCAP,,,9.65,10.49
2618.68,2,HCAP,,,11.83,9.21
2618.68,2,HCAP,,,13.0,8.58
2618.68,2,HCAP,,,11.74,7.57
2618.78,2,LHC,19.0,Gabus Eliott,16.03,13.42
2618.78,2,LHC,53.0,Schwarz Adam,13.97,9.18
2618.78,2,HCAP,,,9.44,10.68
2618.78,2,HCAP,,,11.92,9.16
2618.78,2,HCAP,,,13.18,8.4
2618.78,2,HCAP,,,11.33,7.91
2618.88,2,LHC,19.0,Gabus Eliott,16.1,13.33
2618.88,2,LHC,53.0,Schwarz Adam,13.97,9.16
2618.88,2,HCAP,,,9.21,10.9
2618.88,2,HCAP,,,13.01,8.61
2618.88,2,HCAP,,,11.92,9.17
2618.88,2,HCAP,,,11.4,7.86
2618.98,2,LHC,19.0,Gabus Eliott,16.18,13.18
2618.98,2,LHC,53.0,Schwarz Adam,13.76,9.38
2618.98,2,HCAP,,,12.77,8.85
2618.98,2,HCAP,,,9.22,10.88
2618.98,2,HCAP,,,11.85,9.22
2618.98,2,HCAP,,,11.67,7.63
2619.08,2,LHC,19.0,Gabus Eliott,16.24,13.09
2619.08,2,LHC,53.0,Schwarz Adam,13.62,9.51
2619.08,2,HCAP,,,9.17,10.93
2619.08,2,HCAP,,,12.89,8.71
2619.08,2,HCAP,,,11.88,9.2
2619.08,2,HCAP,,,11.81,7.51
2619.18,2,LHC,19.0,Gabus Eliott,16.25,13.1
2619.18,2,LHC,53.0,Schwarz Adam,13.72,9.38
2619.18,2,HCAP,,,9.2,10.9
2619.18,2,HCAP,,,13.05,8.56
2619.18,2,HCAP,,,11.83,9.25
2619.18,2,HCAP,,,11.74,7.58
2619.28,2,LHC,19.0,Gabus Eliott,16.2,13.18
2619.28,2,LHC,53.0,Schwarz Adam,13.75,9.34
2619.28,2,HCAP,,,9.25,10.83
2619.28,2,HCAP,,,12.94,8.71
2619.28,2,HCAP,,,11.83,9.27
2619.28,2,HCAP,86.0,Bashkirov Mark,-0.99,15.45
2619.28,2,HCAP,,,11.76,7.56
2619.38,2,LHC,19.0,Gabus Eliott,16.18,13.24
2619.38,2,LHC,53.0,Schwarz Adam,13.55,9.54
2619.38,2,HCAP,,,9.26,10.82
2619.38,2,HCAP,,,12.93,8.76
2619.38,2,HCAP,,,11.78,9.32
2619.38,2,HCAP,,,11.92,7.43
2619.38,2,HCAP,86.0,Bashkirov Mark,-1.34,15.78
2619.48,2,LHC,19.0,Gabus Eliott,16.18,13.27
2619.48,2,LHC,53.0,Schwarz Adam,13.5,9.59
2619.48,2,HCAP,,,9.31,10.81
2619.48,2,HCAP,,,13.02,8.68
2619.48,2,HCAP,,,11.8,9.31
2619.48,2,HCAP,,,11.88,7.46
2619.58,2,LHC,19.0,Gabus Eliott,16.27,13.4
2619.58,2,LHC,53.0,Schwarz Adam,13.66,9.55
2619.58,2,HCAP,,,13.0,8.84
2619.58,2,HCAP,,,9.52,11.15
2619.58,2,HCAP,,,11.85,9.48
2619.58,2,HCAP,,,11.94,7.5
2619.68,2,LHC,19.0,Gabus Eliott,16.26,13.44
2619.68,2,LHC,53.0,Schwarz Adam,13.63,9.58
2619.68,2,HCAP,,,9.62,11.01
2619.68,2,HCAP,,,11.84,9.51
2619.68,2,HCAP,,,13.13,8.71
2619.68,2,HCAP,86.0,Bashkirov Mark,0.83,15.88
2619.68,2,HCAP,,,11.88,7.56
2619.78,2,LHC,19.0,Gabus Eliott,16.26,13.47
2619.78,2,LHC,53.0,Schwarz Adam,13.56,9.68
2619.78,2,HCAP,,,9.58,11.04
2619.78,2,HCAP,,,13.18,8.68
2619.78,2,HCAP,,,11.86,9.49
2619.78,2,HCAP,86.0,Bashkirov Mark,2.47,14.54
2619.88,2,LHC,19.0,Gabus Eliott,16.34,13.32
2619.88,2,LHC,53.0,Schwarz Adam,13.65,9.56
2619.88,2,HCAP,,,9.56,11.06
2619.88,2,HCAP,,,13.17,8.7
2619.88,2,HCAP,,,11.9,9.44
2619.88,2,HCAP,86.0,Bashkirov Mark,3.89,13.3
2619.98,2,LHC,19.0,Gabus Eliott,16.38,13.24
2619.98,2,LHC,53.0,Schwarz Adam,13.6,9.64
2619.98,2,HCAP,,,9.66,10.94
2619.98,2,HCAP,,,13.15,8.72
2619.98,2,HCAP,,,11.9,9.45
2619.98,2,HCAP,,,11.25,8.14
2620.08,2,LHC,19.0,Gabus Eliott,16.33,13.37
2620.08,2,LHC,53.0,Schwarz Adam,13.69,9.53
2620.08,2,HCAP,,,13.22,8.66
2620.08,2,HCAP,,,9.63,10.97
2620.08,2,HCAP,,,11.93,9.43
2620.08,2,HCAP,,,11.15,8.24
2620.18,2,LHC,19.0,Gabus Eliott,16.41,13.21
2620.18,2,LHC,53.0,Schwarz Adam,13.72,9.49
2620.18,2,HCAP,,,13.24,8.64
2620.18,2,HCAP,,,9.63,10.95
2620.18,2,HCAP,,,11.93,9.43
2620.18,2,HCAP,,,11.0,8.36
2620.28,2,LHC,19.0,Gabus Eliott,16.41,13.22
2620.28,2,LHC,53.0,Schwarz Adam,13.74,9.48
2620.28,2,HCAP,,,11.9,9.46
2620.28,2,HCAP,,,13.23,8.64
2620.28,2,HCAP,,,9.57,11.02
2620.28,2,HCAP,,,15.66,5.09
2620.38,2,LHC,19.0,Gabus Eliott,16.36,13.33
2620.38,2,LHC,53.0,Schwarz Adam,13.73,9.5
2620.38,2,HCAP,,,13.29,8.58
2620.38,2,HCAP,,,11.92,9.44
2620.38,2,HCAP,,,9.55,11.02
2620.38,2,HCAP,,,15.78,4.95
2620.48,2,LHC,19.0,Gabus Eliott,16.4,13.25
2620.48,2,LHC,53.0,Schwarz Adam,13.7,9.53
2620.48,2,HCAP,,,9.48,11.08
2620.48,2,HCAP,,,13.32,8.54
2620.48,2,HCAP,,,11.96,9.4
2620.48,2,HCAP,,,15.8,4.94
2620.58,2,LHC,19.0,Gabus Eliott,16.53,12.69
2620.58,2,LHC,53.0,Schwarz Adam,13.92,9.15
2620.58,2,HCAP,,,9.62,10.44
2620.58,2,HCAP,,,13.51,8.27
2620.58,2,HCAP,,,12.11,9.03
2620.58,2,HCAP,,,11.3,7.95
2620.58,2,HCAP,,,15.99,5.14
2620.68,2,LHC,19.0,Gabus Eliott,16.51,12.72
2620.68,2,LHC,53.0,Schwarz Adam,13.97,9.09
2620.68,2,HCAP,,,9.49,10.58
2620.68,2,HCAP,,,13.45,8.34
2620.68,2,HCAP,,,12.15,9.0
2620.68,2,HCAP,,,11.33,7.96
2620.68,2,HCAP,,,15.75,5.37
2620.78,2,LHC,19.0,Gabus Eliott,16.5,12.75
2620.78,2,LHC,53.0,Schwarz Adam,14.09,8.96
2620.78,2,HCAP,,,13.45,8.33
2620.78,2,HCAP,,,9.53,10.53
2620.78,2,HCAP,,,12.1,9.03
2620.78,2,HCAP,,,10.1,8.97
2620.78,2,HCAP,,,15.78,5.34
2620.88,2,LHC,19.0,Gabus Eliott,16.5,12.75
2620.88,2,LHC,53.0,Schwarz Adam,14.03,9.04
2620.88,2,HCAP,,,13.46,8.32
2620.88,2,HCAP,,,9.6,10.46
2620.88,2,HCAP,,,12.06,9.06
2620.88,2,HCAP,,,9.95,9.13
2620.88,2,HCAP,,,15.87,5.25
2620.98,2,LHC,19.0,Gabus Eliott,16.5,12.75
2620.98,2,LHC,53.0,Schwarz Adam,14.02,9.05
2620.98,2,HCAP,,,13.46,8.33
2620.98,2,HCAP,,,9.52,10.52
2620.98,2,HCAP,,,12.08,9.05
2620.98,2,HCAP,,,15.96,5.16
2620.98,2,HCAP,,,11.57,7.77
2621.08,2,LHC,19.0,Gabus Eliott,16.49,12.76
2621.08,2,LHC,53.0,Schwarz Adam,13.99,9.08
2621.08,2,HCAP,,,13.34,8.44
2621.08,2,HCAP,,,9.54,10.51
2621.08,2,HCAP,,,12.13,9.0
2621.08,2,HCAP,,,11.43,7.86
2621.08,2,HCAP,,,15.98,5.14
2621.18,2,LHC,19.0,Gabus Eliott,16.46,12.83
2621.18,2,HCAP,,,13.33,8.46
2621.18,2,HCAP,,,12.18,8.95
2621.18,2,LHC,53.0,Schwarz Adam,14.09,8.95
2621.18,2,HCAP,,,9.46,10.6
2621.18,2,HCAP,,,11.6,7.73
2621.18,2,HCAP,,,15.97,5.15
2621.28,2,LHC,19.0,Gabus Eliott,16.47,12.82
2621.28,2,LHC,53.0,Schwarz Adam,14.03,9.0
2621.28,2,HCAP,,,12.26,8.94
2621.28,2,HCAP,,,13.25,8.54
2621.28,2,HCAP,,,9.5,10.53
2621.28,2,HCAP,,,15.67,5.43
2621.38,2,LHC,19.0,Gabus Eliott,16.49,12.82
2621.38,2,LHC,53.0,Schwarz Adam,13.82,9.04
2621.38,2,HCAP,,,13.14,8.62
2621.38,2,HCAP,,,9.63,10.4
2621.38,2,HCAP,,,12.26,8.93
2621.38,2,HCAP,,,15.51,5.59
2621.38,2,HCAP,,,11.57,7.78
2621.48,2,LHC,19.0,Gabus Eliott,16.55,12.74
2621.48,2,LHC,53.0,Schwarz Adam,14.05,8.79
2621.48,2,HCAP,,,9.69,10.38
2621.48,2,HCAP,,,12.29,8.94
2621.48,2,HCAP,,,13.29,8.6
2621.48,2,HCAP,,,15.56,5.53
2621.58,2,LHC,19.0,Gabus Eliott,16.92,12.5
2621.58,2,HCAP,,,9.64,10.63
2621.58,2,LHC,53.0,Schwarz Adam,14.3,8.79
2621.58,2,HCAP,,,14.0,8.18
2621.58,2,HCAP,,,15.74,5.63
2621.58,2,HCAP,,,12.62,8.89
2621.68,2,LHC,19.0,Gabus Eliott,16.9,12.47
2621.68,2,HCAP,,,9.48,10.86
2621.68,2,LHC,53.0,Schwarz Adam,14.28,8.81
2621.68,2,HCAP,,,15.79,5.6
2621.68,2,HCAP,,,12.85,8.74
2621.68,2,HCAP,,,13.89,8.31
2621.78,2,LHC,19.0,Gabus Eliott,16.7,12.89
2621.78,2,HCAP,,,9.75,10.67
2621.78,2,HCAP,,,12.81,8.88
2621.78,2,LHC,53.0,Schwarz Adam,14.2,8.85
2621.78,2,HCAP,,,15.71,5.67
2621.78,2,HCAP,,,13.48,8.92
2621.88,2,LHC,19.0,Gabus Eliott,17.0,12.43
2621.88,2,HCAP,,,12.84,9.04
2621.88,2,HCAP,,,9.29,11.05
2621.88,2,LHC,53.0,Schwarz Adam,14.27,8.71
2621.88,2,HCAP,,,15.77,5.61
2621.88,2,HCAP,,,14.99,7.52
2621.98,2,LHC,19.0,Gabus Eliott,17.07,12.44
2621.98,2,HCAP,,,6.9,13.19
2621.98,2,HCAP,,,12.85,9.02
2621.98,2,HCAP,,,15.75,5.64
2621.98,2,LHC,53.0,Schwarz Adam,14.2,8.74
2621.98,2,HCAP,,,14.11,8.69
2622.08,2,LHC,19.0,Gabus Eliott,17.36,12.03
2622.08,2,HCAP,,,12.98,8.92
2622.08,2,HCAP,,,6.81,13.16
2622.08,2,HCAP,,,15.72,5.65
2622.08,2,LHC,53.0,Schwarz Adam,14.19,8.74
2622.18,2,LHC,19.0,Gabus Eliott,17.63,11.7
2622.18,2,HCAP,,,6.28,13.57
2622.18,2,HCAP,,,13.33,8.58
2622.18,2,HCAP,,,15.77,5.6
2622.18,2,LHC,53.0,Schwarz Adam,14.47,8.47
2622.18,2,HCAP,86.0,Bashkirov Mark,-1.8,16.67
2622.28,2,HCAP,,,4.88,14.86
2622.28,2,LHC,19.0,Gabus Eliott,17.85,11.58
2622.28,2,HCAP,,,13.14,8.74
2622.28,2,LHC,53.0,Schwarz Adam,14.4,8.58
2622.28,2,HCAP,,,15.77,5.62
2622.38,2,HCAP,,,3.91,15.83
2622.38,2,LHC,19.0,Gabus Eliott,18.0,11.74
2622.38,2,HCAP,,,13.42,8.53
2622.38,2,LHC,53.0,Schwarz Adam,14.37,8.65
2622.38,2,HCAP,,,15.82,5.6
2622.48,2,LHC,19.0,Gabus Eliott,18.25,11.7
2622.48,2,HCAP,,,2.93,16.85
2622.48,2,LHC,53.0,Schwarz Adam,14.15,8.85
2622.48,2,HCAP,,,13.74,8.22
2622.48,2,HCAP,,,15.82,5.62
2622.58,2,LHC,19.0,Gabus Eliott,18.48,11.63
2622.58,2,HCAP,,,2.24,17.64
2622.58,2,LHC,53.0,Schwarz Adam,14.38,8.65
2622.58,2,HCAP,,,13.89,8.17
2622.58,2,HCAP,,,15.89,5.62
2622.68,2,LHC,19.0,Gabus Eliott,18.85,11.26
2622.68,2,HCAP,,,0.73,19.23
2622.68,2,LHC,53.0,Schwarz Adam,14.58,8.49
2622.68,2,HCAP,,,14.11,8.13
2622.68,2,HCAP,,,16.04,5.57
2622.78,2,LHC,19.0,Gabus Eliott,19.09,11.07
2622.78,2,LHC,53.0,Schwarz Adam,14.79,8.33
2622.78,2,HCAP,,,14.36,7.97
2622.78,2,HCAP,,,1.78,18.65
2622.78,2,HCAP,,,16.11,5.58
2622.88,2,LHC,19.0,Gabus Eliott,19.35,10.93
2622.88,2,LHC,53.0,Schwarz Adam,14.85,8.25
2622.88,2,HCAP,,,14.56,7.83
2622.88,2,HCAP,,,16.31,5.47
2622.98,2,LHC,19.0,Gabus Eliott,19.52,10.98
2622.98,2,HCAP,,,14.47,8.03
2622.98,2,LHC,53.0,Schwarz Adam,14.88,8.17
2622.98,2,HCAP,,,16.42,5.43
2622.98,2,HCAP,,,-0.63,22.47
2623.08,2,LHC,19.0,Gabus Eliott,21.14,12.22
2623.08,2,HCAP,,,3.5,21.18
2623.08,2,LHC,53.0,Schwarz Adam,16.23,8.37
2623.08,2,HCAP,,,8.9,20.75
2623.08,2,HCAP,,,17.75,3.6
2623.08,2,HCAP,,,15.49,9.03
2623.08,2,LHC,,,7.53,16.53
2623.18,2,LHC,19.0,Gabus Eliott,21.47,12.04
2623.18,2,HCAP,,,3.37,21.4
2623.18,2,LHC,53.0,Schwarz Adam,16.21,8.31
2623.18,2,LHC,,,2.52,31.6
2623.18,2,HCAP,,,17.84,3.52
2623.18,2,HCAP,,,10.19,19.1
2623.18,2,LHC,,,7.03,17.44
2623.28,2,LHC,19.0,Gabus Eliott,21.68,11.7
2623.28,2,HCAP,,,3.43,21.21
2623.28,2,LHC,53.0,Schwarz Adam,16.43,7.78
2623.28,2,HCAP,,,17.87,3.53
2623.28,2,HCAP,,,9.75,20.29
2623.28,2,LHC,,,7.5,16.82
2623.38,2,HCAP,,,8.87,22.05
2623.38,2,HCAP,,,16.38,7.06
2623.38,2,LHC,,,7.51,16.53
2623.48,2,LHC,,,2.92,31.06
2623.48,2,HCAP,,,15.44,8.12
2623.48,2,HCAP,86.0,Bashkirov Mark,7.03,16.78
2623.48,2,HCAP,,,8.3,22.97
2623.48,2,LHC,11.0,Bernasconi Patrick,18.7,9.22
2623.58,2,HCAP,,,8.83,22.03
2623.58,2,LHC,,,3.41,30.11
2623.58,2,LHC,11.0,Bernasconi Patrick,18.5,9.25
2623.58,2,HCAP,,,5.98,23.25
2623.58,2,HCAP,86.0,Bashkirov Mark,7.63,15.64
2623.68,2,LHC,,,3.53,29.51
2623.68,2,HCAP,,,9.03,21.45
2623.68,2,HCAP,,,5.88,23.23
2623.68,2,LHC,11.0,Bernasconi Patrick,18.34,9.37
2623.68,2,HCAP,86.0,Bashkirov Mark,7.11,16.33
2623.78,2,LHC,,,4.05,28.31
2623.78,2,HCAP,,,9.58,20.51
2623.78,2,HCAP,,,5.81,23.2
2623.78,2,LHC,11.0,Bernasconi Patrick,17.89,10.29
2623.78,2,HCAP,,,8.67,13.11
2623.78,2,HCAP,86.0,Bashkirov Mark,7.55,15.43
2623.88,2,HCAP,,,19.6,9.96
2623.88,2,HCAP,,,9.95,20.06
2623.88,2,LHC,,,3.86,29.35
2623.88,2,LHC,11.0,Bernasconi Patrick,17.78,10.36
2623.88,2,HCAP,,,6.15,22.55
2623.88,2,HCAP,86.0,Bashkirov Mark,7.51,15.23
2623.88,2,HCAP,,,8.73,12.8
2623.98,2,HCAP,,,19.37,9.66
2623.98,2,LHC,11.0,Bernasconi Patrick,17.56,10.63
2623.98,2,HCAP,,,7.54,14.66
2623.98,2,HCAP,,,10.77,18.35
2623.98,2,LHC,,,3.35,29.85
2623.98,2,HCAP,,,6.31,21.97
2624.08,2,LHC,,,4.01,28.98
2624.08,2,HCAP,,,19.16,9.48
2624.08,2,HCAP,,,7.91,13.84
2624.08,2,LHC,11.0,Bernasconi Patrick,17.39,11.01
2624.08,2,HCAP,,,10.4,19.11
2624.08,2,HCAP,,,6.51,21.78
2624.08,2,HCAP,,,13.58,8.2
2624.18,2,LHC,,,3.57,29.95
2624.18,2,LHC,19.0,Gabus Eliott,26.08,2.67
2624.18,2,HCAP,,,10.79,18.37
2624.18,2,HCAP,,,6.21,21.94
2624.18,2,HCAP,,,8.03,13.28
2624.18,2,HCAP,,,18.91,9.2
2624.18,2,LHC,11.0,Bernasconi Patrick,17.22,11.22
2624.18,2,HCAP,,,13.11,8.41
2624.28,2,LHC,,,4.55,27.99
2624.28,2,HCAP,,,11.37,17.37
2624.28,2,HCAP,,,18.51,9.39
2624.28,2,HCAP,,,7.93,13.18
2624.28,2,HCAP,,,7.23,19.91
2624.28,2,LHC,11.0,Bernasconi Patrick,16.85,11.56
2624.38,2,LHC,,,4.93,27.0
2624.38,2,HCAP,,,18.19,9.23
2624.38,2,HCAP,,,8.1,12.62
2624.38,2,HCAP,,,7.58,18.71
2624.38,2,HCAP,,,11.68,16.63
2624.38,2,LHC,,,12.18,9.0
2624.38,2,LHC,11.0,Bernasconi Patrick,17.3,10.07
2624.48,2,LHC,,,5.77,25.21
2624.48,2,HCAP,,,7.38,18.56
2624.48,2,HCAP,,,11.9,16.04
2624.48,2,HCAP,,,8.12,12.35
2624.48,2,LHC,,,11.87,9.02
2624.48,2,HCAP,,,17.85,9.32
2624.48,2,LHC,11.0,Bernasconi Patrick,17.04,10.17
2624.58,2,LHC,,,11.87,24.19
2624.58,2,HCAP,,,12.38,11.08
2624.58,2,HCAP,,,12.55,17.07
2624.58,2,HCAP,,,16.84,15.68
2624.58,2,HCAP,86.0,Bashkirov Mark,14.89,9.04
2624.58,2,HCAP,,,21.16,9.65
2624.58,2,LHC,11.0,Bernasconi Patrick,21.64,9.22
2624.68,2,LHC,,,12.11,22.59
2624.68,2,HCAP,,,12.23,16.57
2624.68,2,HCAP,,,12.32,10.75
2624.68,2,HCAP,86.0,Bashkirov Mark,15.17,8.54
2624.68,2,HCAP,,,16.47,15.66
2624.68,2,HCAP,,,20.92,9.77
2624.68,2,LHC,,,18.09,3.93
2624.78,2,LHC,,,12.16,21.23
2624.78,2,HCAP,,,11.96,15.88
2624.78,2,HCAP,,,20.59,9.88
2624.78,2,HCAP,,,15.91,15.9
2624.78,2,HCAP,,,12.28,10.36
2624.78,2,HCAP,86.0,Bashkirov Mark,14.86,8.52
2624.78,2,LHC,,,17.84,4.0
2624.88,2,LHC,,,11.93,20.15
2624.88,2,HCAP,,,15.26,16.08
2624.88,2,HCAP,,,11.35,15.97
2624.88,2,HCAP,,,20.58,8.82
2624.88,2,HCAP,,,11.97,10.41
2624.88,2,LHC,,,17.73,3.98
2624.98,2,LHC,,,11.12,20.49
2624.98,2,HCAP,,,14.61,16.33
2624.98,2,HCAP,,,19.97,9.3
2624.98,2,HCAP,,,10.87,15.87
2624.98,2,LHC,,,17.54,3.99
2624.98,2,HCAP,,,11.95,9.98
2625.08,2,LHC,,,10.89,19.6
2625.08,2,HCAP,,,19.51,9.5
2625.08,2,HCAP,,,10.36,15.63
2625.08,2,HCAP,,,13.75,16.91
2625.08,2,HCAP,86.0,Bashkirov Mark,17.17,4.24
2625.08,2,HCAP,,,11.98,9.5
2625.18,2,LHC,,,9.96,20.14
2625.18,2,HCAP,,,13.19,16.99
2625.18,2,HCAP,,,19.39,8.8
2625.18,2,HCAP,,,9.76,15.65
2625.18,2,HCAP,86.0,Bashkirov Mark,17.01,4.27
2625.18,2,HCAP,,,11.79,9.45
2625.28,2,HCAP,,,12.36,17.51
2625.28,2,LHC,,,9.7,19.19
2625.28,2,HCAP,,,18.61,9.57
2625.28,2,HCAP,,,8.96,15.75
2625.28,2,HCAP,,,11.62,9.29
2625.38,2,LHC,,,9.5,18.33
2625.38,2,HCAP,,,11.32,9.39
2625.38,2,HCAP,,,11.85,17.38
2625.38,2,HCAP,,,8.81,15.35
2625.38,2,HCAP,,,18.27,9.76
2625.48,2,LHC,,,8.65,18.72
2625.48,2,HCAP,,,11.33,17.27
2625.48,2,HCAP,,,10.9,9.78
2625.48,2,HCAP,,,8.2,15.39
2625.48,2,HCAP,,,17.55,10.35
2625.58,2,LHC,,,10.42,19.15
2625.58,2,HCAP,,,13.63,17.0
2625.58,2,HCAP,,,20.14,9.67
2625.58,2,HCAP,,,12.16,10.1
2625.68,2,LHC,,,9.63,19.5
2625.68,2,HCAP,,,20.06,9.88
2625.68,2,LHC,71.0,Puur Melvin,13.2,10.01
2625.68,2,HCAP,,,13.22,17.22
2625.68,2,HCAP,,,8.91,15.95
2625.68,2,HCAP,86.0,Bashkirov Mark,18.52,4.05
2625.78,2,HCAP,,,20.09,9.86
2625.78,2,LHC,71.0,Puur Melvin,13.13,9.98
2625.78,2,LHC,,,8.88,20.25
2625.78,2,HCAP,,,12.85,17.38
2625.78,2,HCAP,86.0,Bashkirov Mark,18.72,3.94
2625.78,2,HCAP,,,8.09,16.72
2625.88,2,HCAP,,,12.38,17.71
2625.88,2,LHC,,,8.05,20.56
2625.88,2,LHC,71.0,Puur Melvin,13.23,9.81
2625.88,2,HCAP,,,6.18,18.57
2625.98,2,LHC,,,6.07,23.35
2625.98,2,HCAP,,,11.77,18.32
2625.98,2,LHC,71.0,Puur Melvin,13.97,8.33
2625.98,2,HCAP,,,6.23,18.07
2626.08,2,LHC,,,19.91,31.23
2626.08,2,HCAP,,,11.83,18.43
2626.08,2,LHC,,,5.58,23.61
2626.08,2,LHC,71.0,Puur Melvin,13.55,9.69
2626.08,2,HCAP,,,5.48,18.97
2626.18,2,HCAP,86.0,Bashkirov Mark,16.97,7.22
2626.18,2,HCAP,,,11.86,18.72
2626.18,2,LHC,,,4.92,24.45
2626.18,2,LHC,71.0,Puur Melvin,14.02,9.48
2626.28,2,LHC,53.0,Schwarz Adam,22.6,7.22
2626.28,2,HCAP,,,11.28,20.22
2626.28,2,LHC,71.0,Puur Melvin,14.36,9.29
2626.28,2,LHC,,,5.5,22.91
2626.38,2,LHC,71.0,Puur Melvin,14.79,9.05
2626.38,2,LHC,11.0,Bernasconi Patrick,23.07,7.07
2626.38,2,LHC,,,5.03,23.16
2626.38,2,LHC,53.0,Schwarz Adam,20.91,12.69
2626.38,2,HCAP,,,11.36,20.49
2626.48,2,LHC,,,5.11,22.84
2626.48,2,LHC,71.0,Puur Melvin,15.31,8.85
2626.48,2,HCAP,,,21.22,13.4
2626.48,2,HCAP,,,10.51,22.79
2626.48,2,HCAP,,,23.37,7.68
2626.58,2,HCAP,,,15.97,14.35
2626.58,2,LHC,71.0,Puur Melvin,11.81,9.11
2626.58,2,HCAP,,,18.92,8.28
2626.58,2,HCAP,,,14.61,7.75
2626.58,2,LHC,,,0.99,22.67
2626.58,2,LHC,,,0.39,21.99
2626.68,2,HCAP,,,15.99,15.46
2626.68,2,HCAP,86.0,Bashkirov Mark,12.23,8.95
2626.68,2,HCAP,,,14.66,8.39
2626.68,2,LHC,,,0.89,22.58
2626.68,2,LHC,,,0.64,21.68
2626.78,2,HCAP,,,14.96,8.53
2626.78,2,HCAP,,,19.74,9.15
2626.78,2,HCAP,,,3.13,27.7
2626.78,2,HCAP,,,15.9,16.71
2626.78,2,LHC,,,-0.15,24.02
2626.78,2,LHC,,,0.22,22.56
2626.88,2,HCAP,,,20.1,9.78
2626.88,2,HCAP,,,2.85,28.64
2626.88,2,HCAP,,,16.07,17.75
2626.88,2,LHC,,,-0.3,24.18
2626.88,2,LHC,,,0.57,22.05
2626.98,2,HCAP,,,15.63,20.4
2626.98,2,HCAP,,,13.4,8.61
2626.98,2,HCAP,,,20.4,10.7
2626.98,2,LHC,,,-1.0,25.09
2626.98,2,HCAP,86.0,Bashkirov Mark,11.6,9.62
2626.98,2,LHC,,,1.08,21.21
2627.08,2,LHC,,,15.73,22.41
2627.08,2,HCAP,86.0,Bashkirov Mark,10.39,11.32
2627.08,2,LHC,,,-1.82,25.67
2627.08,2,LHC,,,-1.53,25.84
2627.08,2,HCAP,,,2.61,29.23
2627.18,2,LHC,11.0,Bernasconi Patrick,16.51,9.62
2627.18,2,HCAP,,,16.15,24.19
2627.18,2,HCAP,,,11.93,9.94
2627.18,2,HCAP,86.0,Bashkirov Mark,10.47,11.68
2627.28,2,HCAP,,,14.59,8.78
2627.28,2,LHC,53.0,Schwarz Adam,17.11,9.66
2627.28,2,HCAP,,,16.12,27.43
2627.28,2,LHC,71.0,Puur Melvin,12.23,9.98
2627.28,2,HCAP,,,10.87,11.75
2627.38,2,HCAP,,,14.94,8.96
2627.38,2,LHC,53.0,Schwarz Adam,16.99,11.09
2627.38,2,LHC,71.0,Puur Melvin,11.47,11.55
2627.48,2,HCAP,,,17.22,12.03
2627.48,2,LHC,71.0,Puur Melvin,11.53,12.31
2627.58,2,LHC,71.0,Puur Melvin,8.45,13.02
2627.68,2,LHC,11.0,Bernasconi Patrick,13.33,9.77
2627.68,2,LHC,71.0,Puur Melvin,8.75,13.26
2627.78,2,LHC,,,14.79,15.76
2627.78,2,LHC,11.0,Bernasconi Patrick,13.2,10.48
2627.78,2,HCAP,,,9.46,12.96
2627.78,2,LHC,71.0,Puur Melvin,10.13,11.24
2627.88,2,LHC,,,14.88,16.6
2627.88,2,LHC,11.0,Bernasconi Patrick,12.87,11.37
2627.88,2,LHC,71.0,Puur Melvin,10.09,11.4
2627.88,2,HCAP,,,9.29,13.64
2627.98,2,LHC,11.0,Bernasconi Patrick,12.84,11.81
2627.98,2,LHC,,,14.87,18.07
2627.98,2,LHC,71.0,Puur Melvin,10.29,11.39
2627.98,2,HCAP,,,8.55,15.11
2628.08,2,LHC,11.0,Bernasconi Patrick,12.97,12.37
2628.08,2,LHC,,,14.55,20.14
2628.08,2,LHC,71.0,Puur Melvin,10.22,11.72
2628.08,2,HCAP,,,8.01,16.43
2628.18,2,LHC,11.0,Bernasconi Patrick,13.06,12.84
2628.18,2,LHC,,,13.8,23.25
2628.18,2,LHC,71.0,Puur Melvin,10.26,11.93
2628.18,2,HCAP,,,7.94,16.87
2628.28,2,LHC,53.0,Schwarz Adam,13.47,12.81
2628.28,2,LHC,,,12.6,27.85
2628.28,2,LHC,71.0,Puur Melvin,10.12,12.3
2628.28,2,HCAP,,,10.36,13.27
2628.38,2,LHC,,,11.36,30.68
2628.38,2,LHC,53.0,Schwarz Adam,12.85,13.96
2628.38,2,HCAP,,,6.4,19.68
2628.48,2,LHC,11.0,Bernasconi Patrick,12.23,14.56
2628.48,2,HCAP,,,4.93,21.21
2628.58,2,LHC,11.0,Bernasconi Patrick,17.95,13.51
2628.58,2,HCAP,,,14.06,12.7
2628.58,2,HCAP,,,11.79,19.84
2628.68,2,LHC,11.0,Bernasconi Patrick,17.81,14.03
2628.68,2,HCAP,,,13.46,13.26
2628.68,2,HCAP,,,10.99,21.64
2628.78,2,LHC,11.0,Bernasconi Patrick,17.29,15.07
2628.78,2,HCAP,,,12.6,14.22
2628.78,2,HCAP,,,10.71,21.82
2628.88,2,LHC,11.0,Bernasconi Patrick,16.76,15.97
2628.88,2,HCAP,,,10.42,22.77
2628.88,2,HCAP,,,11.82,14.94
2628.98,2,LHC,11.0,Bernasconi Patrick,16.13,16.6
2628.98,2,HCAP,,,10.9,15.9
2629.08,2,LHC,11.0,Bernasconi Patrick,15.73,17.19
2629.08,2,HCAP,,,9.7,17.16
2629.18,2,HCAP,,,8.45,18.29
2629.18,2,LHC,71.0,Puur Melvin,14.85,18.31
2629.28,2,LHC,71.0,Puur Melvin,14.15,19.11
2629.28,2,HCAP,,,8.19,18.15
2629.38,2,LHC,71.0,Puur Melvin,13.91,18.63
2629.38,2,HCAP,,,7.25,19.44
2629.48,2,LHC,71.0,Puur Melvin,13.82,18.68
2629.48,2,HCAP,86.0,Bashkirov Mark,6.5,20.64
2629.58,2,LHC,71.0,Puur Melvin,28.43,19.64
2629.58,2,HCAP,86.0,Bashkirov Mark,18.02,17.25
2629.68,2,LHC,71.0,Puur Melvin,28.06,20.46
2629.68,2,HCAP,86.0,Bashkirov Mark,17.05,18.08
2629.78,2,HCAP,,,16.28,17.55
2629.78,2,LHC,71.0,Puur Melvin,27.41,20.77
2629.88,2,HCAP,,,26.21,21.74
2629.88,2,HCAP,,,15.01,17.61
2630.68,2,HCAP,86.0,Bashkirov Mark,41.2,27.0
2630.78,2,HCAP,86.0,Bashkirov Mark,40.4,26.59
2630.78,2,LHC,71.0,Puur Melvin,57.29,31.4
2630.88,2,HCAP,86.0,Bashkirov Mark,39.34,25.47
2630.88,2,HCAP,,,55.08,29.67
2630.98,2,HCAP,86.0,Bashkirov Mark,38.67,24.59
2630.98,2,HCAP,,,53.17,27.63
2631.08,2,HCAP,,,51.51,25.41
2631.08,2,HCAP,86.0,Bashkirov Mark,38.35,24.39
2631.18,2,HCAP,,,50.15,23.91
2631.18,2,HCAP,86.0,Bashkirov Mark,37.78,22.62
2631.28,2,HCAP,,,48.62,21.97
2631.28,2,HCAP,86.0,Bashkirov Mark,37.53,23.06
2631.38,2,HCAP,86.0,Bashkirov Mark,36.83,21.65
2631.38,2,HCAP,,,28.47,30.42
2631.48,2,HCAP,,,28.21,27.87
2631.48,2,HCAP,86.0,Bashkirov Mark,36.59,20.11
2631.58,2,HCAP,86.0,Bashkirov Mark,36.6,19.86
2631.58,2,HCAP,,,28.1,26.02
2631.68,2,HCAP,,,28.0,24.33
2631.68,2,HCAP,86.0,Bashkirov Mark,36.44,18.23
2631.78,2,HCAP,86.0,Bashkirov Mark,36.45,18.08
2631.78,2,HCAP,,,27.99,23.26
2631.88,2,LHC,,,36.65,17.53
2631.88,2,LHC,,,43.43,15.11
2631.88,2,HCAP,,,28.24,22.29
2631.98,2,LHC,,,43.0,14.11
2631.98,2,LHC,,,36.75,16.7
2631.98,2,HCAP,,,28.49,21.58
2632.08,2,HCAP,,,28.75,20.24
2632.08,2,LHC,,,42.84,13.74
2632.08,2,LHC,,,36.97,16.48
2632.18,2,LHC,,,37.17,16.68
2632.18,2,LHC,,,42.7,13.55
2632.18,2,HCAP,,,29.01,19.89
2632.28,2,LHC,,,37.48,16.97
2632.28,2,LHC,,,42.61,13.24
2632.28,2,HCAP,,,29.12,19.53
2632.38,2,LHC,,,42.51,13.2
2632.38,2,LHC,,,37.66,17.17
2632.38,2,HCAP,,,29.4,19.89
2632.48,2,LHC,,,42.46,13.43
2632.48,2,HCAP,,,29.43,19.69
2632.48,2,LHC,,,37.8,16.99
2632.58,2,LHC,,,42.14,12.8
2632.58,2,LHC,,,37.99,17.03
2632.58,2,HCAP,,,29.64,20.05
2632.68,2,HCAP,,,29.82,20.4
2632.68,2,LHC,,,38.11,16.83
2632.68,2,LHC,,,42.13,13.11
2632.78,2,HCAP,,,30.06,19.58
2632.78,2,LHC,,,42.0,12.86
2632.78,2,LHC,,,38.26,16.49
2632.88,2,LHC,,,42.31,12.89
2632.88,2,HCAP,,,30.92,19.62
2632.88,2,LHC,,,38.92,16.35
2632.98,2,LHC,,,39.51,16.17
2632.98,2,HCAP,,,42.44,12.6
2632.98,2,LHC,,,43.63,8.22
2633.08,2,LHC,,,39.98,15.75
2633.08,2,HCAP,,,42.61,12.63
2633.08,2,LHC,,,43.6,8.18
2633.18,2,LHC,,,40.23,14.85
2633.18,2,HCAP,,,42.71,12.45
2633.18,2,HCAP,86.0,Bashkirov Mark,33.32,18.69
2633.18,2,LHC,,,43.56,8.15
2633.28,2,LHC,,,40.36,13.92
2633.28,2,HCAP,,,42.79,12.4
2633.28,2,LHC,,,43.58,8.19
2633.38,2,LHC,,,40.52,13.46
2633.38,2,HCAP,,,42.61,11.8
2633.38,2,LHC,,,43.55,8.1
2633.48,2,HCAP,,,42.43,11.26
2633.48,2,LHC,,,40.46,12.37
2633.48,2,LHC,,,43.55,8.1
2638.58,2,HCAP,,,34.43,12.65
2638.58,2,HCAP,,,58.26,31.88
2638.58,2,LHC,,,56.4,16.72
2638.58,2,LHC,,,44.23,8.24
2638.58,2,LHC,,,38.7,4.64
2638.58,2,LHC,,,49.14,15.23
2638.58,2,LHC,,,47.94,6.53
2638.68,2,HCAP,,,34.35,13.6
2638.68,2,LHC,,,43.87,8.16
2638.68,2,LHC,,,57.0,17.56
2638.68,2,LHC,,,48.47,7.51
2638.68,2,LHC,,,38.5,4.82
2638.68,2,LHC,,,49.91,16.46
2638.78,2,HCAP,,,34.19,14.3
2638.78,2,LHC,,,43.57,8.16
2638.78,2,LHC,,,57.68,18.41
2638.78,2,LHC,,,38.22,4.9
2638.78,2,LHC,,,48.53,7.66
2638.78,2,LHC,,,48.78,13.91
2638.88,2,HCAP,,,33.89,14.51
2638.88,2,LHC,,,43.32,8.09
2638.88,2,LHC,,,38.26,6.26
2638.88,2,LHC,,,48.49,7.82
2638.88,2,LHC,,,58.02,18.74
2638.98,2,HCAP,,,33.43,14.78
2638.98,2,LHC,,,37.71,5.28
2638.98,2,LHC,,,43.22,8.48
2638.98,2,LHC,,,49.39,9.22
2639.08,2,HCAP,,,33.02,16.05
2639.08,2,LHC,,,43.08,8.81
2639.08,2,LHC,,,37.42,5.53
2639.08,2,HCAP,,,47.01,8.45
2639.08,2,LHC,,,49.98,10.28
2639.18,2,HCAP,,,32.57,16.77
2639.18,2,LHC,,,42.86,9.13
2639.18,2,HCAP,,,46.79,7.98
2639.18,2,LHC,,,36.98,5.54
2639.18,2,LHC,,,50.09,10.55
2639.28,2,LHC,,,42.84,9.67
2639.28,2,HCAP,,,31.98,17.52
2639.28,2,HCAP,,,46.92,8.24
2639.28,2,LHC,,,36.4,5.23
2639.28,2,LHC,,,48.68,8.25
2639.38,2,LHC,,,42.49,9.56
2639.38,2,HCAP,,,46.89,8.16
2639.38,2,HCAP,,,31.29,18.02
2639.38,2,LHC,,,48.85,8.73
2639.38,2,LHC,,,36.14,5.97
2639.48,2,LHC,,,42.11,9.77
2639.48,2,HCAP,,,30.72,17.84
2639.48,2,HCAP,,,46.91,8.18
2639.48,2,LHC,,,35.79,6.14
2639.48,2,LHC,,,48.98,9.02
2639.58,2,LHC,,,42.25,10.12
2639.58,2,HCAP,,,30.9,17.27
2639.58,2,HCAP,,,47.35,8.25
2639.58,2,LHC,,,35.87,6.35
2639.58,2,LHC,,,49.7,10.72
2639.68,2,HCAP,,,30.98,17.18
2639.68,2,LHC,,,42.78,11.16
2639.68,2,HCAP,,,47.94,8.61
2639.68,2,LHC,,,35.93,6.51
2639.68,2,LHC,,,50.24,11.31
2639.68,2,HCAP,,,37.05,3.12
2639.78,2,LHC,,,43.12,11.78
2639.78,2,LHC,,,36.05,6.89
2639.78,2,HCAP,,,48.44,8.76
2639.78,2,HCAP,,,37.22,3.23
2639.78,2,LHC,,,50.94,12.04
2639.78,2,HCAP,,,31.01,16.73
2639.88,2,LHC,,,36.01,6.96
2639.88,2,HCAP,,,31.03,17.49
2639.88,2,LHC,,,43.15,11.95
2639.88,2,HCAP,,,48.77,8.81
2639.88,2,LHC,,,51.5,12.68
2639.98,2,LHC,,,43.43,12.63
2639.98,2,HCAP,,,31.05,17.22
2639.98,2,LHC,,,35.9,6.83
2639.98,2,HCAP,,,49.42,9.25
2640.08,2,LHC,,,43.8,13.46
2640.08,2,LHC,,,35.78,7.14
2640.08,2,HCAP,,,30.98,16.28
2640.08,2,HCAP,,,49.7,9.06
2640.18,2,LHC,,,44.04,13.97
2640.18,2,LHC,,,35.71,7.38
2640.18,2,HCAP,,,31.03,17.15
2640.18,2,HCAP,,,51.19,10.87
2640.28,2,LHC,,,44.02,14.36
2640.28,2,HCAP,,,30.31,17.71
2640.28,2,LHC,,,35.15,6.9
2640.28,2,HCAP,,,54.27,15.44
2640.38,2,LHC,,,43.66,14.08
2640.38,2,LHC,,,34.48,6.26
2640.38,2,HCAP,,,54.77,15.37
2640.38,2,HCAP,,,29.76,14.68
2640.48,2,LHC,,,43.31,13.31
2640.48,2,HCAP,,,55.51,15.43
2640.48,2,LHC,,,33.92,5.19
2640.58,2,LHC,,,43.56,14.01
2640.58,2,HCAP,,,56.62,16.24
2640.58,2,LHC,,,33.75,4.91
2640.68,2,HCAP,,,56.34,15.51
2640.68,2,LHC,,,44.04,14.99
2640.68,2,LHC,,,33.97,4.86
2640.78,2,HCAP,,,57.28,16.53
2640.78,2,LHC,,,44.56,15.99
2640.78,2,LHC,,,34.32,4.69
2640.78,2,HCAP,,,29.91,10.09
2640.88,2,LHC,,,45.05,17.02
2640.88,2,HCAP,,,30.09,10.42
2640.88,2,HCAP,,,57.18,16.17
2640.98,2,HCAP,,,30.43,10.76
2640.98,2,HCAP,,,57.5,16.56
2640.98,2,LHC,,,45.35,17.75
2640.98,2,HCAP,,,35.87,1.58
2641.08,2,LHC,,,45.68,18.92
2641.08,2,HCAP,,,30.77,10.17
2641.08,2,HCAP,,,58.01,17.03
2641.18,2,LHC,,,45.83,19.16
2641.18,2,HCAP,,,31.26,9.63
2641.18,2,HCAP,,,36.52,4.05
2641.18,2,HCAP,,,57.34,15.84
2641.28,2,LHC,,,46.49,21.51
2641.28,2,HCAP,,,31.58,8.99
2641.38,2,LHC,,,46.13,20.58
2641.38,2,HCAP,,,57.74,16.62
2641.38,2,LHC,,,60.49,15.09
2641.38,2,HCAP,,,32.06,8.11
2641.48,2,LHC,,,46.54,21.83
2641.48,2,HCAP,,,58.03,16.68
2641.48,2,HCAP,,,32.58,7.74
2641.58,2,LHC,,,36.4,18.85
2641.58,2,HCAP,,,47.92,12.04
2641.58,2,LHC,,,27.2,6.47
2641.68,2,LHC,,,36.24,19.46
2641.68,2,HCAP,,,47.72,11.97
2641.68,2,LHC,,,51.49,10.05
2641.78,2,LHC,,,35.81,18.11
2641.78,2,LHC,,,51.48,9.47
2641.78,2,HCAP,,,47.4,11.25
2641.88,2,LHC,,,35.74,18.07
2641.88,2,LHC,,,52.08,9.63
2641.88,2,HCAP,,,47.99,12.44
2641.98,2,LHC,,,35.88,17.53
2641.98,2,LHC,,,52.72,9.62
2641.98,2,HCAP,,,47.73,11.32
2642.08,2,LHC,,,35.86,15.96
2642.08,2,LHC,,,53.5,9.8
2642.08,2,HCAP,,,47.52,10.57
2642.18,2,LHC,,,35.94,14.77
2642.18,2,LHC,,,54.33,10.01
2642.18,2,HCAP,,,47.8,10.51
2642.28,2,LHC,,,36.0,13.93
2642.28,2,LHC,,,54.86,10.07
2642.28,2,HCAP,,,29.8,6.25
2642.28,2,HCAP,,,47.64,10.35
2642.38,2,HCAP,,,42.49,30.91
2642.38,2,LHC,,,36.17,13.18
2642.38,2,HCAP,,,30.12,6.33
2642.38,2,LHC,,,55.36,10.18
2642.38,2,HCAP,,,47.47,9.9
2642.48,2,LHC,,,36.25,11.38
2642.48,2,LHC,,,56.1,10.6
2642.48,2,HCAP,,,30.42,6.51
2642.48,2,HCAP,,,42.21,26.67
2642.48,2,HCAP,,,47.5,9.84
2642.58,2,LHC,,,47.74,6.86
2642.58,2,LHC,,,28.86,7.43
2642.58,2,HCAP,,,39.36,6.51
2642.58,2,HCAP,,,24.39,5.12
2642.58,2,HCAP,,,31.18,19.97
2642.68,2,LHC,,,29.21,7.07
2642.68,2,LHC,,,48.5,7.22
2642.68,2,HCAP,,,31.91,16.31
2642.68,2,HCAP,,,39.44,6.3
2642.78,2,HCAP,,,32.28,15.49
2642.78,2,HCAP,,,39.49,6.48
2642.78,2,LHC,,,49.46,7.72
2642.78,2,LHC,,,29.53,6.66
2642.88,2,LHC,,,29.82,5.74
2642.88,2,HCAP,,,39.71,6.46
2642.88,2,LHC,,,50.55,8.35
2642.88,2,HCAP,,,32.83,13.75
2642.98,2,LHC,,,30.19,5.34
2642.98,2,LHC,,,52.03,9.09
2642.98,2,HCAP,,,33.36,12.41
2642.98,2,HCAP,,,40.24,6.73
2643.08,2,HCAP,,,33.71,11.58
2643.08,2,LHC,,,53.45,10.03
2643.08,2,LHC,,,30.4,4.86
2643.08,2,HCAP,,,40.53,6.84
2643.18,2,LHC,,,30.81,4.69
2643.18,2,HCAP,,,34.46,10.81
2643.18,2,HCAP,,,41.25,7.21
2643.18,2,LHC,,,55.15,10.96
2643.28,2,LHC,,,31.07,4.56
2643.28,2,HCAP,,,35.02,9.83
2643.28,2,HCAP,,,18.77,30.72
2643.28,2,HCAP,,,41.64,7.78
2643.38,2,HCAP,,,35.64,9.67
2643.38,2,LHC,,,31.48,5.9
2643.38,2,HCAP,,,41.97,8.7
2643.48,2,LHC,,,31.66,6.32
2643.48,2,HCAP,,,35.9,9.88
2643.48,2,HCAP,,,42.42,10.4
2643.58,2,HCAP,,,27.35,8.97
2643.58,2,LHC,,,23.97,5.5
2643.68,2,LHC,,,24.39,5.41
2643.68,2,HCAP,,,27.73,9.69
2643.68,2,HCAP,,,34.64,9.01
2643.78,2,HCAP,,,28.24,9.29
2643.78,2,LHC,,,24.68,5.74
2643.78,2,LHC,,,33.98,3.25
2643.88,2,HCAP,,,28.35,8.79
2643.88,2,HCAP,,,36.38,11.7
2643.88,2,LHC,,,24.73,6.33
2643.88,2,LHC,,,34.2,2.54
2643.98,2,LHC,,,34.56,3.28
2643.98,2,LHC,,,24.66,6.67
2643.98,2,HCAP,,,28.4,8.46
2643.98,2,HCAP,,,36.69,12.98
2644.08,2,HCAP,,,37.83,15.62
2644.08,2,LHC,,,24.7,7.09
2644.08,2,HCAP,,,21.83,8.46
2644.08,2,LHC,,,34.81,3.15
2644.18,2,LHC,,,24.68,7.69
2644.18,2,HCAP,,,29.42,25.8
2644.18,2,LHC,,,35.15,3.72
2644.18,2,HCAP,,,21.98,8.5
2644.18,2,HCAP,,,38.62,16.93
2644.28,2,HCAP,,,39.87,19.59
2644.28,2,LHC,,,24.8,8.44
2644.28,2,HCAP,,,22.09,8.85
2644.28,2,HCAP,,,29.09,24.55
2644.28,2,LHC,,,35.2,3.5
2644.28,2,HCAP,,,28.22,8.24
2644.38,2,HCAP,,,41.02,21.96
2644.38,2,LHC,,,25.01,8.94
2644.38,2,HCAP,,,28.62,23.51
2644.38,2,HCAP,,,22.26,9.17
2644.38,2,LHC,,,35.37,3.79
2644.38,2,HCAP,,,28.24,8.99
2644.48,2,HCAP,,,42.42,25.71
2644.48,2,LHC,,,25.13,9.97
2644.48,2,HCAP,,,22.34,9.4
2644.48,2,HCAP,,,28.24,23.12
2644.48,2,HCAP,,,28.17,9.54
2644.48,2,LHC,,,35.58,3.98
2644.58,2,HCAP,,,32.87,21.04
2644.58,2,LHC,,,21.23,10.97
2644.58,2,HCAP,,,18.23,11.38
2644.58,2,HCAP,,,23.65,10.66
2644.58,2,LHC,,,31.07,2.94
2644.58,2,HCAP,,,21.81,21.45
2644.68,2,HCAP,,,33.26,22.86
2644.68,2,LHC,,,21.27,11.9
2644.68,2,HCAP,,,18.19,11.72
2644.68,2,LHC,,,31.17,3.51
2644.68,2,HCAP,,,21.38,22.32
2644.68,2,HCAP,,,23.04,13.57
2644.78,2,HCAP,,,33.6,25.63
2644.78,2,LHC,,,21.31,12.81
2644.78,2,HCAP,,,18.16,11.93
2644.78,2,LHC,,,31.21,3.66
2644.78,2,HCAP,,,20.81,23.45
2644.78,2,HCAP,,,23.82,10.12
2644.88,2,HCAP,,,33.99,30.4
2644.88,2,LHC,,,21.17,14.33
2644.88,2,LHC,,,31.29,4.12
2644.88,2,HCAP,,,18.29,11.86
2644.88,2,HCAP,,,19.71,27.29
2644.98,2,LHC,,,21.13,15.65
2644.98,2,HCAP,,,18.48,11.6
2644.98,2,LHC,,,31.4,3.86
2644.98,2,HCAP,,,19.15,29.04
2645.08,2,LHC,,,21.17,16.45
2645.08,2,HCAP,,,18.84,10.95
2645.08,2,HCAP,,,23.74,11.33
2645.08,2,LHC,,,31.4,3.7
2645.08,2,HCAP,,,8.87,12.11
2645.18,2,LHC,,,21.15,17.4
2645.18,2,HCAP,,,18.94,10.94
2645.18,2,HCAP,,,24.12,8.98
2645.18,2,HCAP,,,9.55,11.82
2645.18,2,LHC,,,31.39,3.83
2645.28,2,LHC,,,20.94,19.22
2645.28,2,LHC,,,31.4,4.05
2645.28,2,HCAP,,,18.74,11.62
2645.28,2,HCAP,,,24.06,9.03
2645.28,2,HCAP,,,10.2,11.54
2645.38,2,LHC,,,31.48,4.42
2645.38,2,HCAP,,,19.02,11.12
2645.38,2,HCAP,,,24.21,8.43
2645.38,2,HCAP,,,10.85,11.17
2645.38,2,LHC,,,21.93,16.52
2645.48,2,LHC,,,31.48,4.2
2645.48,2,HCAP,,,18.61,12.28
2645.48,2,HCAP,,,11.52,10.75
2645.48,2,LHC,,,22.39,15.55
2645.58,2,LHC,,,27.12,5.56
2645.58,2,HCAP,,,12.96,15.2
2645.58,2,HCAP,,,7.62,12.7
2645.58,2,HCAP,,,19.54,9.19
2645.58,2,LHC,,,14.78,21.91
2645.68,2,HCAP,,,8.09,12.47
2645.68,2,LHC,,,27.14,5.58
2645.68,2,HCAP,,,13.3,14.61
2645.68,2,HCAP,,,19.0,10.38
2645.68,2,LHC,,,13.47,25.28
2645.78,2,HCAP,,,8.53,12.3
2645.78,2,HCAP,,,18.59,11.21
2645.78,2,HCAP,,,13.41,14.47
2645.78,2,LHC,,,27.08,5.92
2645.78,2,LHC,,,11.83,29.55
2645.88,2,HCAP,,,12.95,15.6
2645.88,2,HCAP,,,18.67,10.91
2645.88,2,LHC,,,26.99,6.62
2645.98,2,HCAP,,,12.91,15.88
2645.98,2,LHC,,,26.93,7.03
2645.98,2,HCAP,,,18.34,11.45
2646.08,2,HCAP,,,12.72,16.49
2646.08,2,LHC,,,26.99,7.05
2646.08,2,HCAP,,,17.32,14.18
2646.18,2,LHC,,,26.85,7.29
2646.18,2,HCAP,,,12.78,16.5
2646.18,2,HCAP,,,15.55,18.56
2646.28,2,LHC,,,26.9,8.05
2646.28,2,HCAP,,,15.79,18.23
2646.28,2,HCAP,,,13.12,15.81
2646.38,2,LHC,,,27.01,8.12
2646.38,2,HCAP,,,16.06,17.48
2646.38,2,HCAP,,,12.86,16.42
2646.48,2,LHC,,,27.0,8.46
2646.48,2,HCAP,,,16.31,16.89
2646.48,2,HCAP,,,12.09,18.13
2646.58,2,HCAP,,,6.79,19.23
2646.58,2,LHC,,,22.12,8.31
2646.58,2,HCAP,,,11.36,16.55
2646.68,2,LHC,,,22.2,8.25
2646.68,2,HCAP,,,11.76,15.96
2646.68,2,HCAP,,,6.56,19.49
2646.78,2,LHC,,,22.2,8.48
2646.78,2,HCAP,,,12.52,14.81
2646.88,2,LHC,,,1.24,31.95
2646.88,2,LHC,,,21.93,9.15
2646.88,2,HCAP,,,13.04,14.06
2646.88,2,HCAP,,,3.5,24.44
2646.98,2,LHC,,,1.86,30.8
2646.98,2,LHC,,,21.79,9.62
2646.98,2,HCAP,,,6.92,18.31
2646.98,2,HCAP,,,13.62,13.39
2647.08,2,LHC,,,2.86,29.1
2647.08,2,LHC,,,21.59,10.25
2647.08,2,HCAP,,,14.18,12.8
2647.08,2,HCAP,,,6.36,19.09
2647.18,2,LHC,,,21.41,10.65
2647.18,2,LHC,,,5.5,24.56
2647.18,2,HCAP,,,14.65,12.15
2647.18,2,HCAP,,,5.91,19.73
2647.28,2,LHC,,,6.51,22.61
2647.28,2,LHC,,,21.32,10.68
2647.28,2,HCAP,,,15.46,11.01
2647.28,2,HCAP,,,5.36,20.33
2647.38,2,LHC,,,6.9,22.03
2647.38,2,HCAP,,,16.19,10.19
2647.38,2,LHC,,,21.82,9.14
2647.38,2,HCAP,,,5.1,20.74
2647.48,2,LHC,,,7.2,21.79
2647.48,2,HCAP,,,6.18,18.98
2647.48,2,HCAP,,,16.84,9.42
2647.48,2,LHC,,,22.19,7.69
2647.58,2,LHC,,,6.07,16.03
2647.58,2,HCAP,,,3.85,16.01
2647.58,2,HCAP,,,14.05,8.44
2647.58,2,LHC,,,19.02,6.19
2647.68,2,LHC,,,6.57,15.32
2647.68,2,HCAP,,,14.68,7.88
2647.68,2,HCAP,,,10.36,30.24
2647.68,2,LHC,,,17.5,9.97
2647.68,2,HCAP,,,5.56,13.76
2647.78,2,LHC,,,7.15,14.55
2647.78,2,LHC,,,16.95,10.91
2647.78,2,HCAP,,,11.23,28.02
2647.78,2,HCAP,,,5.48,13.91
2647.78,2,HCAP,,,14.99,7.64
2647.88,2,HCAP,,,11.74,25.08
2647.88,2,LHC,,,7.76,13.42
2647.88,2,LHC,,,16.69,10.26
2647.88,2,HCAP,,,15.38,6.99
2647.88,2,HCAP,,,6.23,12.75
2647.98,2,HCAP,,,11.92,22.96
2647.98,2,LHC,,,16.15,10.45
2647.98,2,HCAP,,,15.53,6.8
2647.98,2,HCAP,,,6.64,12.11
2647.98,2,LHC,,,8.37,12.4
2648.08,2,LHC,,,15.94,10.02
2648.08,2,HCAP,,,12.36,20.28
2648.08,2,LHC,,,8.85,11.59
2648.08,2,HCAP,,,15.76,6.36
2648.08,2,HCAP,,,7.53,10.94
2648.18,2,LHC,,,15.84,9.43
2648.18,2,HCAP,,,15.98,5.97
2648.18,2,HCAP,,,12.33,19.02
2648.18,2,HCAP,,,7.75,10.64
2648.18,2,LHC,,,9.05,11.25
2648.28,2,LHC,,,9.73,10.21
2648.28,2,LHC,,,15.42,9.64
2648.28,2,HCAP,,,12.4,17.79
2648.28,2,HCAP,,,8.09,10.2
2648.28,2,HCAP,,,15.99,5.99
2648.38,2,LHC,,,10.15,9.61
2648.38,2,LHC,,,15.46,8.97
2648.38,2,HCAP,,,12.52,16.5
2648.38,2,HCAP,,,16.29,5.47
2648.38,2,HCAP,,,8.61,9.59
2648.48,2,LHC,,,10.59,9.06
2648.48,2,HCAP,,,12.87,14.89
2648.48,2,LHC,,,15.52,8.38
2648.48,2,HCAP,,,16.49,5.19
2648.48,2,HCAP,,,9.04,9.04
2648.58,2,LHC,,,10.87,8.77
2648.58,2,HCAP,,,12.5,15.1
2648.58,2,LHC,,,15.54,8.12
2648.58,2,HCAP,,,16.55,5.2
2648.58,2,HCAP,,,9.12,8.95
2648.68,2,LHC,,,11.38,8.19
2648.68,2,LHC,,,12.36,14.38
2648.78,2,LHC,,,12.67,13.38
2648.78,2,LHC,,,11.93,7.53
2648.88,2,LHC,,,12.74,13.04
2648.88,2,LHC,,,12.31,7.07
2648.98,2,HCAP,,,-0.08,25.71
2648.98,2,LHC,,,12.59,6.79
2648.98,2,HCAP,,,13.08,11.9
2648.98,2,HCAP,,,16.81,5.03
2648.98,2,HCAP,,,24.54,-1.1
2649.08,2,HCAP,,,0.51,24.71
2649.08,2,LHC,,,12.86,6.54
2649.08,2,HCAP,,,16.33,5.94
2649.08,2,HCAP,,,13.1,11.43
2649.08,2,HCAP,,,24.54,-1.08
2649.18,2,HCAP,,,1.95,22.54
2649.18,2,LHC,,,13.37,5.96
2649.18,2,HCAP,,,16.27,6.01
2649.18,2,HCAP,,,-1.04,25.72
2649.18,2,HCAP,,,13.27,10.78
2649.18,2,HCAP,,,12.13,6.98
2649.28,2,HCAP,,,16.53,5.54
2649.28,2,LHC,,,13.71,5.59
2649.28,2,HCAP,,,4.06,19.43
2649.28,2,HCAP,,,0.92,23.11
2649.28,2,HCAP,,,13.26,10.4
2649.28,2,HCAP,,,-1.42,19.32
2649.28,2,HCAP,,,12.07,7.1
2649.38,2,HCAP,,,16.68,5.4
2649.38,2,LHC,,,13.97,5.35
2649.38,2,HCAP,,,1.97,22.0
2649.38,2,HCAP,,,13.42,9.79
2649.38,2,HCAP,,,-0.23,18.06
2649.48,2,LHC,,,14.29,5.02
2649.48,2,HCAP,,,16.86,5.23
2649.48,2,HCAP,,,0.51,17.44
2649.48,2,HCAP,,,13.59,9.28
2649.48,2,HCAP,,,3.51,19.68
2649.48,2,HCAP,,,4.82,18.0
2649.48,2,HCAP,,,24.52,-1.14
2649.58,2,LHC,,,14.65,4.66
2649.58,2,HCAP,,,13.74,8.75
2649.58,2,HCAP,,,4.88,18.31
2649.58,2,HCAP,,,1.98,16.01
2649.58,2,HCAP,,,17.3,4.61
2649.58,2,HCAP,,,24.54,-1.21
2649.68,2,LHC,,,6.34,14.82
2649.68,2,LHC,,,22.25,6.45
2649.68,2,HCAP,,,13.71,8.49
2649.68,2,HCAP,,,5.91,17.03
2649.68,2,LHC,,,14.91,4.46
2649.68,2,HCAP,,,3.77,14.07
2649.68,2,HCAP,,,17.48,4.53
2649.68,2,HCAP,,,24.53,-1.2
2649.78,2,HCAP,,,6.88,15.77
2649.78,2,HCAP,,,13.71,8.19
2649.78,2,LHC,,,22.09,6.05
2649.78,2,HCAP,,,17.75,4.3
2649.78,2,LHC,,,15.23,4.21
2649.88,2,LHC,,,6.98,13.33
2649.88,2,LHC,,,22.03,5.53
2649.88,2,HCAP,,,18.09,4.0
2649.88,2,HCAP,,,8.59,13.39
2649.88,2,HCAP,,,13.75,7.8
2649.88,2,HCAP,,,23.68,1.55
2649.88,2,LHC,,,15.65,3.85
2649.98,2,HCAP,,,7.58,15.12
2649.98,2,LHC,,,7.24,12.64
2649.98,2,LHC,,,21.95,5.23
2649.98,2,HCAP,,,18.43,3.76
2649.98,2,HCAP,,,13.68,7.6
2649.98,2,HCAP,,,23.67,1.58
2650.08,2,LHC,,,7.78,11.72
2650.08,2,HCAP,,,8.27,14.21
2650.08,2,LHC,,,22.0,4.91
2650.08,2,HCAP,,,13.63,7.39
2650.08,2,HCAP,,,18.8,3.55
2650.08,2,HCAP,,,23.69,1.56
2650.08,2,HCAP,,,12.12,6.94
2650.18,2,LHC,,,8.12,11.15
2650.18,2,HCAP,,,8.49,14.01
2650.18,2,LHC,,,21.95,4.82
2650.18,2,HCAP,,,13.53,7.29
2650.18,2,HCAP,,,23.68,1.63
2650.18,2,HCAP,,,19.03,3.5
2650.18,2,HCAP,,,12.05,6.99
2650.28,2,LHC,,,8.39,10.69
2650.28,2,HCAP,,,8.88,13.43
2650.28,2,LHC,,,22.09,4.17
2650.28,2,HCAP,,,13.38,7.29
2650.28,2,HCAP,,,23.68,1.63
2650.28,2,HCAP,,,19.26,3.49
2650.28,2,HCAP,,,12.03,6.96
2650.38,2,LHC,,,8.78,10.07
2650.38,2,HCAP,,,8.94,13.27
2650.38,2,LHC,,,22.05,4.2
2650.38,2,HCAP,,,19.54,3.37
2650.38,2,HCAP,,,23.68,1.64
2650.38,2,HCAP,,,13.21,7.28
2650.48,2,LHC,,,22.11,3.91
2650.48,2,HCAP,,,9.0,13.14
2650.48,2,LHC,,,9.21,9.41
2650.48,2,HCAP,,,19.69,3.65
2650.48,2,HCAP,,,13.28,6.98
2650.48,2,HCAP,,,23.68,1.66
2650.58,2,LHC,,,25.3,2.1
2650.58,2,HCAP,,,22.52,1.96
2650.58,2,HCAP,,,10.23,13.96
2650.58,2,LHC,,,10.45,9.41
2650.58,2,HCAP,,,14.56,6.44
2650.58,2,HCAP,,,27.74,-1.43
2650.68,2,LHC,,,25.06,1.92
2650.68,2,LHC,,,10.96,8.29
2650.68,2,HCAP,,,10.14,13.61
2650.68,2,HCAP,,,22.32,2.28
2650.78,2,LHC,,,19.72,1.04
2650.78,2,LHC,,,24.75,1.75
2650.78,2,LHC,,,10.78,8.22
2650.78,2,HCAP,,,18.06,0.74
2650.88,2,LHC,,,19.42,1.36
2650.88,2,LHC,,,24.41,1.45
2650.88,2,LHC,,,10.63,8.05
2650.98,2,LHC,,,19.18,1.63
2650.98,2,LHC,,,24.1,1.34
2650.98,2,HCAP,,,10.42,7.96
2651.08,2,LHC,,,8.64,29.94
2651.08,2,LHC,,,18.96,1.79
2651.08,2,HCAP,,,23.8,1.2
2651.08,2,LHC,,,25.14,-1.03
2651.18,2,LHC,,,9.04,27.18
2651.18,2,LHC,,,18.65,2.14
2651.18,2,LHC,,,24.8,-1.32
2651.28,2,LHC,,,9.17,25.08
2651.28,2,LHC,,,18.33,2.45
2651.38,2,LHC,,,8.91,24.0
2651.38,2,LHC,,,18.01,2.82
2651.48,2,LHC,,,8.56,23.13
2651.48,2,LHC,,,17.68,3.2
2651.48,2,HCAP,,,17.85,5.82
2651.58,2,LHC,,,10.83,23.28
2651.58,2,HCAP,,,19.67,5.96
2651.58,2,LHC,,,19.61,3.44
2651.68,2,HCAP,,,19.29,6.6
2651.68,2,LHC,,,10.51,23.2
2651.68,2,HCAP,,,8.41,14.42
2651.68,2,LHC,,,24.41,1.68
2651.68,2,LHC,,,19.64,3.67
2651.78,2,LHC,,,9.27,24.73
2651.78,2,LHC,,,19.64,3.77
2651.78,2,HCAP,,,7.66,15.47
2651.78,2,LHC,,,24.54,1.84
2651.88,2,LHC,,,18.18,7.61
2651.88,2,LHC,,,8.73,25.23
2651.88,2,HCAP,,,7.5,15.54
2651.88,2,LHC,,,24.59,1.88
2651.98,2,LHC,,,7.28,27.49
2651.98,2,HCAP,,,7.13,15.95
2651.98,2,LHC,,,24.56,2.2
2651.98,2,LHC,,,17.89,7.94
2652.08,2,LHC,,,6.75,27.91
2652.08,2,LHC,,,24.56,2.36
2652.08,2,HCAP,,,6.66,16.56
2652.08,2,LHC,,,18.91,5.53
2652.18,2,LHC,,,6.38,28.42
2652.18,2,LHC,,,24.5,2.67
2652.18,2,LHC,,,19.01,5.39
2652.18,2,HCAP,,,6.14,17.18
2652.18,2,HCAP,,,22.03,2.06
2652.28,2,LHC,,,5.68,29.5
2652.28,2,LHC,,,24.53,2.67
2652.28,2,LHC,,,18.87,5.76
2652.28,2,HCAP,,,5.67,17.78
2652.28,2,HCAP,,,21.98,2.38
2652.38,2,LHC,,,4.26,31.92
2652.38,2,LHC,,,24.42,3.0
2652.38,2,LHC,,,18.71,6.1
2652.38,2,HCAP,,,21.9,2.61
2652.38,2,HCAP,,,5.1,18.57
2652.48,2,LHC,,,24.33,3.25
2652.48,2,LHC,,,18.55,6.45
2652.48,2,HCAP,,,21.7,3.12
2652.48,2,HCAP,,,4.05,20.05
2652.58,2,LHC,,,22.21,4.38
2652.58,2,HCAP,,,20.01,3.81
2652.58,2,HCAP,,,13.92,9.66
2652.58,2,HCAP,,,18.15,2.26
2652.58,2,LHC,,,16.84,7.37
2652.58,2,LHC,,,3.74,13.68
2652.58,2,HCAP,,,8.99,9.14
2652.58,2,HCAP,,,4.34,16.88
2652.68,2,LHC,,,16.94,7.81
2652.68,2,HCAP,,,13.48,10.56
2652.68,2,LHC,,,22.57,4.48
2652.68,2,HCAP,,,9.15,9.31
2652.68,2,HCAP,,,1.74,20.96
2652.68,2,LHC,,,3.37,14.4
2652.68,2,HCAP,,,20.3,3.74
2652.78,2,HCAP,,,13.31,10.92
2652.78,2,LHC,,,22.78,4.6
2652.78,2,LHC,,,2.98,15.12
2652.78,2,HCAP,,,9.31,9.45
2652.78,2,HCAP,,,20.32,4.32
2652.78,2,LHC,,,11.59,7.68
2652.78,2,HCAP,,,0.72,22.79
2652.88,2,HCAP,,,12.77,11.97
2652.88,2,LHC,,,22.93,4.96
2652.88,2,LHC,,,2.83,15.46
2652.88,2,HCAP,,,20.43,4.75
2652.88,2,HCAP,,,9.58,9.43
2652.88,2,HCAP,,,1.37,21.87
2652.98,2,HCAP,,,12.29,12.92
2652.98,2,HCAP,,,20.52,5.25
2652.98,2,LHC,,,2.23,16.33
2652.98,2,HCAP,,,11.54,6.93
2652.98,2,LHC,,,23.69,1.73
2652.98,2,HCAP,,,0.69,22.94
2653.08,2,HCAP,,,11.71,14.05
2653.08,2,LHC,,,1.85,17.05
2653.08,2,HCAP,,,9.58,10.27
2653.08,2,HCAP,,,20.77,5.79
2653.08,2,HCAP,,,-0.45,24.52
2653.18,2,HCAP,,,11.18,15.13
2653.18,2,LHC,,,1.37,17.9
2653.18,2,HCAP,,,9.62,10.6
2653.18,2,HCAP,,,21.14,6.05
2653.28,2,HCAP,,,21.6,6.64
2653.28,2,HCAP,,,10.5,16.75
2653.28,2,HCAP,,,9.69,10.94
2653.28,2,LHC,,,1.3,18.15
2653.38,2,LHC,,,22.34,6.47
2653.38,2,HCAP,,,25.32,1.17
2653.38,2,HCAP,,,9.57,11.04
2653.38,2,HCAP,,,9.53,18.41
2653.48,2,LHC,,,22.96,6.61
2653.48,2,HCAP,,,9.17,19.01
2653.48,2,HCAP,,,10.01,10.58
2653.48,2,HCAP,,,25.96,0.42
2653.58,2,HCAP,,,10.15,10.53
2653.58,2,HCAP,,,8.32,20.54
2653.68,2,LHC,21.0,Bottoli Saul,16.55,15.29
2653.68,2,HCAP,,,24.01,7.66
2653.68,2,HCAP,,,9.88,11.15
2653.68,2,HCAP,,,5.17,26.01
2653.68,2,HCAP,,,19.89,1.61
2653.78,2,LHC,21.0,Bottoli Saul,15.8,17.04
2653.78,2,HCAP,,,24.42,7.83
2653.78,2,HCAP,,,10.0,11.25
2653.78,2,HCAP,,,2.49,30.49
2653.78,2,HCAP,,,19.56,2.12
2653.78,2,HCAP,,,14.11,5.74
2653.88,2,LHC,21.0,Bottoli Saul,15.15,18.62
2653.88,2,HCAP,,,24.3,9.63
2653.88,2,HCAP,,,9.64,12.23
2653.88,2,HCAP,,,19.43,2.25
2653.88,2,HCAP,,,14.63,4.9
2653.98,2,LHC,21.0,Bottoli Saul,14.02,21.51
2653.98,2,HCAP,,,19.39,2.24
2653.98,2,HCAP,,,9.95,12.16
2653.98,2,HCAP,,,15.07,4.17
2654.08,2,LHC,21.0,Bottoli Saul,12.64,24.79
2654.08,2,HCAP,,,9.7,13.07
2654.08,2,HCAP,,,19.19,2.55
2654.18,2,LHC,21.0,Bottoli Saul,10.66,28.77
2654.18,2,HCAP,,,19.03,2.85
2654.18,2,HCAP,,,9.76,13.46
2654.28,2,LHC,21.0,Bottoli Saul,8.99,31.9
2654.28,2,HCAP,,,18.82,3.24
2654.28,2,HCAP,,,9.93,13.9
2654.38,2,HCAP,,,10.35,13.85
2654.38,2,HCAP,,,18.7,3.49
2654.48,2,HCAP,,,18.55,3.83
2654.48,2,HCAP,,,13.13,9.65
2654.58,2,HCAP,,,10.96,15.63
2654.58,2,HCAP,,,18.29,5.57
2654.58,2,LHC,21.0,Bottoli Saul,7.02,31.93
2654.58,2,HCAP,,,13.97,7.12
2654.68,2,HCAP,,,11.46,15.45
2654.68,2,HCAP,,,18.27,5.67
2654.68,2,LHC,,,9.54,24.66
2654.68,2,HCAP,,,13.9,7.27
2654.78,2,HCAP,,,11.61,15.97
2654.78,2,HCAP,,,18.11,6.04
2654.88,2,HCAP,,,11.96,16.02
2654.88,2,HCAP,,,18.0,6.23
2654.98,2,HCAP,,,12.32,16.11
2654.98,2,HCAP,,,17.77,6.59
2655.08,2,HCAP,,,12.51,16.59
2655.08,2,HCAP,,,17.3,7.5
2655.18,2,HCAP,,,12.53,17.53
2655.18,2,HCAP,,,18.49,4.74
2655.28,2,HCAP,,,12.44,17.3
2655.38,2,LHC,,,11.16,19.91
2655.48,2,LHC,,,10.39,21.06
2655.48,2,HCAP,,,14.78,9.49
2655.58,2,LHC,,,8.99,22.81
2655.68,2,LHC,,,2.02,25.34
2655.68,2,LHC,,,8.05,23.54
2655.78,2,HCAP,,,27.48,4.19
2655.78,2,LHC,,,6.19,25.8
2655.88,2,HCAP,,,27.0,4.67
2655.88,2,HCAP,,,11.42,11.37
2655.88,2,LHC,,,4.97,26.6
2655.98,2,LHC,,,10.5,11.98
2655.98,2,HCAP,,,26.48,4.99
2656.08,2,HCAP,,,25.84,5.54
2656.18,2,HCAP,,,25.23,5.9
2656.28,2,HCAP,,,24.5,6.34
2656.28,2,LHC,,,2.01,20.55
2656.38,2,HCAP,,,24.02,6.97
2656.38,2,LHC,,,3.29,18.49
2656.38,2,HCAP,,,11.83,26.96
2656.48,2,LHC,,,3.9,17.5
2656.48,2,HCAP,,,23.71,7.37
2656.58,2,HCAP,,,24.78,6.42
2656.58,2,LHC,,,2.14,20.12
2656.68,2,LHC,,,3.17,18.49
2656.68,2,HCAP,,,24.45,6.56
2656.78,2,LHC,,,1.65,20.49
2656.78,2,HCAP,,,24.12,6.83
2656.88,2,HCAP,,,23.75,7.11
2656.88,2,LHC,,,5.09,15.36
2656.98,2,HCAP,,,23.52,7.03
2656.98,2,LHC,,,6.42,13.98
2657.08,2,LHC,,,15.99,15.75
2657.08,2,HCAP,,,-1.37,30.09
2657.08,2,HCAP,,,23.65,7.41
2657.08,2,LHC,,,5.95,14.16
2657.18,2,LHC,,,16.47,14.72
2657.18,2,HCAP,,,0.33,31.29
2657.18,2,HCAP,,,1.02,27.01
2657.18,2,HCAP,,,23.83,7.38
2657.18,2,LHC,,,6.57,13.62
2657.28,2,LHC,,,2.34,25.62
2657.28,2,LHC,,,16.96,13.79
2657.28,2,LHC,,,6.91,13.41
2657.28,2,HCAP,,,24.13,7.07
2657.28,2,HCAP,,,3.59,26.28
2657.38,2,LHC,,,17.49,12.76
2657.38,2,HCAP,,,24.37,6.92
2657.38,2,LHC,,,4.59,22.74
2657.38,2,HCAP,,,-0.88,26.56
2657.38,2,LHC,,,8.03,12.09
2657.38,2,HCAP,,,7.49,20.02
2657.48,2,LHC,,,18.09,11.63
2657.48,2,LHC,,,5.67,21.67
2657.48,2,HCAP,,,24.65,6.77
2657.48,2,HCAP,,,5.64,23.77
2657.48,2,LHC,,,8.65,11.51
2657.48,2,HCAP,,,1.3,24.05
2657.58,2,LHC,,,18.35,11.23
2657.58,2,LHC,,,6.9,20.35
2657.58,2,LHC,,,9.06,11.17
2657.58,2,HCAP,,,6.38,23.11
2657.58,2,HCAP,,,8.63,31.08
2657.58,2,HCAP,,,24.98,6.6
2657.58,2,HCAP,,,2.57,22.83
2657.68,2,LHC,,,18.69,10.5
2657.68,2,HCAP,,,25.28,6.0
2657.68,2,LHC,,,7.78,19.44
2657.68,2,HCAP,,,7.65,21.39
2657.68,2,HCAP,,,9.4,29.31
2657.68,2,LHC,,,9.61,10.51
2657.68,2,HCAP,,,6.32,17.63
2657.78,2,LHC,,,18.71,9.7
2657.78,2,LHC,,,8.12,18.83
2657.78,2,HCAP,,,25.02,6.13
2657.78,2,HCAP,,,8.74,19.3
2657.78,2,HCAP,,,5.46,18.84
2657.78,2,LHC,,,9.74,10.23
2657.78,2,HCAP,,,9.95,27.14
2657.88,2,LHC,,,18.7,9.1
2657.88,2,HCAP,,,24.87,5.9
2657.88,2,LHC,,,8.75,17.7
2657.88,2,HCAP,,,11.46,15.18
2657.88,2,HCAP,,,11.1,15.07
2657.88,2,HCAP,,,6.53,17.12
2657.88,2,HCAP,,,9.58,26.78
2657.88,2,LHC,,,10.03,9.64
2657.98,2,LHC,,,18.72,8.48
2657.98,2,HCAP,,,24.84,5.24
2657.98,2,LHC,,,9.22,16.84
2657.98,2,HCAP,,,10.64,15.91
2657.98,2,HCAP,,,5.84,18.04
2657.98,2,HCAP,,,11.91,14.29
2657.98,2,HCAP,,,9.65,25.63
2658.08,2,HCAP,,,21.14,6.01
2658.08,2,LHC,,,7.87,13.86
2658.08,2,LHC,,,15.37,8.24
2658.08,2,HCAP,,,9.22,13.03
2658.08,2,HCAP,,,7.29,21.89
2658.08,2,HCAP,,,5.33,14.42
2658.18,2,LHC,,,15.49,7.62
2658.18,2,LHC,,,7.97,13.71
2658.18,2,HCAP,,,21.03,5.84
2658.18,2,HCAP,,,9.37,12.78
2658.18,2,HCAP,,,7.12,21.39
2658.18,2,HCAP,,,5.54,14.07
2658.28,2,HCAP,,,20.91,5.76
2658.28,2,LHC,,,15.42,7.39
2658.28,2,LHC,,,8.24,13.26
2658.28,2,HCAP,,,7.31,20.39
2658.28,2,HCAP,,,10.5,10.71
2658.28,2,HCAP,,,5.89,13.48
2658.38,2,LHC,,,15.44,6.99
2658.38,2,HCAP,,,20.86,5.47
2658.38,2,HCAP,,,10.31,10.87
2658.38,2,LHC,,,8.63,12.62
2658.38,2,HCAP,,,7.27,19.83
2658.38,2,HCAP,,,6.48,12.62
2658.38,2,HCAP,,,10.37,11.49
2658.38,2,HCAP,,,11.44,6.78
2658.48,2,LHC,,,15.66,6.29
2658.48,2,HCAP,,,10.71,10.08
2658.48,2,HCAP,,,20.84,5.16
2658.48,2,HCAP,,,10.7,11.07
2658.48,2,LHC,,,8.99,11.98
2658.48,2,HCAP,,,8.09,17.75
2658.48,2,HCAP,,,6.84,12.06
2658.48,2,HCAP,,,11.41,6.87
2658.58,2,HCAP,,,10.62,10.09
2658.58,2,LHC,,,15.72,5.93
2658.58,2,HCAP,,,20.84,4.77
2658.58,2,HCAP,,,10.92,10.9
2658.58,2,LHC,,,9.27,11.52
2658.58,2,HCAP,,,8.06,17.18
2658.58,2,HCAP,,,7.15,11.6
2658.58,2,HCAP,,,11.39,6.89
2658.68,2,HCAP,,,20.8,4.63
2658.68,2,HCAP,,,10.85,9.6
2658.68,2,LHC,,,15.79,5.6
2658.68,2,HCAP,,,8.0,16.91
2658.68,2,LHC,,,9.41,11.24
2658.68,2,HCAP,,,11.82,9.61
2658.68,2,HCAP,,,7.32,11.31
2658.68,2,HCAP,,,11.53,6.7
2658.78,2,LHC,,,15.96,5.11
2658.78,2,HCAP,,,20.71,4.6
2658.78,2,HCAP,,,10.95,9.37
2658.78,2,LHC,,,9.4,11.18
2658.78,2,HCAP,,,8.3,15.88
2658.78,2,HCAP,,,11.57,6.61
2658.78,2,HCAP,,,7.68,10.85
2658.88,2,LHC,,,15.96,4.97
2658.88,2,HCAP,,,11.25,8.82
2658.88,2,HCAP,,,20.65,4.47
2658.88,2,LHC,,,9.47,11.01
2658.88,2,HCAP,,,8.05,15.81
2658.88,2,HCAP,,,7.77,10.61
2658.88,2,HCAP,,,12.67,8.62
2658.98,2,LHC,,,16.16,4.48
2658.98,2,HCAP,,,11.54,8.26
2658.98,2,HCAP,,,12.86,8.5
2658.98,2,HCAP,,,8.32,14.92
2658.98,2,HCAP,,,20.66,4.19
2658.98,2,LHC,,,9.76,10.46
2658.98,2,HCAP,,,7.96,10.3
2659.08,2,LHC,,,16.19,4.37
2659.08,2,HCAP,,,11.88,7.69
2659.08,2,HCAP,,,8.55,14.12
2659.08,2,LHC,,,9.84,10.25
2659.08,2,HCAP,,,13.21,8.12
2659.08,2,HCAP,,,8.17,9.97
2659.08,2,HCAP,,,20.7,3.78
2659.08,2,HCAP,,,11.26,7.04
2659.18,2,LHC,,,16.35,4.03
2659.18,2,HCAP,,,12.08,7.37
2659.18,2,HCAP,,,13.55,7.8
2659.18,2,HCAP,,,20.62,3.87
2659.18,2,LHC,,,9.93,10.05
2659.18,2,HCAP,,,8.38,9.65
2659.18,2,HCAP,,,9.91,11.56
2659.28,2,LHC,,,16.52,3.68
2659.28,2,HCAP,,,12.16,7.23
2659.28,2,HCAP,,,8.54,9.39
2659.28,2,LHC,,,10.15,9.64
2659.28,2,HCAP,,,13.98,7.26
2659.28,2,HCAP,,,20.57,3.75
2659.28,2,HCAP,,,10.96,9.54
2659.28,2,HCAP,,,11.74,6.32
2659.38,2,LHC,,,16.57,3.6
2659.38,2,HCAP,,,8.73,9.13
2659.38,2,HCAP,,,14.3,6.95
2659.38,2,LHC,,,10.22,9.46
2659.38,2,HCAP,,,20.67,3.26
2659.38,2,HCAP,,,10.85,9.38
2659.38,2,HCAP,,,11.29,6.84
2659.38,2,HCAP,,,14.6,3.4
2659.48,2,HCAP,,,8.95,8.82
2659.48,2,HCAP,,,14.56,6.82
2659.48,2,LHC,,,16.84,3.2
2659.48,2,HCAP,,,20.61,3.23
2659.48,2,HCAP,,,10.04,10.34
2659.48,2,HCAP,,,13.71,4.72
2659.48,2,HCAP,,,11.25,6.96
2659.48,2,LHC,,,10.98,8.18
2659.58,2,HCAP,,,-0.04,27.39
2659.58,2,HCAP,,,12.67,6.5
2659.58,2,HCAP,,,20.61,3.07
2659.58,2,LHC,,,17.01,2.96
2659.58,2,HCAP,,,14.94,6.35
2659.58,2,HCAP,,,9.54,8.01
2659.58,2,HCAP,,,7.98,13.28
2659.68,2,HCAP,,,2.46,23.74
2659.68,2,HCAP,,,12.93,6.19
2659.68,2,HCAP,,,20.6,2.91
2659.68,2,LHC,,,17.19,2.81
2659.68,2,HCAP,,,15.22,6.08
2659.68,2,HCAP,,,9.85,7.58
2659.68,2,HCAP,,,7.74,13.3
2659.78,2,HCAP,,,4.08,21.33
2659.78,2,HCAP,,,13.12,5.82
2659.78,2,HCAP,,,20.57,2.88
2659.78,2,HCAP,,,9.96,7.48
2659.78,2,HCAP,,,7.72,13.08
2659.78,2,LHC,,,15.47,5.91
2659.88,2,HCAP,,,4.59,20.74
2659.88,2,HCAP,,,13.26,5.63
2659.88,2,HCAP,,,20.61,2.66
2659.88,2,HCAP,,,10.12,7.32
2659.88,2,LHC,,,15.93,5.39
2659.88,2,HCAP,,,7.7,12.9
2659.88,2,LHC,,,13.53,4.25
2659.98,2,HCAP,,,6.1,18.46
2659.98,2,HCAP,,,13.43,5.42
2659.98,2,HCAP,,,20.62,2.51
2659.98,2,LHC,,,16.1,5.44
2659.98,2,HCAP,,,10.46,6.92
2659.98,2,HCAP,,,7.72,12.62
2659.98,2,LHC,,,13.07,5.14
2660.08,2,HCAP,,,8.03,16.89
2660.08,2,HCAP,,,15.32,3.77
2660.08,2,HCAP,,,11.86,5.81
2660.08,2,LHC,,,18.35,3.59
2660.08,2,LHC,,,15.28,3.07
2660.08,2,HCAP,,,22.7,0.39
2660.08,2,HCAP,,,8.39,12.37
2660.08,2,HCAP,,,8.44,12.31
2660.18,2,HCAP,,,9.08,15.18
2660.18,2,HCAP,,,15.51,3.55
2660.18,2,HCAP,,,22.69,0.31
2660.18,2,HCAP,,,8.55,11.84
2660.18,2,HCAP,,,12.23,5.45
2660.18,2,LHC,,,15.4,3.04
2660.28,2,HCAP,,,9.84,13.87
2660.28,2,HCAP,,,15.86,3.1
2660.28,2,LHC,,,15.6,2.9
2660.28,2,HCAP,,,12.35,5.39
2660.28,2,HCAP,,,22.63,0.32
2660.38,2,HCAP,,,10.86,12.05
2660.38,2,HCAP,,,15.92,3.09
2660.38,2,LHC,,,15.67,2.89
2660.38,2,HCAP,,,22.56,0.07
2660.38,2,HCAP,,,8.82,10.96
2660.38,2,HCAP,,,14.23,2.82
2660.48,2,HCAP,,,8.52,11.29
2660.48,2,HCAP,,,15.62,3.64
2660.48,2,LHC,,,15.47,3.28
2660.48,2,HCAP,,,12.26,6.57
2660.48,2,HCAP,,,10.91,11.66
2660.58,2,HCAP,,,11.03,11.51
2660.58,2,HCAP,77.0,Davidsson Alexander,18.54,4.26
2660.58,2,HCAP,,,7.96,11.95
2660.58,2,LHC,,,15.04,4.08
2660.68,2,LHC,,,13.49,30.59
2660.68,2,HCAP,,,11.17,11.31
2660.68,2,HCAP,,,7.57,12.43
2660.68,2,HCAP,77.0,Davidsson Alexander,18.14,5.03
2660.68,2,LHC,,,14.75,4.66
2660.78,2,LHC,,,14.2,28.78
2660.78,2,HCAP,,,11.61,10.64
2660.78,2,HCAP,,,7.24,12.69
2660.78,2,HCAP,,,17.41,3.05
2660.78,2,HCAP,77.0,Davidsson Alexander,18.43,4.84
2660.88,2,LHC,,,14.91,27.03
2660.88,2,LHC,,,25.42,6.82
2660.88,2,HCAP,,,12.04,9.97
2660.88,2,HCAP,,,7.4,12.24
2660.88,2,HCAP,,,17.66,2.9
2660.88,2,HCAP,77.0,Davidsson Alexander,18.76,4.44
2660.88,2,LHC,,,20.73,1.96
2660.88,2,HCAP,,,11.42,7.94
2660.98,2,LHC,,,15.08,26.87
2660.98,2,HCAP,,,7.54,11.97
2660.98,2,LHC,,,25.47,6.76
2660.98,2,HCAP,,,12.42,9.38
2660.98,2,HCAP,,,17.88,2.81
2660.98,2,LHC,,,20.66,2.0
2660.98,2,HCAP,77.0,Davidsson Alexander,19.03,4.4
2661.08,2,LHC,,,15.86,24.77
2661.08,2,LHC,,,25.59,6.41
2661.08,2,HCAP,,,13.07,8.47
2661.08,2,HCAP,,,7.69,11.58
2661.08,2,LHC,,,20.79,1.56
2661.08,2,HCAP,77.0,Davidsson Alexander,19.38,3.94
2661.18,2,LHC,,,16.25,23.91
2661.18,2,LHC,,,25.7,6.14
2661.18,2,HCAP,,,13.47,7.87
2661.18,2,HCAP,,,8.2,10.74
2661.18,2,HCAP,,,11.43,7.96
2661.18,2,HCAP,77.0,Davidsson Alexander,19.44,4.45
2661.18,2,LHC,,,19.83,3.6
2661.28,2,LHC,,,16.69,22.98
2661.28,2,LHC,,,25.84,5.74
2661.28,2,HCAP,,,7.95,10.92
2661.28,2,HCAP,,,13.78,7.46
2661.28,2,HCAP,,,11.43,7.99
2661.28,2,LHC,,,20.68,1.57
2661.28,2,HCAP,77.0,Davidsson Alexander,19.58,4.52
2661.38,2,LHC,,,17.56,20.79
2661.38,2,LHC,,,25.98,5.2
2661.38,2,HCAP,,,8.08,10.65
2661.38,2,HCAP,,,14.17,6.98
2661.38,2,LHC,,,20.69,1.42
2661.38,2,HCAP,77.0,Davidsson Alexander,19.73,4.63
2661.48,2,LHC,,,17.92,20.35
2661.48,2,LHC,,,26.08,4.92
2661.48,2,LHC,,,20.66,1.39
2661.48,2,HCAP,,,14.62,6.41
2661.48,2,HCAP,77.0,Davidsson Alexander,20.0,4.45
2661.48,2,HCAP,,,8.32,10.25
2661.58,2,LHC,,,17.99,21.32
2661.58,2,HCAP,,,15.02,6.38
2661.58,2,LHC,,,27.59,4.83
2661.58,2,LHC,,,21.38,1.0
2661.58,2,HCAP,,,9.59,9.29
2661.58,2,HCAP,77.0,Davidsson Alexander,20.89,4.32
2661.58,2,HCAP,,,7.98,11.15
2661.68,2,LHC,,,18.61,20.03
2661.68,2,LHC,,,27.78,4.49
2661.68,2,HCAP,,,15.31,6.12
2661.68,2,LHC,,,19.98,1.87
2661.68,2,LHC,,,21.51,0.59
2661.68,2,HCAP,,,9.37,9.46
2661.68,2,HCAP,,,7.98,10.99
2661.68,2,HCAP,77.0,Davidsson Alexander,21.1,4.34
2661.78,2,LHC,,,18.87,19.8
2661.78,2,LHC,,,27.95,4.4
2661.78,2,HCAP,,,15.75,5.6
2661.78,2,HCAP,,,21.08,2.94
2661.78,2,LHC,,,21.35,0.8
2661.78,2,LHC,,,20.15,1.85
2661.78,2,HCAP,77.0,Davidsson Alexander,21.35,4.25
2661.78,2,HCAP,,,7.76,11.17
2661.78,2,HCAP,,,9.51,9.12
2661.78,2,HCAP,,,11.31,8.56
2661.88,2,LHC,,,19.06,19.89
2661.88,2,HCAP,,,21.21,2.41
2661.88,2,HCAP,,,16.05,5.33
2661.88,2,LHC,,,21.23,0.9
2661.88,2,LHC,,,28.1,4.18
2661.88,2,LHC,,,20.5,1.5
2661.88,2,HCAP,,,7.81,10.95
2661.88,2,HCAP,,,9.05,9.68
2661.88,2,HCAP,77.0,Davidsson Alexander,21.84,3.75
2661.98,2,LHC,,,19.39,19.51
2661.98,2,HCAP,,,21.15,2.43
2661.98,2,HCAP,,,16.37,5.06
2661.98,2,HCAP,,,8.61,10.14
2661.98,2,LHC,,,20.78,1.27
2661.98,2,HCAP,,,7.9,10.69
2661.98,2,LHC,,,21.27,0.67
2661.98,2,LHC,,,27.21,-0.32
2661.98,2,HCAP,,,11.21,8.7
2661.98,2,LHC,,,28.19,4.25
2661.98,2,HCAP,77.0,Davidsson Alexander,22.02,3.89
2662.08,2,LHC,,,19.78,19.02
2662.08,2,HCAP,,,20.94,2.84
2662.08,2,HCAP,,,16.64,4.82
2662.08,2,LHC,,,20.98,1.23
2662.08,2,LHC,,,27.22,-0.41
2662.08,2,HCAP,,,8.37,10.37
2662.08,2,HCAP,77.0,Davidsson Alexander,22.22,3.87
2662.08,2,HCAP,,,11.16,8.77
2662.08,2,HCAP,,,7.91,10.79
2662.18,2,LHC,,,19.95,19.22
2662.18,2,HCAP,,,7.87,10.74
2662.18,2,HCAP,,,21.13,2.39
2662.18,2,HCAP,,,16.96,4.51
2662.18,2,LHC,,,21.23,0.49
2662.18,2,HCAP,77.0,Davidsson Alexander,22.49,3.84
2662.18,2,HCAP,,,11.19,8.69
2662.18,2,LHC,,,27.06,0.13
2662.28,2,LHC,,,20.67,17.53
2662.28,2,HCAP,,,7.86,10.68
2662.28,2,HCAP,,,21.16,2.23
2662.28,2,HCAP,77.0,Davidsson Alexander,22.84,3.62
2662.28,2,LHC,,,21.19,0.41
2662.28,2,HCAP,,,11.18,8.65
2662.28,2,LHC,,,26.97,0.28
2662.28,2,HCAP,,,17.2,4.2
2662.38,2,LHC,,,21.11,16.83
2662.38,2,HCAP,,,7.63,10.94
2662.38,2,LHC,,,21.13,0.4
2662.38,2,HCAP,,,19.5,1.25
2662.38,2,LHC,,,26.86,0.39
2662.38,2,HCAP,,,21.39,1.81
2662.38,2,HCAP,,,11.18,8.65
2662.38,2,HCAP,,,17.51,4.19
2662.38,2,HCAP,77.0,Davidsson Alexander,23.18,3.46
2662.48,2,LHC,,,21.3,16.93
2662.48,2,LHC,,,21.08,0.37
2662.48,2,HCAP,,,15.76,4.63
2662.48,2,HCAP,,,21.45,1.75
2662.48,2,HCAP,77.0,Davidsson Alexander,23.46,3.29
2662.48,2,HCAP,,,19.71,1.09
2662.48,2,LHC,,,26.77,0.5
2662.48,2,HCAP,,,17.76,3.99
2662.48,2,HCAP,,,7.93,10.46
2662.48,2,HCAP,,,11.21,8.6
2662.58,2,LHC,,,22.02,15.34
2662.58,2,HCAP,,,21.7,1.41
2662.58,2,LHC,,,21.14,0.15
2662.58,2,HCAP,,,18.29,3.45
2662.58,2,LHC,,,26.72,0.55
2662.58,2,HCAP,,,16.19,4.27
2662.58,2,HCAP,,,11.48,8.25
2662.58,2,HCAP,,,7.81,10.61
2662.58,2,HCAP,77.0,Davidsson Alexander,23.73,3.28
2662.68,2,LHC,,,22.4,14.58
2662.68,2,LHC,,,21.08,0.14
2662.68,2,HCAP,,,7.19,11.39
2662.68,2,HCAP,,,16.18,4.5
2662.68,2,HCAP,,,21.71,1.43
2662.68,2,HCAP,,,11.42,8.34
2662.68,2,HCAP,,,18.49,3.38
2662.78,2,LHC,,,22.65,14.13
2662.78,2,HCAP,,,6.97,11.62
2662.78,2,HCAP,,,21.92,1.15
2662.78,2,HCAP,,,11.39,8.37
2662.78,2,HCAP,,,18.71,3.31
2662.78,2,LHC,,,21.05,0.04
2662.78,2,HCAP,,,16.65,3.89
2662.78,2,HCAP,77.0,Davidsson Alexander,24.4,3.1
2662.88,2,LHC,,,22.98,13.4
2662.88,2,HCAP,,,6.82,11.81
2662.88,2,HCAP,,,18.99,3.09
2662.88,2,HCAP,,,21.95,1.28
2662.88,2,HCAP,77.0,Davidsson Alexander,24.56,3.28
2662.88,2,HCAP,,,11.41,8.34
2662.88,2,HCAP,,,16.49,4.38
2662.98,2,LHC,,,23.24,13.11
2662.98,2,HCAP,,,16.64,4.4
2662.98,2,HCAP,,,6.79,11.8
2662.98,2,HCAP,77.0,Davidsson Alexander,24.94,3.12
2662.98,2,HCAP,,,19.21,3.04
2662.98,2,LHC,,,20.72,0.48
2662.98,2,HCAP,,,22.17,1.07
2662.98,2,HCAP,,,11.45,8.29
2663.08,2,LHC,,,23.75,11.99
2663.08,2,HCAP,,,16.83,4.31
2663.08,2,HCAP,,,6.78,11.79
2663.08,2,HCAP,,,11.47,8.27
2663.08,2,HCAP,,,19.45,2.84
2663.18,2,LHC,,,23.84,12.22
2663.18,2,HCAP,,,17.13,3.99
2663.18,2,HCAP,,,6.33,12.44
2663.18,2,HCAP,,,22.32,1.16
2663.18,2,HCAP,77.0,Davidsson Alexander,25.72,2.39
2663.18,2,HCAP,,,11.45,8.3
2663.18,2,LHC,,,20.81,-0.08
2663.18,2,HCAP,,,20.14,1.77
2663.28,2,LHC,,,24.33,11.1
2663.28,2,HCAP,,,22.35,1.22
2663.28,2,HCAP,,,19.66,3.04
2663.28,2,HCAP,,,18.86,3.34
2663.28,2,HCAP,,,6.24,12.6
2663.28,2,HCAP,,,17.34,3.85
2663.38,2,LHC,,,24.48,11.27
2663.38,2,HCAP,,,17.39,3.98
2663.38,2,HCAP,,,6.28,12.61
2663.38,2,HCAP,,,22.43,1.24
2663.38,2,HCAP,,,19.77,3.1
2663.38,2,HCAP,77.0,Davidsson Alexander,26.14,2.93
2663.38,2,HCAP,,,18.99,3.28
2663.48,2,LHC,,,24.7,11.03
2663.48,2,HCAP,,,19.87,3.09
2663.48,2,HCAP,,,19.09,3.39
2663.48,2,HCAP,,,17.8,3.47
2663.48,2,HCAP,,,6.19,12.82
2663.48,2,LHC,,,26.58,0.44
2663.48,2,HCAP,,,11.49,8.26
2663.48,2,HCAP,,,22.45,1.31
2663.58,2,LHC,,,24.93,10.57
2663.58,2,HCAP,,,5.9,13.09
2663.58,2,HCAP,,,19.88,3.1
2663.58,2,HCAP,,,17.6,3.96
2663.58,2,HCAP,,,19.3,3.13
2663.58,2,HCAP,,,22.5,1.3
2663.58,2,LHC,,,26.38,0.57
2663.58,2,LHC,,,20.19,0.31
2663.68,2,LHC,,,25.29,9.9
2663.68,2,HCAP,,,19.94,3.12
2663.68,2,HCAP,,,19.46,3.11
2663.68,2,LHC,,,20.12,0.3
2663.68,2,HCAP,,,22.51,1.36
2663.68,2,HCAP,,,6.2,12.85
2663.68,2,HCAP,,,17.93,3.6
2663.68,2,LHC,,,26.19,0.63
2663.78,2,LHC,,,25.39,10.1
2663.78,2,HCAP,,,6.09,13.07
2663.78,2,HCAP,,,19.56,3.15
2663.78,2,HCAP,,,19.82,3.43
2663.78,2,HCAP,,,17.63,4.42
2663.78,2,HCAP,,,22.54,1.47
2663.78,2,LHC,,,20.02,0.3
2663.88,2,LHC,,,25.58,10.03
2663.88,2,HCAP,,,6.4,12.79
2663.88,2,HCAP,,,22.56,1.68
2663.88,2,HCAP,,,19.62,3.33
2663.88,2,HCAP,,,19.83,3.51
2663.88,2,LHC,,,25.96,0.57
2663.98,2,LHC,,,25.92,9.07
2663.98,2,HCAP,,,6.39,13.03
2663.98,2,HCAP,,,19.68,3.73
2663.98,2,HCAP,,,22.58,1.77
2663.98,2,HCAP,77.0,Davidsson Alexander,27.78,3.24
2663.98,2,HCAP,,,18.11,4.1
2664.08,2,LHC,,,26.13,8.64
2664.08,2,HCAP,,,6.53,13.0
2664.08,2,HCAP,,,19.59,3.98
2664.08,2,HCAP,,,22.63,1.84
2664.08,2,LHC,,,19.71,0.44
2664.08,2,HCAP,77.0,Davidsson Alexander,28.14,3.14
2664.18,2,LHC,,,26.38,8.52
2664.18,2,HCAP,,,6.7,12.98
2664.18,2,HCAP,,,19.55,4.01
2664.18,2,HCAP,,,22.69,1.93
2664.18,2,HCAP,,,18.62,3.75
2664.18,2,HCAP,,,11.71,7.93
2664.18,2,HCAP,77.0,Davidsson Alexander,28.42,3.04
2664.18,2,LHC,,,19.39,0.94
2664.28,2,LHC,,,26.58,7.98
2664.28,2,LHC,,,24.23,2.48
2664.28,2,HCAP,,,19.43,4.15
2664.28,2,HCAP,,,22.8,1.92
2664.28,2,LHC,,,19.43,0.71
2664.28,2,HCAP,,,20.45,2.87
2664.28,2,HCAP,,,8.99,9.79
2664.28,2,HCAP,,,19.04,3.27
2664.38,2,LHC,,,26.74,7.58
2664.38,2,LHC,,,24.04,2.59
2664.38,2,HCAP,,,19.28,4.28
2664.38,2,HCAP,,,7.62,11.94
2664.38,2,HCAP,,,18.89,3.86
2664.38,2,LHC,,,23.05,-0.29
2664.38,2,HCAP,,,20.67,2.7
2664.38,2,HCAP,,,22.93,1.91
2664.38,2,LHC,,,19.38,0.71
2664.48,2,HCAP,,,7.41,12.38
2664.48,2,LHC,,,26.89,7.33
2664.48,2,LHC,,,23.84,2.68
2664.48,2,HCAP,,,19.03,4.54
2664.48,2,HCAP,,,22.99,2.06
2664.48,2,LHC,,,19.18,0.9
2664.48,2,HCAP,,,20.83,2.69
2664.48,2,LHC,,,23.13,-0.11
2664.48,2,HCAP,,,18.84,4.3
2664.58,2,HCAP,,,7.56,12.34
2664.58,2,LHC,,,23.68,2.73
2664.58,2,HCAP,,,18.75,4.73
2664.58,2,LHC,,,27.1,6.88
2664.58,2,HCAP,,,23.14,1.99
2664.58,2,LHC,,,19.11,0.88
2664.58,2,HCAP,,,11.68,7.91
2664.58,2,HCAP,,,21.07,2.65
2664.68,2,LHC,,,27.24,6.65
2664.68,2,HCAP,,,7.61,12.37
2664.68,2,LHC,,,23.57,2.69
2664.68,2,LHC,,,19.0,0.96
2664.68,2,HCAP,,,19.41,3.77
2664.68,2,HCAP,,,23.25,2.01
2664.68,2,HCAP,,,21.41,2.14
2664.68,2,LHC,,,26.18,-1.18
2664.78,2,LHC,,,24.28,2.01
2664.78,2,HCAP,,,8.03,11.94
2664.78,2,LHC,,,27.38,6.55
2664.78,2,HCAP,,,23.33,2.09
2664.78,2,LHC,,,18.82,1.13
2664.78,2,LHC,,,23.45,2.78
2664.78,2,LHC,,,26.21,-1.12
2664.78,2,HCAP,,,21.63,1.93
2664.78,2,HCAP,,,19.76,3.48
2664.78,2,HCAP,,,19.65,3.58
2664.88,2,HCAP,,,18.15,5.18
2664.88,2,LHC,,,27.59,5.96
2664.88,2,HCAP,,,8.07,12.04
2664.88,2,LHC,,,18.82,1.07
2664.88,2,LHC,,,23.17,3.08
2664.88,2,LHC,,,24.19,1.93
2664.88,2,HCAP,,,19.99,3.29
2664.88,2,LHC,,,26.27,-1.2
2664.88,2,HCAP,,,11.71,7.82
2664.98,2,HCAP,,,17.79,5.53
2664.98,2,LHC,,,23.11,3.15
2664.98,2,HCAP,,,8.13,12.13
2664.98,2,LHC,,,24.02,2.05
2664.98,2,LHC,,,27.65,6.42
2664.98,2,HCAP,,,20.24,3.05
2664.98,2,LHC,,,26.38,-1.41
2664.98,2,HCAP,,,11.6,7.97
2664.98,2,HCAP,,,13.32,6.46
2664.98,2,HCAP,,,21.94,1.99
2665.08,2,HCAP,,,17.54,5.67
2665.08,2,HCAP,,,7.82,12.81
2665.08,2,HCAP,,,22.16,1.91
2665.08,2,HCAP,,,13.26,6.67
2665.08,2,HCAP,,,11.58,8.01
2665.08,2,LHC,,,18.61,1.25
2665.08,2,LHC,,,23.84,2.2
2665.08,2,LHC,,,26.36,-1.28
2665.08,2,LHC,,,27.53,8.03
2665.08,2,LHC,,,27.38,8.15
2665.08,2,LHC,,,23.03,3.24
2665.08,2,HCAP,,,20.34,3.22
2665.18,2,HCAP,,,17.35,5.64
2665.18,2,HCAP,,,7.77,13.04
2665.18,2,LHC,,,27.27,8.59
2665.18,2,HCAP,,,13.35,6.6
2665.18,2,LHC,,,22.71,3.65
2665.18,2,LHC,,,18.52,1.32
2665.18,2,HCAP,,,11.66,7.87
2665.18,2,HCAP,,,22.26,1.95
2665.18,2,LHC,,,23.57,2.66
2665.18,2,HCAP,,,20.45,3.31
2665.18,2,LHC,,,26.46,-1.59
2665.28,2,LHC,,,27.05,9.11
2665.28,2,HCAP,,,17.14,5.71
2665.28,2,HCAP,,,7.86,13.05
2665.28,2,HCAP,,,13.35,6.71
2665.28,2,LHC,,,18.39,1.43
2665.28,2,HCAP,,,20.67,3.22
2665.28,2,HCAP,,,11.62,7.91
2665.28,2,HCAP,,,22.42,1.97
2665.28,2,HCAP,,,24.07,1.86
2665.28,2,LHC,,,26.51,-1.7
2665.28,2,LHC,,,22.56,3.78
2665.38,2,LHC,,,26.62,9.9
2665.38,2,HCAP,,,16.9,5.87
2665.38,2,HCAP,,,8.07,12.94
2665.38,2,HCAP,,,13.23,6.95
2665.38,2,HCAP,,,20.92,3.04
2665.38,2,LHC,,,18.26,1.57
2665.38,2,HCAP,,,24.34,1.63
2665.38,2,LHC,,,22.49,3.72
2665.38,2,HCAP,,,11.73,7.77
2665.38,2,LHC,,,23.19,2.89
2665.48,2,LHC,,,26.32,10.11
2665.48,2,HCAP,,,8.24,12.93
2665.48,2,HCAP,,,16.73,5.96
2665.48,2,HCAP,,,13.06,7.29
2665.48,2,HCAP,,,21.07,3.13
2665.48,2,HCAP,,,24.44,1.51
2665.48,2,LHC,,,18.13,1.73
2665.48,2,LHC,,,23.07,2.99
2665.48,2,LHC,,,22.12,4.28
2665.58,2,LHC,,,25.88,10.68
2665.58,2,HCAP,,,8.9,12.31
2665.58,2,HCAP,,,16.81,5.68
2665.58,2,LHC,,,18.16,1.7
2665.58,2,HCAP,,,13.1,7.48
2665.58,2,HCAP,,,24.6,1.49
2665.58,2,LHC,,,21.97,4.46
2665.58,2,HCAP,,,21.38,2.93
2665.58,2,LHC,,,22.8,3.47
2665.68,2,LHC,,,25.57,10.96
2665.68,2,HCAP,,,13.01,7.73
2665.68,2,LHC,,,18.03,1.86
2665.68,2,HCAP,,,16.68,5.63
2665.68,2,HCAP,,,24.74,1.46
2665.68,2,HCAP,,,9.13,12.14
2665.68,2,LHC,,,27.09,10.83
2665.68,2,HCAP,,,21.58,2.88
2665.68,2,LHC,,,21.78,4.76
2665.78,2,LHC,,,25.21,11.13
2665.78,2,LHC,,,17.85,2.11
2665.78,2,HCAP,,,12.9,8.03
2665.78,2,HCAP,,,9.48,11.94
2665.78,2,HCAP,,,16.61,5.49
2665.78,2,LHC,,,26.84,11.13
2665.78,2,LHC,,,21.52,5.07
2665.78,2,HCAP,,,24.86,1.36
2665.78,2,HCAP,,,11.67,7.95
2665.78,2,HCAP,,,21.72,2.92
2665.88,2,LHC,,,24.87,11.27
2665.88,2,HCAP,,,12.87,8.2
2665.88,2,HCAP,,,9.98,11.43
2665.88,2,LHC,,,26.56,11.26
2665.88,2,HCAP,,,11.62,8.02
2665.88,2,LHC,,,17.81,2.11
2665.88,2,LHC,,,21.52,4.85
2665.88,2,LHC,,,22.41,3.47
2665.88,2,HCAP,,,25.01,1.31
2665.88,2,HCAP,,,16.21,5.86
2665.88,2,HCAP,,,21.99,2.68
2665.98,2,LHC,,,24.77,10.51
2665.98,2,HCAP,,,12.93,8.32
2665.98,2,LHC,,,26.1,11.21
2665.98,2,HCAP,,,16.08,5.8
2665.98,2,HCAP,,,10.03,11.6
2665.98,2,LHC,,,17.65,2.32
2665.98,2,LHC,,,21.26,5.12
2665.98,2,HCAP,,,25.09,1.32
2665.98,2,LHC,,,22.08,3.98
2665.98,2,HCAP,,,11.79,7.79
2666.08,2,LHC,,,24.38,10.88
2666.08,2,HCAP,,,12.93,8.53
2666.08,2,HCAP,,,10.31,11.41
2666.08,2,LHC,,,25.79,10.78
2666.08,2,HCAP,,,15.9,5.81
2666.08,2,LHC,,,21.02,5.26
2666.08,2,HCAP,,,25.32,1.08
2666.08,2,LHC,,,22.08,3.64
2666.08,2,LHC,,,16.39,4.47
2666.18,2,HCAP,,,10.38,11.5
2666.18,2,LHC,,,23.97,11.14
2666.18,2,HCAP,,,13.23,8.29
2666.18,2,LHC,,,25.39,10.97
2666.18,2,LHC,,,20.7,5.66
2666.18,2,HCAP,,,25.4,1.14
2666.18,2,LHC,,,15.6,5.95
2666.18,2,HCAP,,,15.69,5.91
2666.28,2,LHC,,,23.41,12.04
2666.28,2,HCAP,,,10.58,11.34
2666.28,2,LHC,,,25.13,10.57
2666.28,2,LHC,,,15.47,6.0
2666.28,2,HCAP,,,13.29,8.44
2666.28,2,LHC,,,20.62,5.48
2666.28,2,LHC,,,21.71,3.98
2666.28,2,HCAP,,,22.8,2.51
2666.28,2,HCAP,,,28.78,1.17
2666.28,2,HCAP,,,25.44,1.25
2666.38,2,LHC,,,23.07,12.28
2666.38,2,HCAP,,,10.79,11.28
2666.38,2,LHC,,,20.31,5.93
2666.38,2,HCAP,,,13.44,8.42
2666.38,2,LHC,,,21.5,4.22
2666.38,2,LHC,,,24.8,10.3
2666.38,2,HCAP,,,25.28,2.4
2666.38,2,HCAP,,,23.16,2.26
2666.38,2,HCAP,,,28.73,1.24
2666.38,2,LHC,,,15.47,5.84
2666.48,2,LHC,,,22.74,12.41
2666.48,2,LHC,,,17.28,2.69
2666.48,2,HCAP,,,10.89,11.4
2666.48,2,LHC,,,21.36,4.27
2666.48,2,LHC,,,20.06,6.2
2666.48,2,LHC,,,24.45,10.09
2666.48,2,HCAP,,,25.15,2.34
2666.48,2,HCAP,,,28.65,1.32
2666.48,2,HCAP,,,23.32,2.14
2666.48,2,HCAP,,,14.89,6.45
2666.58,2,HCAP,,,10.47,11.82
2666.58,2,LHC,,,18.94,7.01
2666.58,2,LHC,,,21.93,12.96
2666.58,2,LHC,,,20.23,5.1
2666.58,2,LHC,,,24.13,3.48
2666.58,2,LHC,,,23.56,10.93
2666.58,2,HCAP,,,28.38,1.87
2666.58,2,LHC,,,15.9,4.14
2666.58,2,HCAP,,,12.94,8.86
2666.58,2,HCAP,,,22.74,2.54
2666.68,2,HCAP,,,10.71,11.67
2666.68,2,LHC,,,18.7,7.37
2666.68,2,HCAP,,,28.31,1.94
2666.68,2,HCAP,,,22.94,2.57
2666.68,2,LHC,,,20.11,5.05
2666.68,2,LHC,,,21.41,13.89
2666.68,2,LHC,,,23.97,3.25
2666.68,2,LHC,,,23.39,10.14
2666.68,2,HCAP,,,13.61,7.28
2666.68,2,LHC,,,15.72,4.48
2666.78,2,HCAP,,,10.75,11.82
2666.78,2,HCAP,,,23.15,2.53
2666.78,2,LHC,,,22.99,10.21
2666.78,2,HCAP,,,23.74,3.42
2666.78,2,LHC,,,20.65,15.11
2666.78,2,HCAP,,,28.29,1.87
2666.78,2,LHC,,,18.59,7.43
2666.78,2,LHC,,,19.99,5.14
2666.78,2,HCAP,,,13.04,9.24
2666.88,2,LHC,,,20.19,15.47
2666.88,2,HCAP,,,10.86,11.89
2666.88,2,HCAP,,,13.02,7.78
2666.88,2,HCAP,,,28.21,2.0
2666.88,2,LHC,,,15.9,4.01
2666.88,2,HCAP,,,23.48,3.66
2666.88,2,HCAP,,,23.29,2.72
2666.88,2,LHC,,,18.22,8.03
2666.88,2,LHC,,,19.64,5.71
2666.88,2,LHC,,,22.72,9.86
2666.98,2,LHC,,,19.65,16.29
2666.98,2,HCAP,,,11.19,11.61
2666.98,2,HCAP,,,28.13,2.02
2666.98,2,LHC,,,18.23,7.82
2666.98,2,HCAP,,,13.52,8.99
2666.98,2,HCAP,,,12.77,7.96
2666.98,2,LHC,,,15.76,4.21
2666.98,2,HCAP,,,23.31,3.58
2666.98,2,LHC,,,19.68,5.39
2666.98,2,HCAP,,,11.13,8.63
2666.98,2,HCAP,,,25.77,1.16
2667.08,2,LHC,,,19.15,16.84
2667.08,2,HCAP,,,28.01,2.31
2667.08,2,HCAP,,,12.68,7.89
2667.08,2,HCAP,,,22.99,4.02
2667.08,2,HCAP,,,11.54,11.35
2667.08,2,LHC,,,17.8,8.54
2667.08,2,LHC,,,21.95,10.21
2667.08,2,LHC,,,19.65,5.14
2667.08,2,HCAP,,,11.17,8.59
2667.08,2,HCAP,,,26.1,1.05
2667.18,2,LHC,,,18.65,17.15
2667.18,2,HCAP,,,13.36,9.78
2667.18,2,HCAP,,,12.38,8.13
2667.18,2,LHC,,,21.53,10.26
2667.18,2,HCAP,,,27.94,2.44
2667.18,2,LHC,,,17.63,8.73
2667.18,2,LHC,,,19.49,5.33
2667.18,2,HCAP,,,26.1,1.3
2667.18,2,HCAP,,,11.17,8.59
2667.18,2,HCAP,,,11.88,11.03
2667.18,2,LHC,,,15.78,4.15
2667.28,2,HCAP,,,12.02,8.48
2667.28,2,LHC,,,18.14,17.4
2667.28,2,HCAP,,,13.34,10.06
2667.28,2,LHC,,,15.49,4.6
2667.28,2,HCAP,,,12.0,11.25
2667.28,2,LHC,,,17.38,9.15
2667.28,2,LHC,,,19.36,5.42
2667.28,2,HCAP,,,27.94,2.15
2667.28,2,HCAP,,,26.27,1.53
2667.28,2,LHC,,,24.33,2.09
2667.38,2,HCAP,,,13.55,9.99
2667.38,2,HCAP,,,12.24,11.13
2667.38,2,LHC,,,17.09,9.5
2667.38,2,HCAP,,,11.79,8.65
2667.38,2,LHC,,,17.72,17.33
2667.38,2,LHC,,,20.86,10.23
2667.38,2,HCAP,,,24.51,2.39
2667.38,2,HCAP,,,26.46,1.52
2667.38,2,LHC,,,19.14,5.61
2667.38,2,LHC,,,15.08,5.25
2667.38,2,HCAP,,,27.74,2.3
2667.38,2,HCAP,,,11.21,8.57
2667.48,2,HCAP,,,11.6,8.74
2667.48,2,LHC,,,16.81,9.86
2667.48,2,LHC,,,17.24,17.67
2667.48,2,HCAP,,,13.76,9.99
2667.48,2,HCAP,,,12.54,10.85
2667.48,2,LHC,,,15.29,4.85
2667.48,2,HCAP,,,27.63,3.47
2667.48,2,HCAP,,,26.72,1.42
2667.48,2,LHC,,,20.4,10.58
2667.48,2,LHC,,,18.96,5.82
2667.48,2,HCAP,,,24.77,2.15
2667.48,2,HCAP,,,11.19,8.6
2667.58,2,HCAP,,,13.35,10.99
2667.58,2,LHC,,,17.56,9.75
2667.58,2,HCAP,,,14.83,9.81
2667.58,2,HCAP,,,12.19,8.48
2667.58,2,LHC,,,17.27,18.66
2667.58,2,LHC,,,16.05,4.7
2667.58,2,LHC,,,19.75,5.58
2667.58,2,HCAP,,,27.35,4.15
2667.58,2,HCAP,,,25.54,2.04
2667.58,2,LHC,,,20.93,10.36
2667.58,2,HCAP,,,11.78,8.47
2667.68,2,HCAP,,,13.69,10.73
2667.68,2,HCAP,,,12.15,8.4
2667.68,2,LHC,,,17.14,10.33
2667.68,2,LHC,,,15.71,5.28
2667.68,2,LHC,,,19.33,6.26
2667.68,2,HCAP,,,15.22,9.5
2667.68,2,LHC,,,16.7,19.32
2667.68,2,HCAP,,,25.85,1.75
2667.68,2,HCAP,,,27.32,1.3
2667.68,2,HCAP,,,27.3,3.23
2667.78,2,HCAP,,,13.82,10.86
2667.78,2,LHC,,,16.86,10.62
2667.78,2,HCAP,,,15.26,9.93
2667.78,2,HCAP,,,12.15,8.29
2667.78,2,LHC,,,16.46,19.1
2667.78,2,LHC,,,15.78,5.09
2667.78,2,LHC,,,19.24,6.3
2667.78,2,HCAP,7.0,Andreazzi Tewodros,27.93,3.54
2667.78,2,HCAP,,,25.94,1.96
2667.78,2,LHC,,,20.56,9.95
2667.78,2,HCAP,,,26.91,4.39
2667.88,2,LHC,,,16.18,19.08
2667.88,2,LHC,,,16.61,10.87
2667.88,2,HCAP,7.0,Andreazzi Tewodros,27.72,3.72
2667.88,2,HCAP,,,26.59,4.63
2667.88,2,HCAP,,,14.26,10.51
2667.88,2,LHC,,,15.9,4.9
2667.88,2,HCAP,,,15.71,9.5
2667.88,2,LHC,,,19.2,6.13
2667.88,2,HCAP,,,11.98,8.39
2667.88,2,HCAP,,,26.31,1.79
2667.88,2,LHC,,,20.02,10.66
2667.98,2,HCAP,7.0,Andreazzi Tewodros,27.71,3.51
2667.98,2,LHC,,,15.21,20.68
2667.98,2,HCAP,,,16.0,9.34
2667.98,2,LHC,,,16.18,11.51
2667.98,2,HCAP,,,14.27,10.94
2667.98,2,LHC,,,15.96,4.78
2667.98,2,HCAP,,,26.19,5.13
2667.98,2,LHC,,,19.74,10.65
2667.98,2,HCAP,,,27.95,0.51
2667.98,2,HCAP,,,26.5,1.76
2667.98,2,HCAP,,,11.95,8.43
2667.98,2,LHC,,,18.96,6.44
2667.98,2,HCAP,,,11.66,8.77
2668.08,2,LHC,,,14.78,20.9
2668.08,2,LHC,,,15.79,12.15
2668.08,2,HCAP,,,11.9,8.43
2668.08,2,LHC,,,15.75,5.12
2668.08,2,HCAP,,,14.61,10.7
2668.08,2,LHC,,,19.49,10.78
2668.08,2,HCAP,,,16.15,9.53
2668.08,2,HCAP,7.0,Andreazzi Tewodros,27.5,3.86
2668.08,2,LHC,,,18.78,6.57
2668.08,2,HCAP,,,25.93,5.24
2668.08,2,HCAP,,,27.78,1.58
2668.18,2,LHC,,,13.88,22.41
2668.18,2,HCAP,,,11.89,8.42
2668.18,2,HCAP,,,25.63,5.34
2668.18,2,LHC,,,15.8,5.04
2668.18,2,HCAP,7.0,Andreazzi Tewodros,27.49,3.38
2668.18,2,LHC,,,15.62,12.29
2668.18,2,HCAP,,,14.79,10.71
2668.18,2,HCAP,,,16.39,9.47
2668.18,2,LHC,,,18.64,6.71
2668.18,2,LHC,,,19.35,10.62
2668.28,2,LHC,,,13.24,23.18
2668.28,2,HCAP,,,11.82,8.52
2668.28,2,HCAP,,,26.57,9.26
2668.28,2,LHC,,,15.77,5.08
2668.28,2,HCAP,,,25.32,5.62
2668.28,2,HCAP,,,14.99,10.71
2668.28,2,HCAP,7.0,Andreazzi Tewodros,27.39,3.48
2668.28,2,LHC,,,15.19,13.04
2668.28,2,LHC,,,20.56,7.38
2668.28,2,HCAP,,,27.21,1.51
2668.38,2,HCAP,,,25.0,5.92
2668.38,2,HCAP,,,11.93,8.34
2668.38,2,HCAP,,,15.27,10.63
2668.38,2,LHC,,,12.14,25.1
2668.38,2,LHC,,,15.13,13.0
2668.38,2,LHC,,,15.71,5.3
2668.38,2,HCAP,7.0,Andreazzi Tewodros,26.23,9.21
2668.38,2,LHC,,,20.69,6.84
2668.38,2,LHC,,,18.3,7.01
2668.48,2,HCAP,,,24.86,5.75
2668.48,2,LHC,,,11.7,25.4
2668.48,2,LHC,,,14.89,13.45
2668.48,2,HCAP,,,11.92,8.37
2668.48,2,LHC,,,15.65,5.36
2668.48,2,HCAP,7.0,Andreazzi Tewodros,25.83,9.15
2668.48,2,HCAP,,,15.4,10.75
2668.48,2,LHC,,,20.2,7.65
2668.58,2,LHC,,,10.32,27.31
2668.58,2,HCAP,,,24.6,5.37
2668.58,2,LHC,,,19.9,7.62
2668.58,2,LHC,,,15.48,5.27
2668.58,2,LHC,,,14.19,14.33
2668.58,2,HCAP,7.0,Andreazzi Tewodros,25.7,8.27
2668.58,2,HCAP,,,15.86,9.95
2668.58,2,LHC,,,18.61,5.59
2668.68,2,HCAP,,,24.25,5.58
2668.68,2,LHC,,,9.48,28.55
2668.68,2,LHC,,,19.6,8.02
2668.68,2,LHC,,,15.45,5.38
2668.68,2,HCAP,,,26.9,4.17
2668.68,2,HCAP,,,11.76,8.27
2668.68,2,LHC,,,14.14,14.23
2668.68,2,HCAP,7.0,Andreazzi Tewodros,25.31,8.6
2668.68,2,HCAP,,,17.64,8.75
2668.68,2,LHC,,,19.56,3.42
2668.78,2,LHC,,,19.32,8.31
2668.78,2,LHC,,,8.77,29.39
2668.78,2,LHC,,,15.44,5.49
2668.78,2,HCAP,,,23.88,5.75
2668.78,2,LHC,,,13.8,14.85
2668.78,2,HCAP,,,26.67,4.23
2668.78,2,HCAP,,,18.23,7.95
2668.78,2,HCAP,,,11.77,8.26
2668.78,2,HCAP,7.0,Andreazzi Tewodros,25.15,8.03
2668.88,2,HCAP,,,26.53,4.22
2668.88,2,LHC,,,18.97,8.8
2668.88,2,HCAP,,,23.53,5.89
2668.88,2,LHC,,,15.49,5.44
2668.88,2,LHC,,,7.39,31.64
2668.88,2,HCAP,7.0,Andreazzi Tewodros,24.72,8.42
2668.88,2,HCAP,,,11.52,8.64
2668.88,2,LHC,,,13.42,15.58
2668.88,2,HCAP,,,16.69,12.05
2668.88,2,HCAP,,,28.83,1.09
2668.98,2,LHC,,,7.24,31.36
2668.98,2,LHC,,,18.73,9.13
2668.98,2,HCAP,,,26.49,4.1
2668.98,2,LHC,,,15.43,5.64
2668.98,2,HCAP,7.0,Andreazzi Tewodros,24.65,7.46
2668.98,2,HCAP,,,23.29,5.93
2668.98,2,HCAP,,,11.51,8.65
2668.98,2,LHC,,,13.39,15.51
2668.98,2,LHC,,,13.49,15.33
2668.98,2,HCAP,,,17.31,8.8
2669.08,2,HCAP,,,22.99,6.06
2669.08,2,HCAP,,,26.35,4.27
2669.08,2,LHC,,,18.4,9.48
2669.08,2,HCAP,,,11.44,8.71
2669.08,2,HCAP,7.0,Andreazzi Tewodros,24.2,8.02
2669.08,2,LHC,,,15.59,5.48
2669.08,2,LHC,,,13.11,16.07
2669.08,2,HCAP,,,16.48,11.49
2669.08,2,LHC,,,13.08,16.03
2669.18,2,HCAP,7.0,Andreazzi Tewodros,23.86,8.09
2669.18,2,LHC,,,18.22,9.64
2669.18,2,HCAP,,,26.27,4.11
2669.18,2,HCAP,,,11.27,8.99
2669.18,2,HCAP,,,22.71,6.23
2669.18,2,LHC,,,15.73,5.27
2669.18,2,LHC,,,12.46,17.18
2669.28,2,HCAP,7.0,Andreazzi Tewodros,23.55,8.13
2669.28,2,HCAP,,,26.12,4.39
2669.28,2,LHC,,,17.97,9.78
2669.28,2,HCAP,,,27.12,8.63
2669.28,2,LHC,,,15.76,5.29
2669.28,2,HCAP,,,22.41,6.37
2669.28,2,HCAP,,,11.19,9.12
2669.38,2,LHC,,,17.48,10.51
2669.38,2,HCAP,,,22.12,6.46
2669.38,2,HCAP,7.0,Andreazzi Tewodros,23.35,7.9
2669.38,2,HCAP,,,26.75,8.78
2669.38,2,HCAP,,,26.03,4.41
2669.38,2,HCAP,,,10.92,9.54
2669.38,2,HCAP,,,20.09,6.13
2669.38,2,LHC,,,15.75,5.38
2669.48,2,LHC,,,17.13,10.91
2669.48,2,HCAP,,,26.42,8.8
2669.48,2,HCAP,,,25.9,4.51
2669.48,2,HCAP,7.0,Andreazzi Tewodros,23.08,7.87
2669.48,2,HCAP,,,21.86,6.6
2669.48,2,HCAP,,,10.56,10.07
2669.48,2,LHC,,,15.86,5.2
2669.48,2,LHC,,,16.92,7.46
2669.48,2,LHC,,,12.47,17.6
2669.48,2,HCAP,,,20.5,5.82
2669.48,2,HCAP,,,18.89,7.9
2669.58,2,LHC,,,16.88,11.58
2669.58,2,HCAP,,,26.02,8.96
2669.58,2,HCAP,7.0,Andreazzi Tewodros,22.76,8.29
2669.58,2,HCAP,,,11.01,9.99
2669.58,2,HCAP,,,19.24,8.07
2669.58,2,HCAP,,,25.81,4.85
2669.58,2,LHC,,,11.98,19.41
2669.58,2,HCAP,,,21.6,7.04
2669.58,2,LHC,,,15.99,5.49
2669.58,2,LHC,,,17.15,7.35
2669.68,2,LHC,,,11.9,19.69
2669.68,2,HCAP,,,25.78,8.91
2669.68,2,HCAP,,,10.73,10.4
2669.68,2,LHC,,,16.76,11.49
2669.68,2,HCAP,,,19.55,7.86
2669.68,2,HCAP,,,25.74,4.77
2669.68,2,HCAP,,,21.35,7.08
2669.68,2,HCAP,7.0,Andreazzi Tewodros,22.7,7.77
2669.68,2,LHC,,,17.25,7.0
2669.68,2,LHC,,,16.03,5.43
2669.68,2,HCAP,,,21.31,5.17
2669.78,2,LHC,,,11.5,20.65
2669.78,2,HCAP,,,10.66,10.47
2669.78,2,LHC,,,16.37,12.01
2669.78,2,HCAP,7.0,Andreazzi Tewodros,22.27,8.35
2669.78,2,HCAP,,,19.9,7.44
2669.78,2,HCAP,,,25.39,9.18
2669.78,2,HCAP,,,25.65,4.91
2669.78,2,LHC,,,16.04,5.4
2669.78,2,LHC,,,16.58,8.27
2669.78,2,HCAP,,,21.02,7.32
2669.88,2,HCAP,,,10.29,10.98
2669.88,2,LHC,,,11.11,21.71
2669.88,2,HCAP,,,24.95,9.49
2669.88,2,HCAP,7.0,Andreazzi Tewodros,22.02,8.35
2669.88,2,HCAP,,,25.45,5.07
2669.88,2,LHC,,,15.96,12.57
2669.88,2,HCAP,,,20.34,6.86
2669.88,2,LHC,,,15.74,9.98
2669.88,2,LHC,,,16.13,5.31
2669.98,2,HCAP,,,24.62,9.55
2669.98,2,HCAP,,,10.01,11.24
2669.98,2,HCAP,,,25.37,4.92
2669.98,2,HCAP,7.0,Andreazzi Tewodros,21.74,8.52
2669.98,2,HCAP,,,22.18,4.89
2669.98,2,LHC,,,10.87,22.24
2669.98,2,HCAP,,,20.48,6.9
2669.98,2,LHC,,,14.43,12.51
2669.98,2,LHC,,,16.07,5.42
2669.98,2,HCAP,,,20.52,7.48
2669.98,2,LHC,,,16.26,11.68
2670.08,2,HCAP,,,9.77,11.52
2670.08,2,LHC,,,10.49,23.22
2670.08,2,HCAP,,,24.39,9.49
2670.08,2,HCAP,,,20.37,7.63
2670.08,2,HCAP,,,22.56,4.56
2670.08,2,HCAP,,,25.26,5.0
2670.08,2,HCAP,7.0,Andreazzi Tewodros,21.51,8.39
2670.08,2,LHC,,,14.26,12.54
2670.08,2,LHC,,,19.25,4.85
2670.08,2,LHC,,,16.11,5.39
2670.18,2,HCAP,,,9.39,12.01
2670.18,2,LHC,,,10.2,23.85
2670.18,2,HCAP,7.0,Andreazzi Tewodros,21.39,8.31
2670.18,2,HCAP,,,20.08,7.65
2670.18,2,HCAP,,,21.15,6.03
2670.18,2,HCAP,,,25.18,4.9
2670.18,2,HCAP,,,24.19,9.3
2670.18,2,LHC,,,16.13,5.41
2670.18,2,LHC,,,17.46,6.04
2670.28,2,HCAP,,,9.13,12.34
2670.28,2,LHC,,,9.43,25.4
2670.28,2,HCAP,7.0,Andreazzi Tewodros,21.03,8.46
2670.28,2,HCAP,,,19.64,8.15
2670.28,2,HCAP,,,23.1,4.59
2670.28,2,LHC,,,15.8,9.33
2670.28,2,HCAP,,,21.49,5.69
2670.28,2,HCAP,,,23.78,9.46
2670.28,2,LHC,,,16.26,5.28
2670.38,2,HCAP,,,8.84,12.72
2670.38,2,LHC,,,15.77,9.19
2670.38,2,LHC,,,9.45,25.29
2670.38,2,HCAP,,,23.5,4.3
2670.38,2,HCAP,,,23.42,9.52
2670.38,2,LHC,,,16.33,5.13
2670.38,2,HCAP,,,19.34,8.39
2670.38,2,LHC,,,14.74,13.54
2670.38,2,HCAP,7.0,Andreazzi Tewodros,20.7,8.75
2670.38,2,HCAP,,,21.64,5.55
2670.48,2,HCAP,,,8.34,13.47
2670.48,2,LHC,,,8.47,27.16
2670.48,2,HCAP,,,19.0,8.72
2670.48,2,HCAP,,,23.25,9.09
2670.48,2,LHC,,,15.69,9.18
2670.48,2,LHC,,,13.78,15.09
2670.48,2,HCAP,,,23.67,4.36
2670.48,2,HCAP,,,24.8,5.62
2670.48,2,LHC,,,16.31,5.2
2670.58,2,HCAP,,,7.84,13.75
2670.58,2,LHC,,,7.19,29.15
2670.58,2,LHC,,,15.43,9.3
2670.58,2,HCAP,,,24.59,5.76
2670.58,2,HCAP,,,18.66,8.88
2670.58,2,HCAP,,,22.76,9.71
2670.58,2,LHC,,,13.28,15.37
2670.58,2,HCAP,7.0,Andreazzi Tewodros,19.98,9.15
2670.58,2,HCAP,,,22.23,5.17
2670.58,2,HCAP,,,23.84,4.38
2670.68,2,HCAP,,,7.58,14.14
2670.68,2,LHC,,,6.81,29.78
2670.68,2,HCAP,,,18.32,9.22
2670.68,2,LHC,,,13.04,15.49
2670.68,2,HCAP,,,24.4,5.92
2670.68,2,LHC,,,15.12,9.75
2670.68,2,HCAP,7.0,Andreazzi Tewodros,19.81,9.06
2670.68,2,HCAP,,,22.51,5.0
2670.68,2,HCAP,,,22.5,9.65
2670.78,2,HCAP,,,7.53,14.18
2670.78,2,LHC,,,15.08,9.71
2670.78,2,HCAP,,,24.29,6.0
2670.78,2,HCAP,,,18.0,9.51
2670.78,2,LHC,,,12.54,16.12
2670.78,2,HCAP,,,22.98,4.42
2670.78,2,HCAP,,,22.33,9.26
2670.78,2,LHC,,,16.23,5.23
2670.78,2,HCAP,7.0,Andreazzi Tewodros,19.52,9.34
2670.88,2,LHC,,,5.61,31.48
2670.88,2,HCAP,,,6.97,14.97
2670.88,2,HCAP,7.0,Andreazzi Tewodros,19.27,9.44
2670.88,2,LHC,,,15.05,9.61
2670.88,2,HCAP,,,22.03,9.41
2670.88,2,HCAP,,,24.24,5.92
2670.88,2,LHC,,,12.21,16.45
2670.88,2,HCAP,,,17.7,9.83
2670.88,2,HCAP,,,23.12,4.53
2670.88,2,LHC,,,16.23,5.23
2670.98,2,HCAP,,,6.72,15.3
2670.98,2,HCAP,,,24.07,6.04
2670.98,2,LHC,,,11.88,16.7
2670.98,2,HCAP,7.0,Andreazzi Tewodros,19.05,9.47
2670.98,2,HCAP,,,21.63,9.83
2670.98,2,HCAP,,,17.46,9.93
2670.98,2,LHC,,,14.87,9.84
2670.98,2,LHC,,,16.24,5.24
2671.08,2,HCAP,,,6.46,15.63
2671.08,2,HCAP,,,23.82,6.58
2671.08,2,LHC,,,11.36,17.39
2671.08,2,LHC,,,14.67,10.11
2671.08,2,HCAP,,,25.36,4.13
2671.08,2,HCAP,,,21.58,9.07
2671.08,2,HCAP,7.0,Andreazzi Tewodros,18.9,9.31
2671.08,2,HCAP,,,17.02,10.45
2671.08,2,HCAP,,,23.84,4.22
2671.18,2,HCAP,,,5.95,16.33
2671.18,2,HCAP,,,23.63,6.82
2671.18,2,HCAP,7.0,Andreazzi Tewodros,18.7,9.32
2671.18,2,HCAP,,,21.32,9.21
2671.18,2,LHC,,,11.31,17.07
2671.18,2,HCAP,,,24.16,8.87
2671.18,2,LHC,,,14.7,9.89
2671.18,2,HCAP,,,16.63,10.93
2671.18,2,HCAP,,,24.02,4.28
2671.28,2,HCAP,,,5.56,16.79
2671.28,2,HCAP,,,23.52,6.77
2671.28,2,HCAP,,,16.28,11.3
2671.28,2,HCAP,,,20.88,9.66
2671.28,2,HCAP,7.0,Andreazzi Tewodros,18.45,9.41
2671.28,2,LHC,,,10.5,18.24
2671.28,2,LHC,,,12.26,12.31
2671.28,2,LHC,,,14.51,10.07
2671.28,2,HCAP,,,25.72,4.41
2671.38,2,HCAP,,,5.23,17.19
2671.38,2,HCAP,7.0,Andreazzi Tewodros,18.19,9.55
2671.38,2,HCAP,,,23.55,6.37
2671.38,2,HCAP,,,26.12,3.97
2671.38,2,LHC,,,10.3,18.23
2671.38,2,HCAP,,,20.9,9.05
2671.38,2,HCAP,,,16.03,11.39
2671.38,2,LHC,,,12.2,12.09
2671.48,2,HCAP,,,4.79,17.69
2671.48,2,LHC,,,10.02,18.45
2671.48,2,HCAP,,,23.39,6.54
2671.48,2,HCAP,,,20.65,9.09
2671.48,2,HCAP,,,15.87,11.34
2671.48,2,HCAP,,,26.38,4.13
2671.48,2,HCAP,7.0,Andreazzi Tewodros,17.91,9.75
2671.48,2,HCAP,,,23.19,9.18
2671.58,2,HCAP,,,4.6,18.45
2671.58,2,HCAP,,,15.65,11.82
2671.58,2,LHC,,,9.41,19.9
2671.58,2,HCAP,,,23.3,6.85
2671.58,2,HCAP,,,20.35,9.66
2671.58,2,HCAP,,,26.61,4.44
2671.58,2,HCAP,,,25.12,4.36
2671.58,2,HCAP,7.0,Andreazzi Tewodros,17.82,10.05
2671.68,2,HCAP,,,4.06,19.14
2671.68,2,LHC,,,9.21,19.98
2671.68,2,HCAP,,,26.83,4.55
2671.68,2,HCAP,,,15.33,12.05
2671.68,2,HCAP,,,20.23,9.46
2671.68,2,HCAP,,,23.04,7.11
2671.68,2,HCAP,,,25.51,3.97
2671.68,2,HCAP,7.0,Andreazzi Tewodros,17.73,9.78
2671.78,2,HCAP,,,3.9,19.32
2671.78,2,HCAP,,,20.1,9.26
2671.78,2,LHC,,,8.47,21.03
2671.78,2,HCAP,,,14.93,12.34
2671.78,2,HCAP,7.0,Andreazzi Tewodros,17.43,10.03
2671.78,2,HCAP,,,23.17,7.04
2671.78,2,HCAP,,,25.88,3.83
2671.78,2,HCAP,,,27.15,4.29
2671.88,2,HCAP,,,3.08,20.58
2671.88,2,LHC,,,7.91,21.76
2671.88,2,HCAP,,,19.83,9.46
2671.88,2,HCAP,7.0,Andreazzi Tewodros,17.33,9.84
2671.88,2,HCAP,,,14.62,12.56
2671.88,2,HCAP,,,26.2,3.56
2671.88,2,HCAP,,,27.44,4.13
2671.88,2,LHC,,,15.94,7.19
2671.88,2,HCAP,,,23.05,7.34
2671.98,2,HCAP,,,2.76,21.01
2671.98,2,HCAP,,,19.59,9.46
2671.98,2,HCAP,7.0,Andreazzi Tewodros,17.08,10.06
2671.98,2,HCAP,,,26.44,3.41
2671.98,2,LHC,,,7.78,21.55
2671.98,2,HCAP,,,22.9,7.35
2671.98,2,HCAP,,,27.74,4.09
2671.98,2,LHC,,,14.68,9.5
2671.98,2,HCAP,,,14.39,12.76
2672.08,2,HCAP,,,2.16,21.85
2672.08,2,HCAP,,,22.6,7.95
2672.08,2,HCAP,,,14.16,12.63
2672.08,2,LHC,,,7.07,22.5
2672.08,2,HCAP,,,19.52,9.19
2672.08,2,HCAP,,,26.79,3.01
2672.08,2,HCAP,,,27.89,4.25
2672.08,2,HCAP,7.0,Andreazzi Tewodros,16.92,10.04
2672.18,2,HCAP,,,1.95,22.14
2672.18,2,HCAP,,,22.4,8.25
2672.18,2,HCAP,,,19.33,9.3
2672.18,2,HCAP,,,27.03,3.08
2672.18,2,HCAP,,,28.12,4.12
2672.18,2,LHC,,,6.18,23.72
2672.28,2,HCAP,,,1.9,22.14
2672.28,2,HCAP,,,22.75,8.16
2672.28,2,HCAP,,,19.5,8.92
2672.28,2,LHC,,,6.21,23.54
2672.28,2,HCAP,,,13.49,13.55
2672.38,2,HCAP,,,1.47,22.57
2672.38,2,LHC,,,6.12,23.56
2672.38,2,HCAP,,,22.08,8.41
2672.38,2,HCAP,,,19.97,8.2
2672.38,2,HCAP,,,12.47,10.33
2672.38,2,HCAP,,,13.57,13.48
2672.48,2,HCAP,,,1.87,21.79
2672.48,2,LHC,,,6.16,23.39
2672.48,2,HCAP,,,22.67,7.51
2672.48,2,HCAP,,,13.27,8.89
2672.58,2,HCAP,,,20.61,8.62
2672.58,2,LHC,,,3.14,23.51
2672.58,2,HCAP,,,12.41,8.76
2672.58,2,HCAP,,,12.76,12.5
2672.68,2,HCAP,,,20.37,8.68
2672.68,2,LHC,,,2.17,24.53
2672.68,2,LHC,,,21.88,8.14
2672.68,2,HCAP,,,12.39,8.68
2672.68,2,HCAP,,,12.11,13.08
2672.68,2,HCAP,,,18.85,7.87
2672.68,2,LHC,,,13.45,9.94
2672.68,2,HCAP,,,16.49,8.5
2672.78,2,LHC,,,21.76,8.26
2672.78,2,LHC,,,1.84,24.57
2672.78,2,HCAP,,,12.34,8.64
2672.78,2,HCAP,,,20.09,8.82
2672.78,2,HCAP,,,18.8,7.57
2672.78,2,HCAP,,,16.36,8.45
2672.78,2,LHC,,,13.35,10.0
2672.78,2,HCAP,,,11.95,13.04
2672.88,2,LHC,,,21.63,8.45
2672.88,2,LHC,,,1.79,24.19
2672.88,2,HCAP,,,12.33,8.55
2672.88,2,LHC,,,13.28,9.99
2672.88,2,HCAP,,,18.5,7.84
2672.88,2,HCAP,,,19.85,8.9
2672.88,2,HCAP,,,16.16,8.51
2672.98,2,LHC,,,21.55,8.49
2672.98,2,HCAP,,,19.7,8.69
2672.98,2,LHC,,,1.94,23.57
2672.98,2,HCAP,,,12.41,8.32
2672.98,2,LHC,,,13.1,10.1
2672.98,2,HCAP,,,18.39,7.68
2672.98,2,HCAP,,,15.98,8.53
2672.98,2,HCAP,,,10.81,14.06
2673.08,2,LHC,,,21.41,8.63
2673.08,2,LHC,,,-0.28,26.23
2673.08,2,HCAP,,,19.41,8.85
2673.08,2,HCAP,,,12.41,8.2
2673.08,2,HCAP,,,18.33,7.47
2673.08,2,LHC,,,14.35,7.99
2673.18,2,LHC,,,21.24,8.95
2673.18,2,LHC,,,-1.27,27.15
2673.18,2,HCAP,,,15.75,8.47
2673.18,2,HCAP,,,19.2,8.87
2673.18,2,HCAP,,,12.46,8.05
2673.18,2,LHC,,,9.85,14.87
2673.18,2,HCAP,,,18.13,7.62
2673.28,2,LHC,,,21.16,8.93
2673.28,2,HCAP,,,18.94,9.03
2673.28,2,HCAP,,,17.93,7.69
2673.28,2,HCAP,,,16.53,5.14
2673.28,2,HCAP,,,12.37,8.04
2673.28,2,HCAP,,,9.58,14.82
2673.28,2,LHC,,,13.69,8.99
2673.28,2,HCAP,,,15.51,8.61
2673.38,2,LHC,,,20.91,9.55
2673.38,2,HCAP,,,18.68,9.16
2673.38,2,HCAP,,,8.61,15.93
2673.38,2,LHC,,,12.9,10.07
2673.38,2,HCAP,,,15.37,8.63
2673.38,2,HCAP,,,16.52,5.19
2673.38,2,HCAP,,,17.81,7.65
2673.38,2,HCAP,,,12.44,7.79
2673.48,2,LHC,,,20.7,9.85
2673.48,2,LHC,,,12.87,10.03
2673.48,2,HCAP,,,18.5,9.1
2673.48,2,HCAP,,,9.96,13.54
2673.48,2,HCAP,,,16.51,5.2
2673.48,2,HCAP,,,17.63,7.59
2673.48,2,HCAP,,,17.78,7.41
2673.48,2,HCAP,,,15.2,8.66
2673.48,2,LHC,,,24.81,-0.07
2673.48,2,LHC,,,25.11,-0.05
2673.58,2,LHC,,,20.58,9.95
2673.58,2,LHC,,,12.49,10.49
2673.58,2,HCAP,,,8.61,15.07
2673.58,2,HCAP,,,18.26,9.2
2673.58,2,HCAP,,,16.48,5.25
2673.58,2,HCAP,,,17.54,7.59
2673.58,2,HCAP,,,15.12,8.53
2673.68,2,LHC,,,20.53,9.78
2673.68,2,LHC,,,12.39,10.57
2673.68,2,HCAP,,,7.53,16.23
2673.68,2,HCAP,,,15.01,8.48
2673.68,2,HCAP,,,16.5,5.19
2673.68,2,HCAP,,,18.15,9.03
2673.68,2,HCAP,,,17.38,7.59
2673.68,2,LHC,,,24.8,-0.09
2673.68,2,LHC,,,25.12,-0.01
2673.78,2,LHC,,,20.32,10.02
2673.78,2,LHC,,,12.41,10.46
2673.78,2,HCAP,,,18.02,8.81
2673.78,2,HCAP,,,16.53,5.14
2673.78,2,HCAP,,,17.22,7.59
2673.78,2,HCAP,,,7.83,15.43
2673.78,2,HCAP,,,14.94,8.41
2673.78,2,LHC,,,24.8,-0.07
2673.88,2,LHC,,,20.03,10.52
2673.88,2,LHC,,,12.23,10.65
2673.88,2,HCAP,,,17.16,7.41
2673.88,2,HCAP,,,10.24,11.78
2673.88,2,HCAP,,,16.54,5.12
2673.88,2,HCAP,,,17.73,9.01
2673.88,2,HCAP,,,14.68,8.57
2673.88,2,LHC,,,24.8,-0.08
2673.98,2,LHC,,,19.92,10.54
2673.98,2,LHC,,,12.05,10.81
2673.98,2,HCAP,,,17.49,9.16
2673.98,2,HCAP,,,11.62,9.62
2673.98,2,HCAP,,,17.01,7.44
2673.98,2,HCAP,,,16.61,4.98
2673.98,2,HCAP,,,12.38,7.05
2673.98,2,HCAP,,,14.64,8.47
2673.98,2,LHC,,,24.8,-0.07
2674.08,2,LHC,,,11.98,10.76
2674.08,2,LHC,,,19.6,10.95
2674.08,2,HCAP,,,17.25,9.03
2674.08,2,HCAP,,,12.01,8.72
2674.08,2,HCAP,,,16.76,7.4
2674.08,2,HCAP,,,14.34,8.57
2674.08,2,LHC,,,24.65,-0.34
2674.18,2,LHC,,,19.56,10.88
2674.18,2,LHC,,,12.0,10.66
2674.18,2,HCAP,,,17.0,9.15
2674.18,2,HCAP,,,16.53,7.48
2674.18,2,HCAP,,,12.0,8.49
2674.18,2,HCAP,,,14.15,8.67
2674.18,2,LHC,,,24.65,-0.34
2674.28,2,LHC,,,11.88,10.77
2674.28,2,LHC,,,19.48,10.98
2674.28,2,HCAP,,,16.78,9.21
2674.28,2,HCAP,,,16.45,7.4
2674.28,2,HCAP,,,11.47,8.88
2674.28,2,HCAP,,,16.38,5.1
2674.28,2,HCAP,,,14.02,8.64
2674.38,2,LHC,,,11.85,10.72
2674.38,2,LHC,,,19.41,10.99
2674.38,2,HCAP,,,16.76,8.88
2674.38,2,HCAP,,,16.41,5.07
2674.38,2,HCAP,,,11.38,8.83
2674.38,2,HCAP,,,13.97,8.51
2674.38,2,HCAP,,,16.39,7.32
2674.48,2,LHC,,,19.32,11.17
2674.48,2,LHC,,,11.78,10.75
2674.48,2,HCAP,,,16.48,9.05
2674.48,2,HCAP,,,16.39,5.12
2674.48,2,HCAP,,,16.22,7.34
2674.48,2,HCAP,,,10.87,9.26
2674.48,2,HCAP,,,13.85,8.55
2674.58,2,LHC,,,19.24,11.24
2674.58,2,LHC,,,11.67,10.83
2674.58,2,HCAP,,,16.42,5.08
2674.58,2,HCAP,,,16.28,9.08
2674.58,2,HCAP,,,10.28,9.81
2674.58,2,HCAP,,,16.16,7.3
2674.58,2,HCAP,,,13.97,8.15
2674.68,2,LHC,,,19.18,11.3
2674.68,2,LHC,,,11.52,11.02
2674.68,2,HCAP,,,16.41,5.09
2674.68,2,HCAP,,,16.03,9.26
2674.68,2,HCAP,,,16.1,7.12
2674.68,2,HCAP,,,13.68,8.44
2674.68,2,LHC,,,24.66,-0.32
2674.68,2,LHC,,,24.95,-0.21
2674.78,2,LHC,,,19.16,11.23
2674.78,2,LHC,,,11.42,11.12
2674.78,2,HCAP,,,16.4,5.1
2674.78,2,HCAP,,,15.77,9.42
2674.78,2,HCAP,,,16.16,6.84
2674.78,2,HCAP,,,13.45,8.61
2674.78,2,LHC,,,24.66,-0.33
2674.78,2,LHC,,,24.95,-0.19
2674.88,2,LHC,,,19.13,11.24
2674.88,2,LHC,,,11.38,11.16
2674.88,2,HCAP,,,16.43,5.04
2674.88,2,HCAP,,,15.7,9.21
2674.88,2,HCAP,,,15.88,7.11
2674.88,2,LHC,,,24.66,-0.32
2674.88,2,LHC,,,24.2,-0.27
2674.88,2,LHC,,,24.95,-0.2
2674.98,2,LHC,,,19.12,11.17
2674.98,2,HCAP,,,16.45,5.01
2674.98,2,HCAP,,,15.87,6.93
2674.98,2,HCAP,,,15.6,9.06
2674.98,2,LHC,,,24.65,-0.32
2674.98,2,HCAP,,,11.62,10.85
2674.98,2,LHC,,,11.4,10.97
2674.98,2,LHC,,,24.21,-0.28
2674.98,2,LHC,,,24.95,-0.23
2675.08,2,LHC,,,19.09,11.15
2675.08,2,HCAP,,,11.23,11.32
2675.08,2,HCAP,,,15.4,9.18
2675.08,2,HCAP,,,16.41,5.08
2675.08,2,HCAP,,,15.88,6.72
2675.08,2,HCAP,,,4.53,15.68
2675.08,2,LHC,,,24.65,-0.31
2675.08,2,LHC,,,24.95,-0.2
2675.08,2,LHC,,,24.2,-0.25
2675.18,2,LHC,,,19.06,11.13
2675.18,2,LHC,,,11.2,11.35
2675.18,2,HCAP,,,16.45,5.03
2675.18,2,HCAP,,,15.19,9.21
2675.18,2,HCAP,,,4.61,15.45
2675.18,2,HCAP,,,15.55,7.09
2675.18,2,LHC,,,24.65,-0.31
2675.18,2,LHC,,,24.95,-0.2
2675.18,2,LHC,,,24.19,-0.24
2675.28,2,LHC,,,19.04,11.0
2675.28,2,HCAP,,,14.96,9.34
2675.28,2,HCAP,,,4.65,15.12
2675.28,2,LHC,,,11.26,11.23
2675.28,2,HCAP,,,16.38,5.08
2675.28,2,HCAP,,,15.64,6.77
2675.28,2,LHC,,,24.65,-0.31
2675.28,2,LHC,,,24.95,-0.2
2675.28,2,LHC,,,24.19,-0.23
2675.38,2,LHC,,,19.03,10.88
2675.38,2,HCAP,,,4.78,14.7
2675.38,2,LHC,,,11.26,11.21
2675.38,2,HCAP,,,14.81,9.3
2675.38,2,HCAP,,,12.87,8.41
2675.38,2,HCAP,,,16.28,5.23
2675.38,2,LHC,,,24.65,-0.3
2675.38,2,LHC,,,24.95,-0.19
2675.38,2,HCAP,,,16.33,5.47
2675.38,2,LHC,,,24.19,-0.24
2675.48,2,LHC,,,18.9,11.2
2675.48,2,LHC,,,11.13,11.42
2675.48,2,HCAP,,,14.6,9.39
2675.48,2,HCAP,,,4.42,14.85
2675.48,2,HCAP,,,13.01,8.07
2675.48,2,HCAP,7.0,Andreazzi Tewodros,10.71,9.0
2675.48,2,LHC,,,24.65,-0.31
2675.48,2,HCAP,,,16.24,5.24
2675.48,2,LHC,,,2.83,18.66
2675.48,2,HCAP,,,16.25,5.32
2675.48,2,LHC,,,24.95,-0.19
2675.48,2,LHC,,,24.2,-0.25
2675.58,2,LHC,,,18.88,11.18
2675.58,2,LHC,,,11.19,11.34
2675.58,2,HCAP,,,12.51,8.6
2675.58,2,HCAP,,,14.53,9.22
2675.58,2,HCAP,,,4.29,14.77
2675.58,2,LHC,,,0.41,21.72
2675.58,2,LHC,,,24.65,-0.31
2675.58,2,HCAP,,,15.7,6.15
2675.58,2,LHC,,,24.95,-0.2
2675.68,2,LHC,,,18.83,11.25
2675.68,2,LHC,,,11.27,11.22
2675.68,2,HCAP,,,12.27,8.79
2675.68,2,HCAP,,,14.34,9.28
2675.68,2,HCAP,,,16.13,5.4
2675.68,2,LHC,,,0.64,21.42
2675.68,2,HCAP,7.0,Andreazzi Tewodros,8.07,12.06
2675.68,2,LHC,,,24.2,-0.26
2675.68,2,LHC,,,24.95,-0.2
2675.68,2,LHC,,,24.65,-0.32
2675.78,2,LHC,,,18.8,11.3
2675.78,2,LHC,,,11.26,11.24
2675.78,2,HCAP,,,12.11,8.86
2675.78,2,LHC,,,-0.14,22.4
2675.78,2,HCAP,,,9.86,10.25
2675.78,2,HCAP,,,16.25,5.16
2675.78,2,LHC,,,24.2,-0.26
2675.78,2,LHC,,,24.65,-0.32
2675.78,2,HCAP,,,14.21,9.21
2675.78,2,LHC,,,24.95,-0.19
2675.88,2,LHC,,,18.79,11.32
2675.88,2,LHC,,,11.34,11.15
2675.88,2,HCAP,,,11.72,9.24
2675.88,2,LHC,,,-0.12,22.39
2675.88,2,HCAP,,,10.77,9.17
2675.88,2,HCAP,,,14.04,9.28
2675.88,2,HCAP,,,16.14,5.25
2675.88,2,LHC,,,24.65,-0.31
2675.88,2,LHC,,,24.21,-0.26
2675.88,2,LHC,,,24.95,-0.19
2675.98,2,LHC,,,18.77,11.41
2675.98,2,LHC,,,11.31,11.19
2675.98,2,LHC,,,0.24,22.01
2675.98,2,HCAP,,,11.51,9.37
2675.98,2,HCAP,,,0.14,18.35
2675.98,2,HCAP,,,10.85,9.09
2675.98,2,LHC,,,24.65,-0.32
2675.98,2,LHC,,,24.95,-0.21
2676.08,2,LHC,,,18.76,11.42
2676.08,2,LHC,,,11.29,11.22
2676.08,2,LHC,,,0.34,21.82
2676.08,2,HCAP,,,11.46,9.31
2676.08,2,HCAP,,,-0.48,18.71
2676.08,2,HCAP,,,11.06,8.85
2676.08,2,LHC,,,24.65,-0.31
2676.08,2,LHC,,,24.95,-0.2
2676.18,2,LHC,,,18.8,11.36
2676.18,2,LHC,,,-0.35,22.64
2676.18,2,LHC,,,11.31,11.21
2676.18,2,HCAP,,,11.24,9.48
2676.18,2,HCAP,,,-0.63,18.64
2676.18,2,HCAP,,,10.76,9.24
2676.18,2,LHC,,,24.95,-0.2
2676.28,2,LHC,,,18.78,11.37
2676.28,2,LHC,,,-0.59,22.91
2676.28,2,LHC,,,11.51,10.94
2676.28,2,HCAP,,,11.08,9.6
2676.28,2,HCAP,,,10.81,9.23
2676.28,2,HCAP,,,-1.6,19.47
2676.38,2,LHC,,,18.7,11.54
2676.38,2,LHC,,,-0.34,22.56
2676.38,2,LHC,,,11.47,11.03
2676.38,2,HCAP,,,10.86,9.84
2676.38,2,HCAP,,,10.92,9.08
2676.38,2,HCAP,,,15.92,5.33
2676.38,2,HCAP,,,13.0,9.64
2676.48,2,LHC,,,18.67,11.52
2676.48,2,LHC,,,-0.16,22.34
2676.48,2,LHC,,,11.39,11.17
2676.48,2,HCAP,,,12.95,9.59
2676.48,2,HCAP,,,10.73,9.94
2676.48,2,HCAP,,,10.66,9.42
2676.48,2,HCAP,,,15.89,5.37
2676.58,2,LHC,,,18.67,11.37
2676.58,2,LHC,,,0.34,21.5
2676.58,2,LHC,,,11.55,10.83
2676.58,2,HCAP,,,10.88,9.64
2676.58,2,HCAP,,,13.06,9.04
2676.58,2,HCAP,,,11.11,8.76
2676.58,2,HCAP,,,15.81,5.32
2676.68,2,LHC,,,18.63,11.34
2676.68,2,LHC,,,0.43,21.34
2676.68,2,HCAP,,,10.86,9.62
2676.68,2,HCAP,,,15.82,5.26
2676.68,2,LHC,,,11.63,10.71
2676.68,2,HCAP,,,10.81,9.19
2676.68,2,LHC,,,24.6,-0.34
2676.68,2,LHC,,,24.9,-0.2
2676.78,2,LHC,,,18.58,11.47
2676.78,2,LHC,,,0.52,21.19
2676.78,2,HCAP,,,10.86,9.6
2676.78,2,LHC,,,11.59,10.75
2676.78,2,HCAP,,,15.85,5.15
2676.78,2,HCAP,,,10.73,9.28
2676.78,2,LHC,,,24.6,-0.35
2676.88,2,LHC,,,18.58,11.44
2676.88,2,LHC,,,0.47,21.24
2676.88,2,LHC,,,11.54,10.85
2676.88,2,HCAP,,,10.82,9.66
2676.88,2,HCAP,,,15.82,5.11
2676.88,2,HCAP,,,10.99,8.98
2676.98,2,LHC,,,18.51,11.57
2676.98,2,LHC,,,1.0,20.57
2676.98,2,LHC,,,11.62,10.68
2676.98,2,HCAP,,,10.75,9.75
2676.98,2,HCAP,,,13.26,7.86
2676.98,2,HCAP,,,10.98,9.0
2676.98,2,HCAP,,,15.8,5.08
2677.08,2,LHC,,,18.4,11.84
2677.08,2,LHC,,,1.32,20.14
2677.08,2,LHC,,,11.45,10.91
2677.08,2,HCAP,,,10.81,9.68
2677.08,2,HCAP,,,15.65,5.22
2677.08,2,HCAP,,,11.05,8.9
2677.18,2,LHC,,,18.43,11.71
2677.18,2,LHC,,,1.74,19.59
2677.18,2,LHC,,,11.56,10.72
2677.18,2,HCAP,,,10.85,9.6
2677.18,2,HCAP,,,15.57,5.29
2677.18,2,HCAP,,,12.54,8.79
2677.18,2,HCAP,,,11.12,8.81
2677.28,2,LHC,,,18.39,11.78
2677.28,2,LHC,,,1.5,19.85
2677.28,2,LHC,,,11.5,10.79
2677.28,2,HCAP,,,10.78,9.7
2677.28,2,HCAP,,,15.57,5.2
2677.28,2,HCAP,,,10.84,9.18
2677.28,2,HCAP,,,12.13,9.09
2677.38,2,LHC,,,18.53,11.34
2677.38,2,LHC,,,1.18,20.22
2677.38,2,LHC,,,11.53,10.7
2677.38,2,HCAP,,,10.86,9.6
2677.38,2,HCAP,,,15.62,5.03
2677.38,2,HCAP,,,10.86,9.13
2677.38,2,HCAP,,,13.11,7.56
2677.48,2,LHC,,,18.59,11.08
2677.48,2,LHC,,,1.1,20.29
2677.48,2,LHC,,,11.51,10.68
2677.48,2,HCAP,,,10.87,9.58
2677.48,2,HCAP,,,10.89,9.06
2677.48,2,HCAP,,,15.68,4.91
2677.58,2,LHC,,,18.53,11.22
2677.58,2,LHC,,,0.77,20.64
2677.58,2,HCAP,,,11.01,9.4
2677.58,2,HCAP,,,10.9,10.24
2677.58,2,LHC,,,11.5,10.66
2677.58,2,HCAP,,,10.81,9.13
2677.58,2,HCAP,,,15.69,4.84
2677.68,2,LHC,,,18.49,11.28
2677.68,2,LHC,,,11.51,10.6
2677.68,2,LHC,,,0.76,20.62
2677.68,2,HCAP,,,10.41,10.66
2677.68,2,HCAP,,,10.7,9.83
2677.68,2,HCAP,,,10.91,9.03
2677.78,2,LHC,,,18.43,11.4
2677.78,2,LHC,,,0.34,21.03
2677.78,2,LHC,,,11.42,10.73
2677.78,2,HCAP,,,10.41,10.37
2677.78,2,HCAP,,,11.03,8.9
2677.88,2,LHC,,,18.41,11.4
2677.88,2,LHC,,,0.6,20.73
2677.88,2,HCAP,,,9.98,10.85
2677.88,2,LHC,,,11.36,10.77
2677.88,2,HCAP,,,11.1,8.81
2677.88,2,HCAP,97.0,Moyon Edouard,12.82,7.97
2677.98,2,LHC,,,18.4,11.42
2677.98,2,LHC,,,0.62,20.72
2677.98,2,LHC,,,11.3,10.82
2677.98,2,HCAP,,,10.09,10.62
2677.98,2,HCAP,97.0,Moyon Edouard,12.69,8.1
2677.98,2,HCAP,,,11.17,8.71
2678.08,2,LHC,,,18.31,11.57
2678.08,2,LHC,,,0.91,20.33
2678.08,2,LHC,,,11.27,10.82
2678.08,2,HCAP,97.0,Moyon Edouard,12.65,8.1
2678.08,2,HCAP,,,9.94,10.76
2678.08,2,HCAP,,,11.23,8.64
2678.18,2,LHC,,,18.35,11.43
2678.18,2,LHC,,,11.35,10.68
2678.18,2,LHC,,,0.75,20.51
2678.18,2,HCAP,97.0,Moyon Edouard,12.59,8.15
2678.18,2,HCAP,,,10.9,9.56
2678.18,2,HCAP,,,9.52,10.88
2678.28,2,LHC,,,18.25,11.71
2678.28,2,LHC,,,11.38,10.65
2678.28,2,LHC,,,0.58,20.64
2678.28,2,HCAP,97.0,Moyon Edouard,12.5,8.26
2678.28,2,HCAP,,,11.09,9.3
2678.28,2,HCAP,,,9.63,10.71
2678.38,2,LHC,,,18.32,11.45
2678.38,2,LHC,,,0.74,20.44
2678.38,2,LHC,,,11.33,10.73
2678.38,2,HCAP,97.0,Moyon Edouard,12.5,8.22
2678.38,2,HCAP,,,11.0,9.39
2678.38,2,HCAP,,,9.01,11.3
2678.48,2,LHC,,,18.24,11.62
2678.48,2,LHC,,,11.33,10.7
2678.48,2,LHC,,,0.94,20.22
2678.48,2,HCAP,97.0,Moyon Edouard,12.52,8.16
2678.48,2,HCAP,,,10.9,9.53
2678.48,2,HCAP,,,8.93,11.18
2678.58,2,LHC,,,18.12,11.46
2678.58,2,LHC,,,10.95,10.71
2678.58,2,LHC,,,0.32,21.0
2678.58,2,HCAP,97.0,Moyon Edouard,12.2,7.94
2678.58,2,HCAP,,,10.58,9.44
2678.58,2,HCAP,,,8.31,11.37
2678.58,2,HCAP,,,10.9,8.51
2678.68,2,LHC,,,17.98,11.82
2678.68,2,LHC,,,10.99,10.65
2678.68,2,LHC,,,1.17,19.86
2678.68,2,HCAP,97.0,Moyon Edouard,12.15,7.99
2678.68,2,HCAP,,,10.55,9.49
2678.78,2,LHC,,,17.97,11.83
2678.78,2,LHC,,,10.89,10.79
2678.78,2,LHC,,,1.21,19.83
2678.78,2,HCAP,,,10.49,9.58
2678.78,2,HCAP,97.0,Moyon Edouard,12.11,8.04
2678.78,2,HCAP,,,10.63,8.82
2678.78,2,HCAP,,,9.88,8.98
2678.88,2,LHC,,,18.05,11.58
2678.88,2,LHC,,,10.88,10.83
2678.88,2,LHC,,,1.21,19.88
2678.88,2,HCAP,,,10.45,9.65
2678.88,2,HCAP,97.0,Moyon Edouard,12.09,8.08
2678.98,2,LHC,,,18.12,11.39
2678.98,2,LHC,,,10.51,11.35
2678.98,2,LHC,,,0.69,20.44
2678.98,2,HCAP,,,10.2,10.0
2678.98,2,HCAP,97.0,Moyon Edouard,11.78,8.54
2678.98,2,HCAP,,,11.62,6.43
2678.98,2,HCAP,,,10.64,8.86
2679.08,2,LHC,,,18.12,11.37
2679.08,2,LHC,,,0.99,20.03
2679.08,2,LHC,,,10.39,11.53
2679.08,2,HCAP,,,10.35,9.78
2679.08,2,HCAP,97.0,Moyon Edouard,11.77,8.57
2679.08,2,HCAP,,,10.75,8.66
2679.18,2,LHC,,,18.05,11.58
2679.18,2,LHC,,,10.36,11.55
2679.18,2,HCAP,,,10.38,9.72
2679.18,2,LHC,,,1.35,19.6
2679.18,2,HCAP,97.0,Moyon Edouard,12.16,8.0
2679.18,2,HCAP,,,10.58,8.91
2679.28,2,LHC,,,18.1,11.41
2679.28,2,LHC,,,10.38,11.5
2679.28,2,HCAP,,,10.41,9.67
2679.28,2,LHC,,,1.3,19.62
2679.28,2,HCAP,,,10.2,9.42
2679.28,2,HCAP,97.0,Moyon Edouard,12.0,8.25
2679.38,2,LHC,,,17.82,12.18
2679.38,2,LHC,,,10.29,11.69
2679.38,2,LHC,,,1.31,19.61
2679.38,2,HCAP,,,10.39,9.71
2679.38,2,HCAP,97.0,Moyon Edouard,11.95,8.3
2679.38,2,HCAP,,,10.15,9.5
2679.38,2,HCAP,,,8.02,10.52
2679.48,2,LHC,,,17.65,12.54
2679.48,2,LHC,,,10.48,11.4
2679.48,2,LHC,,,0.75,20.28
2679.48,2,HCAP,,,10.27,9.86
2679.48,2,HCAP,97.0,Moyon Edouard,11.94,8.31
2679.48,2,HCAP,,,8.09,10.3
2679.48,2,HCAP,,,10.27,9.33
2679.58,2,LHC,,,17.75,12.47
2679.58,2,LHC,,,10.64,11.46
2679.58,2,LHC,,,1.2,19.35
2679.58,2,HCAP,,,10.47,9.95
2679.58,2,HCAP,97.0,Moyon Edouard,12.13,8.5
2679.58,2,HCAP,,,10.32,9.65
2679.58,2,HCAP,,,8.47,10.06
2679.68,2,LHC,,,17.72,12.58
2679.68,2,LHC,,,10.59,11.51
2679.68,2,LHC,,,1.06,19.49
2679.68,2,HCAP,,,7.63,10.87
2679.68,2,HCAP,97.0,Moyon Edouard,12.23,8.35
2679.68,2,HCAP,,,10.24,10.23
2679.68,2,HCAP,,,10.04,10.01
2679.78,2,LHC,,,17.74,12.52
2679.78,2,LHC,,,10.6,11.49
2679.78,2,LHC,,,1.13,19.44
2679.78,2,HCAP,97.0,Moyon Edouard,12.19,8.41
2679.78,2,HCAP,,,10.27,10.21
2679.78,2,HCAP,,,5.33,13.38
2679.78,2,HCAP,,,10.19,9.82
2679.88,2,LHC,,,17.75,12.52
2679.88,2,LHC,,,10.57,11.53
2679.88,2,LHC,,,1.06,19.51
2679.88,2,HCAP,,,-1.99,19.78
2679.88,2,HCAP,,,10.36,10.11
2679.88,2,HCAP,97.0,Moyon Edouard,12.23,8.36
2679.88,2,HCAP,,,10.42,9.54
2679.88,2,HCAP,,,5.65,12.92
2679.88,2,LHC,,,12.0,6.81
2679.98,2,LHC,,,17.85,12.24
2679.98,2,LHC,,,10.6,11.49
2679.98,2,LHC,,,0.78,19.85
2679.98,2,HCAP,,,-0.23,18.12
2679.98,2,HCAP,,,10.3,10.19
2679.98,2,HCAP,97.0,Moyon Edouard,12.25,8.31
2679.98,2,HCAP,,,10.4,9.57
2679.98,2,LHC,,,12.01,6.8
2680.08,2,LHC,,,17.99,11.86
2680.08,2,LHC,,,10.67,11.39
2680.08,2,LHC,,,0.85,19.77
2680.08,2,HCAP,,,10.33,10.15
2680.08,2,HCAP,97.0,Moyon Edouard,12.22,8.35
2680.08,2,HCAP,,,1.13,16.82
2680.08,2,HCAP,,,10.39,9.56
2680.08,2,LHC,,,12.03,6.78
2680.18,2,LHC,,,18.1,11.59
2680.18,2,LHC,,,0.51,20.17
2680.18,2,LHC,,,10.62,11.43
2680.18,2,HCAP,,,10.34,10.14
2680.18,2,HCAP,97.0,Moyon Edouard,12.17,8.44
2680.18,2,HCAP,,,10.34,9.62
2680.18,2,HCAP,,,2.39,15.67
2680.18,2,HCAP,,,15.23,3.99
2680.28,2,LHC,,,18.12,11.58
2680.28,2,LHC,,,10.65,11.37
2680.28,2,LHC,,,0.78,19.84
2680.28,2,HCAP,,,10.35,10.13
2680.28,2,HCAP,97.0,Moyon Edouard,12.18,8.43
2680.28,2,HCAP,,,10.19,9.82
2680.28,2,HCAP,,,15.06,4.2
2680.28,2,LHC,,,11.98,6.84
2680.38,2,LHC,,,17.99,11.95
2680.38,2,LHC,,,0.73,19.91
2680.38,2,LHC,,,10.63,11.36
2680.38,2,HCAP,,,10.42,10.05
2680.38,2,HCAP,97.0,Moyon Edouard,12.18,8.45
2680.38,2,HCAP,,,10.19,9.81
2680.38,2,LHC,,,24.08,-0.34
2680.38,2,HCAP,,,5.28,12.72
2680.38,2,HCAP,,,15.12,4.07
2680.48,2,LHC,,,18.18,11.43
2680.48,2,LHC,,,10.45,11.58
2680.48,2,LHC,,,0.86,19.76
2680.48,2,HCAP,,,10.38,10.1
2680.48,2,HCAP,,,10.13,9.89
2680.48,2,HCAP,97.0,Moyon Edouard,12.18,8.45
2680.48,2,HCAP,,,3.69,14.41
2680.48,2,LHC,,,24.07,-0.33
2680.48,2,HCAP,,,15.06,4.15
2680.58,2,LHC,,,18.07,11.78
2680.58,2,LHC,,,0.83,19.81
2680.58,2,LHC,,,10.45,11.56
2680.58,2,HCAP,,,10.39,10.07
2680.58,2,HCAP,97.0,Moyon Edouard,12.16,8.48
2680.58,2,HCAP,,,3.5,14.52
2680.58,2,HCAP,,,10.05,9.98
2680.58,2,LHC,,,24.05,-0.25
2680.68,2,LHC,,,18.27,11.27
2680.68,2,LHC,,,0.44,20.28
2680.68,2,LHC,,,10.49,11.47
2680.68,2,HCAP,,,10.42,10.03
2680.68,2,HCAP,,,3.09,14.91
2680.68,2,HCAP,97.0,Moyon Edouard,12.3,8.33
2680.68,2,HCAP,,,10.37,9.57
2680.68,2,LHC,,,24.04,-0.28
2680.78,2,LHC,,,18.37,10.99
2680.78,2,LHC,,,0.46,20.2
2680.78,2,LHC,,,10.42,11.54
2680.78,2,HCAP,,,2.93,15.03
2680.78,2,HCAP,,,10.4,10.04
2680.78,2,HCAP,,,10.36,9.59
2680.78,2,HCAP,97.0,Moyon Edouard,12.35,8.25
2680.78,2,LHC,,,24.04,-0.26
2680.78,2,HCAP,,,6.11,12.6
2680.88,2,LHC,,,18.38,10.96
2680.88,2,LHC,,,0.44,20.22
2680.88,2,HCAP,,,2.67,15.23
2680.88,2,LHC,,,10.41,11.55
2680.88,2,HCAP,,,10.42,10.03
2680.88,2,HCAP,,,10.22,9.76
2680.88,2,HCAP,97.0,Moyon Edouard,12.38,8.2
2680.88,2,LHC,,,24.04,-0.29
2680.98,2,LHC,,,18.37,10.97
2680.98,2,HCAP,,,1.95,16.01
2680.98,2,LHC,,,10.42,11.53
2680.98,2,LHC,,,0.57,20.05
2680.98,2,HCAP,,,10.39,10.05
2680.98,2,HCAP,,,10.25,9.73
2680.98,2,LHC,,,24.04,-0.3
2680.98,2,HCAP,97.0,Moyon Edouard,12.22,8.32
2681.08,2,LHC,,,18.39,10.94
2681.08,2,HCAP,,,1.31,16.64
2681.08,2,LHC,,,10.44,11.44
2681.08,2,LHC,,,0.61,20.03
2681.08,2,HCAP,,,10.4,10.04
2681.08,2,HCAP,,,10.25,9.73
2681.08,2,HCAP,,,15.09,4.07
2681.08,2,HCAP,97.0,Moyon Edouard,12.21,8.33
2681.08,2,LHC,,,24.04,-0.31
2681.08,2,LHC,,,12.02,6.79
2681.18,2,LHC,,,18.39,10.94
2681.18,2,LHC,,,1.0,19.6
2681.18,2,LHC,,,10.56,11.28
2681.18,2,HCAP,,,1.58,16.35
2681.18,2,HCAP,,,10.32,10.16
2681.18,2,HCAP,,,10.23,9.75
2681.18,2,HCAP,97.0,Moyon Edouard,12.39,8.11
2681.18,2,HCAP,,,15.06,4.1
2681.18,2,LHC,,,24.03,-0.28
2681.18,2,LHC,,,12.04,6.76
2681.28,2,LHC,,,18.43,10.84
2681.28,2,LHC,,,10.53,11.32
2681.28,2,LHC,,,1.02,19.58
2681.28,2,HCAP,,,0.75,17.27
2681.28,2,HCAP,,,10.27,10.21
2681.28,2,HCAP,,,10.23,9.76
2681.28,2,HCAP,97.0,Moyon Edouard,12.2,8.33
2681.28,2,LHC,,,24.04,-0.29
2681.28,2,HCAP,,,14.96,4.23
2681.38,2,LHC,,,18.46,10.81
2681.38,2,LHC,,,10.51,11.33
2681.38,2,LHC,,,1.29,19.29
2681.38,2,HCAP,,,10.21,10.28
2681.38,2,HCAP,,,0.4,17.68
2681.38,2,HCAP,,,10.41,9.53
2681.38,2,HCAP,97.0,Moyon Edouard,12.17,8.36
2681.38,2,HCAP,,,14.98,4.2
2681.38,2,LHC,,,24.04,-0.3
2681.48,2,LHC,,,18.42,10.91
2681.48,2,LHC,,,1.12,19.48
2681.48,2,LHC,,,10.55,11.27
2681.48,2,HCAP,,,0.27,17.91
2681.48,2,HCAP,,,10.35,10.09
2681.48,2,HCAP,,,10.47,9.45
2681.48,2,LHC,,,8.64,10.89
2681.48,2,HCAP,97.0,Moyon Edouard,12.29,8.24
2681.48,2,HCAP,,,14.9,4.3
2681.48,2,LHC,,,24.04,-0.3
2681.58,2,LHC,,,18.4,10.97
2681.58,2,LHC,,,1.08,19.52
2681.58,2,LHC,,,10.54,11.28
2681.58,2,HCAP,,,-1.5,19.87
2681.58,2,HCAP,,,10.41,10.0
2681.58,2,HCAP,,,10.4,9.53
2681.58,2,HCAP,,,9.12,10.38
2681.58,2,HCAP,97.0,Moyon Edouard,12.3,8.22
2681.58,2,HCAP,,,14.99,4.19
2681.68,2,LHC,,,18.39,11.01
2681.68,2,LHC,,,0.91,19.71
2681.68,2,LHC,,,10.63,11.2
2681.68,2,HCAP,,,-1.83,20.28
2681.68,2,HCAP,97.0,Moyon Edouard,12.43,8.06
2681.68,2,HCAP,,,15.1,4.04
2681.68,2,HCAP,,,10.37,9.98
2681.78,2,LHC,,,18.41,10.95
2681.78,2,LHC,,,1.2,19.37
2681.78,2,LHC,,,10.64,11.2
2681.78,2,HCAP,,,10.36,9.99
2681.78,2,HCAP,97.0,Moyon Edouard,12.38,8.13
2681.88,2,LHC,,,18.4,10.96
2681.88,2,LHC,,,1.07,19.53
2681.88,2,LHC,,,10.6,11.26
2681.88,2,HCAP,,,10.38,9.96
2681.88,2,HCAP,,,9.89,9.88
2681.88,2,HCAP,,,15.14,3.98
2681.88,2,HCAP,97.0,Moyon Edouard,12.29,8.25
2681.98,2,LHC,,,18.39,10.87
2681.98,2,LHC,,,1.13,19.45
2681.98,2,LHC,,,10.66,11.18
2681.98,2,HCAP,,,15.07,4.07
2681.98,2,HCAP,,,10.5,9.81
2681.98,2,HCAP,97.0,Moyon Edouard,12.27,8.28
2681.98,2,HCAP,,,9.9,9.95
2682.08,2,LHC,,,18.34,11.1
2682.08,2,LHC,,,1.36,19.54
2682.08,2,LHC,,,10.68,11.28
2682.08,2,HCAP,,,15.17,3.98
2682.08,2,HCAP,,,10.28,9.73
2682.08,2,HCAP,,,10.65,9.75
2682.08,2,HCAP,97.0,Moyon Edouard,12.34,8.23
2682.18,2,LHC,,,18.31,11.16
2682.18,2,LHC,,,1.32,19.6
2682.18,2,LHC,,,10.7,11.26
2682.18,2,HCAP,,,10.53,9.45
2682.18,2,HCAP,,,10.64,9.76
2682.18,2,HCAP,,,15.15,4.0
2682.18,2,HCAP,97.0,Moyon Edouard,12.35,8.24
2682.28,2,LHC,,,18.25,11.23
2682.28,2,HCAP,,,-1.87,21.43
2682.28,2,LHC,,,1.16,19.78
2682.28,2,LHC,,,10.6,11.36
2682.28,2,HCAP,,,10.54,9.43
2682.28,2,HCAP,,,10.67,9.73
2682.28,2,HCAP,,,15.19,3.95
2682.28,2,HCAP,97.0,Moyon Edouard,12.3,8.2
2682.28,2,LHC,,,24.12,-0.43
2682.38,2,LHC,,,18.2,11.36
2682.38,2,HCAP,,,-1.5,21.06
2682.38,2,LHC,,,1.1,19.87
2682.38,2,LHC,,,10.48,11.61
2682.38,2,HCAP,,,10.53,9.41
2682.38,2,HCAP,,,10.64,9.75
2682.38,2,HCAP,,,15.16,4.0
2682.38,2,LHC,,,24.12,-0.43
2682.38,2,HCAP,97.0,Moyon Edouard,12.24,8.29
2682.48,2,LHC,,,18.17,11.33
2682.48,2,HCAP,,,-1.67,21.3
2682.48,2,LHC,,,1.19,19.74
2682.48,2,LHC,,,10.58,11.46
2682.48,2,HCAP,,,15.1,4.08
2682.48,2,HCAP,,,10.62,9.79
2682.48,2,HCAP,97.0,Moyon Edouard,12.5,8.06
2682.48,2,LHC,,,24.13,-0.44
2682.48,2,HCAP,,,10.27,9.8
2682.58,2,LHC,,,18.22,11.16
2682.58,2,HCAP,,,-1.68,21.34
2682.58,2,LHC,,,1.09,19.87
2682.58,2,LHC,,,10.33,11.78
2682.58,2,HCAP,97.0,Moyon Edouard,12.0,8.76
2682.58,2,HCAP,,,15.02,4.2
2682.58,2,LHC,,,24.13,-0.45
2682.58,2,HCAP,,,10.51,9.87
2682.58,2,HCAP,,,10.25,10.05
2682.68,2,LHC,,,18.17,11.21
2682.68,2,HCAP,,,-1.98,21.67
2682.68,2,LHC,,,0.96,20.02
2682.68,2,LHC,,,10.35,11.74
2682.68,2,HCAP,,,10.58,9.83
2682.68,2,HCAP,,,15.01,4.21
2682.68,2,HCAP,,,10.12,9.96
2682.68,2,LHC,,,24.13,-0.44
2682.68,2,LHC,,,12.06,6.84
2682.68,2,HCAP,97.0,Moyon Edouard,12.35,8.23
2682.78,2,LHC,,,18.15,11.21
2682.78,2,LHC,,,0.99,19.98
2682.78,2,HCAP,,,14.99,4.22
2682.78,2,LHC,,,10.56,11.5
2682.78,2,HCAP,,,10.63,9.8
2682.78,2,LHC,,,24.13,-0.43
2682.78,2,LHC,,,12.02,6.85
2682.88,2,LHC,,,18.07,11.35
2682.88,2,LHC,,,1.07,19.89
2682.88,2,HCAP,,,10.6,9.82
2682.88,2,HCAP,,,14.94,4.31
2682.88,2,HCAP,,,10.19,9.89
2682.88,2,LHC,,,10.38,11.76
2682.88,2,LHC,,,11.99,6.89
2682.88,2,LHC,,,24.13,-0.43
2682.98,2,LHC,,,18.14,11.1
2682.98,2,LHC,,,1.09,19.87
2682.98,2,HCAP,,,10.58,9.83
2682.98,2,LHC,,,10.39,11.74
2682.98,2,HCAP,,,10.28,9.79
2682.98,2,HCAP,,,14.94,4.3
2682.98,2,LHC,,,12.02,6.86
2682.98,2,LHC,,,24.14,-0.46
2682.98,2,HCAP,97.0,Moyon Edouard,12.4,8.15
2683.08,2,LHC,,,18.12,11.09
2683.08,2,LHC,,,1.11,19.86
2683.08,2,HCAP,,,10.34,10.13
2683.08,2,HCAP,,,10.0,10.17
2683.08,2,HCAP,,,14.9,4.36
2683.08,2,LHC,,,10.46,11.61
2683.08,2,LHC,,,24.14,-0.47
2683.08,2,HCAP,,,10.53,11.34
2683.08,2,HCAP,97.0,Moyon Edouard,12.39,8.17
2683.18,2,LHC,,,17.99,11.35
2683.18,2,LHC,,,1.16,19.82
2683.18,2,HCAP,,,14.92,4.33
2683.18,2,HCAP,,,10.41,10.04
2683.18,2,HCAP,,,10.05,10.11
2683.18,2,LHC,,,24.14,-0.47
2683.18,2,HCAP,,,10.48,11.58
2683.28,2,LHC,,,17.89,11.54
2683.28,2,LHC,,,1.63,19.27
2683.28,2,HCAP,,,14.86,4.41
2683.28,2,HCAP,,,10.32,10.16
2683.28,2,LHC,,,10.48,11.58
2683.28,2,LHC,,,24.14,-0.5
2683.28,2,HCAP,97.0,Moyon Edouard,12.36,8.2
2683.38,2,LHC,,,17.95,11.34
2683.38,2,LHC,,,1.34,19.63
2683.38,2,HCAP,,,14.9,4.36
2683.38,2,HCAP,,,10.29,10.19
2683.38,2,LHC,,,24.14,-0.51
2683.38,2,LHC,,,10.5,11.55
2683.48,2,LHC,,,17.91,11.41
2683.48,2,LHC,,,1.14,19.88
2683.48,2,HCAP,,,14.95,4.29
2683.48,2,HCAP,,,10.36,10.09
2683.48,2,LHC,,,10.54,11.51
2683.48,2,LHC,,,24.14,-0.48
2683.58,2,LHC,,,17.85,11.5
2683.58,2,LHC,,,0.44,20.69
2683.58,2,HCAP,,,14.92,4.33
2683.58,2,HCAP,,,10.23,10.27
2683.58,2,LHC,,,10.52,11.53
2683.58,2,LHC,,,24.13,-0.46
2683.68,2,LHC,,,17.83,11.44
2683.68,2,LHC,,,0.8,20.22
2683.68,2,HCAP,,,14.87,4.39
2683.68,2,LHC,,,10.58,11.44
2683.68,2,HCAP,,,10.11,10.46
2683.68,2,HCAP,97.0,Moyon Edouard,12.27,8.4
2683.68,2,LHC,,,12.24,6.66
2683.78,2,LHC,,,17.93,11.13
2683.78,2,LHC,,,0.81,20.19
2683.78,2,HCAP,,,14.87,4.39
2683.78,2,LHC,,,10.59,11.44
2683.78,2,HCAP,,,9.96,10.66
2683.78,2,HCAP,97.0,Moyon Edouard,12.24,8.43
2683.78,2,LHC,,,24.14,-0.5
2683.88,2,LHC,,,17.86,11.22
2683.88,2,LHC,,,0.7,20.28
2683.88,2,HCAP,,,14.87,4.4
2683.88,2,LHC,,,10.68,11.36
2683.88,2,HCAP,,,9.82,10.8
2683.88,2,HCAP,97.0,Moyon Edouard,12.39,8.23
2683.88,2,LHC,,,24.14,-0.5
2683.98,2,LHC,,,17.73,11.56
2683.98,2,LHC,,,1.17,19.66
2683.98,2,HCAP,,,14.82,4.45
2683.98,2,LHC,,,10.78,11.15
2683.98,2,LHC,,,24.15,-0.54
2683.98,2,HCAP,,,9.95,10.59
2683.98,2,HCAP,97.0,Moyon Edouard,12.52,8.06
2683.98,2,HCAP,,,10.34,9.72
2684.08,2,LHC,,,17.78,11.38
2684.08,2,LHC,,,1.28,19.49
2684.08,2,HCAP,,,14.7,4.63
2684.08,2,HCAP,,,9.65,10.8
2684.08,2,LHC,,,10.64,11.34
2684.08,2,LHC,,,24.14,-0.49
2684.08,2,HCAP,,,-1.8,21.36
2684.08,2,HCAP,97.0,Moyon Edouard,12.12,8.63
2684.18,2,LHC,,,17.82,11.28
2684.18,2,LHC,,,1.65,19.02
2684.18,2,HCAP,,,14.77,4.5
2684.18,2,LHC,,,9.95,12.13
2684.18,2,HCAP,,,-1.76,21.39
2684.18,2,LHC,,,24.13,-0.48
2684.18,2,HCAP,,,10.08,10.48
2684.28,2,LHC,,,17.69,11.53
2684.28,2,LHC,,,1.68,18.91
2684.28,2,LHC,,,9.86,12.28
2684.28,2,HCAP,,,9.55,11.17
2684.28,2,HCAP,,,14.72,4.55
2684.28,2,LHC,,,24.12,-0.49
2684.28,2,HCAP,,,-1.5,21.02
2684.38,2,LHC,,,17.77,11.3
2684.38,2,LHC,,,1.99,18.52
2684.38,2,LHC,,,9.26,12.75
2684.38,2,HCAP,,,8.95,12.03
2684.38,2,HCAP,,,14.82,4.4
2684.38,2,HCAP,,,10.61,9.36
2684.38,2,LHC,,,24.14,-0.52
2684.48,2,LHC,,,17.64,11.57
2684.48,2,LHC,,,1.76,18.77
2684.48,2,LHC,,,9.1,12.8
2684.48,2,HCAP,,,8.42,12.75
2684.48,2,HCAP,97.0,Moyon Edouard,12.79,8.06
2684.48,2,HCAP,,,14.66,4.6
2684.48,2,LHC,,,24.14,-0.53
2684.48,2,HCAP,,,11.16,8.64
2684.48,2,HCAP,81.0,Baldassari Leonard,24.52,-0.49
2684.58,2,LHC,,,17.8,11.03
2684.58,2,LHC,,,1.61,18.88
2684.58,2,LHC,,,8.57,13.35
2684.58,2,HCAP,97.0,Moyon Edouard,12.37,8.76
2684.58,2,HCAP,,,14.69,4.51
2684.58,2,HCAP,81.0,Baldassari Leonard,24.55,-0.58
2684.58,2,LHC,,,24.15,-0.6
2684.58,2,HCAP,,,8.35,12.85
2684.58,2,HCAP,,,10.66,9.31
2684.68,2,LHC,,,17.89,10.81
2684.68,2,LHC,,,2.49,17.59
2684.68,2,LHC,,,6.85,15.36
2684.68,2,HCAP,97.0,Moyon Edouard,12.74,8.41
2684.68,2,HCAP,,,14.64,4.58
2684.68,2,HCAP,,,10.54,9.49
2684.68,2,HCAP,81.0,Baldassari Leonard,24.55,-0.58
2684.68,2,LHC,,,24.14,-0.57
2684.78,2,LHC,,,17.94,10.78
2684.78,2,HCAP,97.0,Moyon Edouard,12.64,8.76
2684.78,2,LHC,,,6.26,15.93
2684.78,2,LHC,,,2.32,17.69
2684.78,2,HCAP,,,14.45,4.87
2684.78,2,LHC,,,1.84,17.59
2684.78,2,LHC,,,24.15,-0.59
2684.78,2,HCAP,81.0,Baldassari Leonard,24.55,-0.58
2684.78,2,HCAP,,,10.2,9.94
2684.88,2,LHC,,,18.16,10.39
2684.88,2,HCAP,97.0,Moyon Edouard,12.9,8.66
2684.88,2,HCAP,,,5.32,16.77
2684.88,2,HCAP,,,14.39,4.97
2684.88,2,LHC,,,3.36,16.45
2684.88,2,LHC,,,3.13,16.15
2684.88,2,LHC,,,24.15,-0.58
2684.88,2,HCAP,81.0,Baldassari Leonard,24.54,-0.58
2684.98,2,LHC,,,18.27,10.34
2684.98,2,HCAP,97.0,Moyon Edouard,12.95,8.68
2684.98,2,HCAP,,,5.07,16.8
2684.98,2,HCAP,,,14.3,5.14
2684.98,2,LHC,,,24.16,-0.56
2684.98,2,LHC,,,4.92,14.08
2684.98,2,HCAP,81.0,Baldassari Leonard,24.54,-0.58
2685.08,2,LHC,,,18.52,10.01
2685.08,2,HCAP,97.0,Moyon Edouard,13.36,8.52
2685.08,2,HCAP,,,4.59,17.1
2685.08,2,HCAP,,,14.53,4.9
2685.08,2,LHC,,,5.51,16.72
2685.08,2,LHC,,,24.17,-0.59
2685.08,2,HCAP,81.0,Baldassari Leonard,24.54,-0.58
2685.18,2,LHC,,,18.64,9.83
2685.18,2,HCAP,97.0,Moyon Edouard,13.79,8.23
2685.18,2,LHC,,,5.17,17.4
2685.18,2,HCAP,,,4.12,17.44
2685.18,2,HCAP,,,14.53,4.96
2685.18,2,LHC,,,4.82,14.55
2685.18,2,LHC,,,24.18,-0.59
2685.18,2,LHC,,,9.38,8.85
2685.18,2,HCAP,,,12.11,7.58
2685.18,2,HCAP,81.0,Baldassari Leonard,24.53,-0.58
2685.28,2,LHC,,,18.78,9.49
2685.28,2,HCAP,,,4.03,17.23
2685.28,2,LHC,,,5.59,17.02
2685.28,2,HCAP,,,14.81,4.74
2685.28,2,HCAP,97.0,Moyon Edouard,13.97,8.3
2685.28,2,HCAP,81.0,Baldassari Leonard,24.53,-0.58
2685.28,2,LHC,,,24.18,-0.56
2685.28,2,LHC,,,1.02,19.41
2685.28,2,LHC,,,7.1,11.59
2685.28,2,HCAP,,,11.84,7.99
2685.38,2,LHC,,,18.9,9.33
2685.38,2,HCAP,,,3.62,17.59
2685.38,2,LHC,,,5.35,17.52
2685.38,2,LHC,,,3.88,15.43
2685.38,2,HCAP,97.0,Moyon Edouard,14.07,8.43
2685.38,2,HCAP,,,14.97,4.66
2685.38,2,LHC,,,-0.84,21.86
2685.38,2,HCAP,,,11.42,8.55
2685.38,2,LHC,,,24.19,-0.59
2685.38,2,HCAP,81.0,Baldassari Leonard,24.54,-0.59
2685.48,2,LHC,,,19.06,9.14
2685.48,2,HCAP,97.0,Moyon Edouard,14.28,8.4
2685.48,2,HCAP,,,4.33,16.65
2685.48,2,HCAP,,,15.12,4.56
2685.48,2,LHC,,,5.32,17.79
2685.48,2,LHC,,,5.79,13.17
2685.48,2,HCAP,,,11.26,8.77
2685.48,2,HCAP,81.0,Baldassari Leonard,24.54,-0.59
2685.48,2,LHC,,,24.2,-0.59
2685.58,2,LHC,,,19.27,8.89
2685.58,2,HCAP,97.0,Moyon Edouard,14.49,8.47
2685.58,2,LHC,,,6.89,11.98
2685.58,2,HCAP,,,5.3,15.28
2685.58,2,HCAP,,,11.52,8.46
2685.58,2,LHC,,,3.83,20.09
2685.58,2,HCAP,,,6.29,14.81
2685.58,2,HCAP,,,15.48,4.28
2685.58,2,HCAP,81.0,Baldassari Leonard,24.51,-0.6
2685.68,2,LHC,,,19.64,8.24
2685.68,2,HCAP,97.0,Moyon Edouard,14.77,8.39
2685.68,2,LHC,,,4.01,20.18
2685.68,2,LHC,,,5.49,13.71
2685.68,2,HCAP,,,11.5,8.48
2685.68,2,HCAP,,,15.63,4.21
2685.68,2,HCAP,81.0,Baldassari Leonard,24.51,-0.6
2685.68,2,HCAP,,,9.9,9.99
2685.68,2,HCAP,,,10.47,8.78
2685.78,2,LHC,,,19.77,7.92
2685.78,2,LHC,,,2.43,22.61
2685.78,2,LHC,,,5.75,13.56
2685.78,2,HCAP,97.0,Moyon Edouard,15.01,8.39
2685.78,2,HCAP,,,15.79,4.11
2685.78,2,HCAP,,,11.08,8.89
2685.78,2,HCAP,,,4.37,16.96
2685.78,2,HCAP,,,9.81,9.47
2685.78,2,HCAP,81.0,Baldassari Leonard,24.5,-0.6
2685.88,2,LHC,,,19.77,7.72
2685.88,2,HCAP,97.0,Moyon Edouard,15.05,8.73
2685.88,2,LHC,,,6.5,12.71
2685.88,2,HCAP,,,11.11,8.73
2685.88,2,LHC,,,-0.11,26.5
2685.88,2,HCAP,,,15.95,4.06
2685.88,2,HCAP,,,7.56,12.59
2685.88,2,HCAP,,,10.12,9.0
2685.88,2,HCAP,81.0,Baldassari Leonard,24.51,-0.6
2685.98,2,LHC,,,19.68,7.54
2685.98,2,HCAP,97.0,Moyon Edouard,15.1,8.93
2685.98,2,HCAP,,,10.91,8.9
2685.98,2,LHC,,,3.13,22.48
2685.98,2,LHC,,,6.94,12.27
2685.98,2,HCAP,,,16.05,4.03
2685.98,2,HCAP,,,7.89,11.84
2685.98,2,HCAP,81.0,Baldassari Leonard,24.51,-0.6
2685.98,2,LHC,,,24.21,-0.59
2686.08,2,LHC,,,19.8,7.19
2686.08,2,HCAP,97.0,Moyon Edouard,15.11,9.04
2686.08,2,HCAP,,,10.69,9.03
2686.08,2,HCAP,,,16.15,4.05
2686.08,2,LHC,,,2.57,23.44
2686.08,2,LHC,,,7.66,11.49
2686.08,2,HCAP,81.0,Baldassari Leonard,24.51,-0.6
2686.08,2,LHC,,,24.21,-0.57
2686.18,2,LHC,,,19.9,6.64
2686.18,2,HCAP,97.0,Moyon Edouard,15.14,9.08
2686.18,2,LHC,,,2.01,25.15
2686.18,2,HCAP,,,16.33,3.95
2686.18,2,HCAP,,,3.55,17.07
2686.18,2,HCAP,,,2.88,15.15
2686.18,2,HCAP,,,10.39,9.27
2686.18,2,LHC,,,24.21,-0.56
2686.28,2,LHC,,,19.89,6.4
2686.28,2,LHC,,,1.09,27.08
2686.28,2,HCAP,97.0,Moyon Edouard,15.04,9.26
2686.28,2,HCAP,,,-1.08,19.54
2686.28,2,HCAP,,,5.97,14.12
2686.28,2,HCAP,,,16.36,4.04
2686.38,2,LHC,,,19.8,6.45
2686.38,2,LHC,,,-0.1,29.2
2686.38,2,HCAP,97.0,Moyon Edouard,15.04,9.26
2686.38,2,HCAP,,,16.5,3.99
2686.38,2,LHC,,,24.2,-0.54
2686.48,2,LHC,,,19.75,6.24
2686.48,2,HCAP,97.0,Moyon Edouard,15.14,9.09
2686.48,2,HCAP,,,16.61,3.94
2686.48,2,HCAP,,,7.36,12.84
2686.48,2,HCAP,81.0,Baldassari Leonard,24.55,-0.59
2686.48,2,LHC,,,24.2,-0.55
2686.58,2,HCAP,97.0,Moyon Edouard,15.21,9.11
2686.58,2,LHC,,,19.66,5.61
2686.58,2,HCAP,,,16.98,3.3
2686.58,2,LHC,,,10.59,9.74
2686.58,2,HCAP,,,7.73,13.18
2686.58,2,LHC,,,8.21,12.28
2686.68,2,LHC,,,19.63,5.26
2686.68,2,HCAP,97.0,Moyon Edouard,15.26,9.04
2686.68,2,LHC,,,10.76,9.77
2686.68,2,HCAP,,,7.8,13.18
2686.68,2,HCAP,,,17.04,3.28
2686.78,2,LHC,,,19.49,5.26
2686.78,2,LHC,,,11.02,9.63
2686.78,2,HCAP,97.0,Moyon Edouard,15.04,9.34
2686.78,2,HCAP,,,8.04,13.01
2686.78,2,HCAP,,,17.31,3.14
2686.88,2,LHC,,,11.42,9.31
2686.88,2,LHC,,,19.42,5.13
2686.88,2,HCAP,,,8.29,12.79
2686.88,2,HCAP,97.0,Moyon Edouard,15.39,8.47
2686.88,2,HCAP,,,17.41,3.05
2686.98,2,LHC,,,19.35,5.0
2686.98,2,LHC,,,11.78,9.1
2686.98,2,HCAP,,,17.48,3.07
2686.98,2,HCAP,,,8.82,12.17
2686.98,2,HCAP,97.0,Moyon Edouard,15.34,8.39
2687.08,2,LHC,,,11.67,9.58
2687.08,2,LHC,,,19.47,4.45
2687.08,2,HCAP,97.0,Moyon Edouard,15.41,8.24
2687.08,2,HCAP,,,17.52,3.08
2687.08,2,HCAP,,,9.02,12.06
2687.18,2,HCAP,,,-0.74,23.29
2687.18,2,LHC,,,19.35,4.47
2687.18,2,LHC,,,11.82,9.63
2687.18,2,HCAP,,,8.94,12.38
2687.18,2,HCAP,97.0,Moyon Edouard,15.54,7.82
2687.18,2,HCAP,,,17.7,2.92
2687.28,2,HCAP,,,0.48,21.78
2687.28,2,LHC,,,12.03,9.65
2687.28,2,LHC,,,19.3,4.23
2687.28,2,HCAP,,,9.39,11.86
2687.28,2,HCAP,97.0,Moyon Edouard,15.43,7.77
2687.28,2,HCAP,,,17.78,2.88
2687.38,2,LHC,,,12.11,9.82
2687.38,2,HCAP,,,1.07,21.05
2687.38,2,LHC,,,19.03,4.39
2687.38,2,HCAP,,,9.64,11.64
2687.38,2,HCAP,97.0,Moyon Edouard,15.63,7.36
2687.38,2,HCAP,,,17.88,2.81
2687.48,2,LHC,,,12.12,10.06
2687.48,2,HCAP,,,2.0,19.91
2687.48,2,LHC,,,18.87,4.36
2687.48,2,HCAP,,,9.96,11.26
2687.48,2,HCAP,97.0,Moyon Edouard,15.63,7.27
2687.48,2,HCAP,,,17.86,2.91
2687.58,2,LHC,,,12.2,10.03
2687.58,2,HCAP,,,2.26,18.34
2687.58,2,LHC,,,18.41,5.08
2687.58,2,HCAP,,,9.97,11.12
2687.58,2,HCAP,97.0,Moyon Edouard,15.85,6.96
2687.68,2,LHC,,,12.01,10.5
2687.68,2,HCAP,,,10.3,10.86
2687.68,2,HCAP,,,3.22,17.28
2687.68,2,LHC,,,18.12,5.36
2687.68,2,HCAP,97.0,Moyon Edouard,15.95,6.71
2687.78,2,LHC,,,11.96,10.76
2687.78,2,LHC,,,17.93,5.47
2687.78,2,HCAP,,,10.5,10.74
2687.78,2,HCAP,97.0,Moyon Edouard,16.0,6.56
2687.78,2,HCAP,,,4.96,15.31
2687.88,2,LHC,,,11.81,11.19
2687.88,2,HCAP,,,10.62,10.8
2687.88,2,LHC,,,17.75,5.63
2687.88,2,HCAP,,,4.76,15.57
2687.88,2,HCAP,,,17.84,3.59
2687.98,2,HCAP,,,10.66,10.83
2687.98,2,LHC,,,11.94,11.17
2687.98,2,LHC,,,17.52,5.9
2687.98,2,HCAP,,,4.56,15.84
2687.98,2,HCAP,97.0,Moyon Edouard,15.8,6.79
2687.98,2,HCAP,,,17.87,3.62
2688.08,2,LHC,,,11.76,11.63
2688.08,2,HCAP,,,11.04,10.43
2688.08,2,LHC,,,17.43,6.05
2688.08,2,HCAP,97.0,Moyon Edouard,15.77,6.83
2688.08,2,HCAP,,,5.49,14.83
2688.08,2,HCAP,,,18.01,3.44
2688.18,2,HCAP,,,11.17,10.4
2688.18,2,LHC,,,11.8,11.65
2688.18,2,LHC,,,17.3,6.42
2688.18,2,HCAP,,,6.01,14.26
2688.18,2,HCAP,97.0,Moyon Edouard,15.85,6.83
2688.18,2,HCAP,,,18.07,3.45
2688.28,2,HCAP,,,11.29,10.39
2688.28,2,LHC,,,17.27,6.53
2688.28,2,HCAP,,,6.0,14.36
2688.28,2,LHC,,,11.96,11.59
2688.28,2,HCAP,,,18.15,3.43
2688.28,2,HCAP,97.0,Moyon Edouard,15.74,7.09
2688.38,2,LHC,,,12.02,11.67
2688.38,2,HCAP,,,11.42,10.37
2688.38,2,LHC,,,17.22,6.78
2688.38,2,HCAP,,,6.28,14.08
2688.38,2,HCAP,,,18.21,3.47
2688.38,2,HCAP,97.0,Moyon Edouard,15.91,7.05
2688.38,2,LHC,,,23.86,-0.19
2688.48,2,LHC,,,12.01,11.78
2688.48,2,HCAP,,,11.6,10.28
2688.48,2,LHC,,,17.14,7.17
2688.48,2,HCAP,,,6.81,13.55
2688.48,2,HCAP,97.0,Moyon Edouard,15.69,7.44
2688.48,2,HCAP,,,18.29,3.54
2688.58,2,LHC,,,12.22,11.7
2688.58,2,LHC,,,17.13,7.42
2688.58,2,HCAP,,,11.75,10.28
2688.58,2,HCAP,,,7.53,12.88
2688.58,2,HCAP,97.0,Moyon Edouard,15.69,7.62
2688.58,2,HCAP,,,18.42,3.51
2688.68,2,LHC,,,17.12,7.82
2688.68,2,LHC,,,12.09,12.12
2688.68,2,HCAP,,,11.76,10.39
2688.68,2,HCAP,,,7.94,12.54
2688.68,2,HCAP,97.0,Moyon Edouard,16.17,7.33
2688.68,2,HCAP,,,18.53,3.52
2688.78,2,LHC,,,12.3,12.12
2688.78,2,HCAP,,,11.42,10.98
2688.78,2,LHC,,,17.37,7.91
2688.78,2,HCAP,,,8.18,12.39
2688.78,2,HCAP,97.0,Moyon Edouard,16.24,7.49
2688.78,2,HCAP,,,18.8,3.23
2688.88,2,LHC,,,12.13,12.68
2688.88,2,HCAP,,,11.25,11.34
2688.88,2,LHC,,,17.65,7.95
2688.88,2,HCAP,,,8.46,12.27
2688.88,2,HCAP,,,18.94,3.23
2688.88,2,HCAP,97.0,Moyon Edouard,16.26,7.58
2688.98,2,HCAP,,,10.79,12.2
2688.98,2,LHC,,,12.12,13.05
2688.98,2,LHC,,,17.86,8.07
2688.98,2,HCAP,,,19.06,3.24
2688.98,2,HCAP,,,9.06,11.77
2688.98,2,HCAP,97.0,Moyon Edouard,16.16,8.1
2689.08,2,LHC,,,21.38,7.92
2689.08,2,HCAP,,,13.97,13.17
2689.08,2,LHC,,,15.54,13.72
2689.08,2,HCAP,,,22.48,1.55
2689.08,2,HCAP,,,13.01,11.58
2689.08,2,HCAP,97.0,Moyon Edouard,19.4,8.24
2689.18,2,HCAP,,,13.84,13.71
2689.18,2,LHC,,,22.0,7.4
2689.18,2,LHC,,,14.94,15.47
2689.18,2,HCAP,,,13.26,11.59
2689.18,2,HCAP,,,-0.55,27.05
2689.18,2,HCAP,,,22.22,2.56
2689.28,2,LHC,,,14.95,16.0
2689.28,2,HCAP,,,13.78,14.07
2689.28,2,LHC,,,22.6,7.15
2689.28,2,HCAP,,,13.63,11.33
2689.28,2,HCAP,97.0,Moyon Edouard,19.62,8.85
2689.28,2,HCAP,,,22.87,1.26
2689.38,2,HCAP,,,13.38,14.65
2689.38,2,LHC,,,22.44,7.66
2689.38,2,LHC,,,14.42,16.78
2689.38,2,HCAP,,,13.4,11.6
2689.38,2,HCAP,97.0,Moyon Edouard,19.85,8.67
2689.38,2,HCAP,,,22.66,1.6
2689.48,2,LHC,,,13.24,18.9
2689.48,2,LHC,,,22.37,7.93
2689.48,2,HCAP,,,13.23,11.75
2689.48,2,LHC,,,14.68,10.15
2689.48,2,HCAP,,,13.18,14.94
2689.48,2,HCAP,,,-1.06,28.65
2689.48,2,HCAP,97.0,Moyon Edouard,19.76,8.8
2689.58,2,LHC,,,13.4,18.64
2689.58,2,HCAP,,,13.0,15.07
2689.58,2,LHC,,,22.31,7.9
2689.58,2,LHC,,,14.24,10.67
2689.58,2,HCAP,,,13.24,11.6
2689.58,2,HCAP,,,-0.95,28.37
2689.58,2,HCAP,97.0,Moyon Edouard,19.86,8.63
2689.68,2,LHC,,,12.6,20.58
2689.68,2,HCAP,,,12.75,15.39
2689.68,2,LHC,,,22.17,8.18
2689.68,2,HCAP,97.0,Moyon Edouard,18.96,10.5
2689.68,2,HCAP,,,14.25,10.28
2689.78,2,LHC,,,21.84,8.64
2689.78,2,HCAP,,,12.59,15.26
2689.78,2,LHC,,,11.33,22.82
2689.78,2,HCAP,,,14.23,9.93
2689.78,2,HCAP,97.0,Moyon Edouard,18.61,10.94
2689.88,2,LHC,,,10.36,23.98
2689.88,2,LHC,,,21.25,9.19
2689.88,2,LHC,,,12.02,15.51
2689.88,2,HCAP,97.0,Moyon Edouard,18.14,11.47
2689.98,2,HCAP,97.0,Moyon Edouard,17.77,11.85
2689.98,2,LHC,,,8.9,26.86
2689.98,2,LHC,,,20.55,10.83
2689.98,2,LHC,,,12.27,15.11
2690.08,2,LHC,,,7.59,28.1
2690.08,2,HCAP,,,11.22,16.15
2690.08,2,HCAP,97.0,Moyon Edouard,17.68,11.27
2690.08,2,LHC,,,19.78,11.47
2690.18,2,LHC,,,7.89,27.35
2690.18,2,HCAP,,,10.55,16.75
2690.18,2,LHC,,,19.11,12.45
2690.18,2,HCAP,97.0,Moyon Edouard,17.44,11.66
2690.18,2,HCAP,,,8.13,16.88
2690.28,2,LHC,,,7.26,29.03
2690.28,2,LHC,,,18.67,13.13
2690.28,2,HCAP,,,10.41,16.84
2690.28,2,HCAP,97.0,Moyon Edouard,17.34,11.67
2690.28,2,HCAP,,,11.45,11.9
2690.38,2,LHC,,,18.57,12.53
2690.38,2,HCAP,,,9.5,17.82
2690.38,2,LHC,,,5.63,31.3
2690.38,2,HCAP,97.0,Moyon Edouard,15.98,13.54
2690.48,2,HCAP,,,8.58,18.58
2690.48,2,LHC,,,18.38,12.6
2690.48,2,HCAP,97.0,Moyon Edouard,15.42,14.46
2690.58,2,LHC,,,29.57,12.01
2690.58,2,HCAP,,,20.01,12.89
2690.58,2,HCAP,97.0,Moyon Edouard,26.47,12.79
2690.58,2,HCAP,,,32.58,0.45
2690.68,2,LHC,,,28.67,13.68
2690.68,2,HCAP,,,19.63,13.87
2690.68,2,HCAP,97.0,Moyon Edouard,25.69,14.14
2690.78,2,HCAP,,,18.53,15.57
2690.78,2,LHC,,,27.62,13.84
2690.78,2,HCAP,,,24.65,14.57
2690.88,2,HCAP,,,17.56,16.84
2690.88,2,LHC,,,26.95,15.86
2690.88,2,HCAP,,,7.57,26.17
2690.88,2,HCAP,,,24.0,3.28
2690.88,2,HCAP,,,24.79,13.89
2690.98,2,LHC,,,26.84,16.82
2690.98,2,HCAP,,,17.35,16.91
2690.98,2,HCAP,,,7.83,24.83
2690.98,2,HCAP,,,24.82,13.6
2691.08,2,LHC,,,26.61,16.03
2691.08,2,HCAP,,,16.94,17.58
2691.08,2,HCAP,,,6.45,26.65
2691.08,2,LHC,,,24.1,15.81
2691.18,2,HCAP,,,16.16,18.09
2691.18,2,LHC,,,26.46,14.37
2691.18,2,HCAP,,,3.7,29.58
2691.18,2,LHC,,,23.62,16.22
2691.28,2,LHC,,,25.64,15.42
2691.28,2,HCAP,,,11.05,15.51
2691.38,2,HCAP,97.0,Moyon Edouard,24.56,14.56
2691.48,2,HCAP,97.0,Moyon Edouard,23.19,14.87
2691.48,2,LHC,,,4.28,19.81
2691.58,2,HCAP,97.0,Moyon Edouard,40.32,19.63
2691.68,2,HCAP,97.0,Moyon Edouard,40.32,20.11
2691.78,2,HCAP,,,26.41,17.79
2691.78,2,HCAP,97.0,Moyon Edouard,40.33,20.86
2691.88,2,HCAP,97.0,Moyon Edouard,40.26,21.17
2691.88,2,HCAP,,,26.07,16.86
2691.98,2,HCAP,97.0,Moyon Edouard,39.32,18.66
2691.98,2,HCAP,,,25.63,18.5
2692.08,2,HCAP,,,25.4,18.47
2692.08,2,HCAP,97.0,Moyon Edouard,39.05,18.68
2692.18,2,HCAP,97.0,Moyon Edouard,38.5,17.3
2692.18,2,HCAP,,,24.9,18.43
2692.28,2,HCAP,,,24.61,17.11
2692.28,2,HCAP,97.0,Moyon Edouard,38.15,16.15
2692.38,2,HCAP,,,24.62,15.36
2692.38,2,HCAP,97.0,Moyon Edouard,37.41,14.01
2692.38,2,HCAP,,,26.24,4.58
2692.48,2,HCAP,97.0,Moyon Edouard,37.09,13.32
2692.48,2,HCAP,,,24.65,14.94
2692.48,2,HCAP,,,25.97,4.6
2692.48,2,HCAP,,,58.21,11.53
2692.58,2,LHC,,,36.4,31.79
2692.58,2,HCAP,97.0,Moyon Edouard,36.44,11.86
2692.58,2,HCAP,,,24.19,14.57
2692.58,2,HCAP,,,25.42,4.94
2692.68,2,LHC,,,35.35,28.75
2692.68,2,HCAP,97.0,Moyon Edouard,35.81,11.37
2692.68,2,HCAP,,,23.4,14.83
2692.78,2,HCAP,,,22.95,14.38
2692.78,2,HCAP,97.0,Moyon Edouard,35.3,10.76
2692.78,2,LHC,,,34.77,26.89
2692.88,2,HCAP,97.0,Moyon Edouard,35.29,10.75
2692.88,2,HCAP,,,23.06,13.8
2692.88,2,LHC,,,34.87,26.37
2692.98,2,HCAP,,,23.18,13.59
2692.98,2,HCAP,97.0,Moyon Edouard,35.19,9.99
2692.98,2,LHC,,,35.1,23.41
2692.98,2,HCAP,,,24.12,4.36
2693.08,2,HCAP,,,23.28,13.4
2693.08,2,HCAP,97.0,Moyon Edouard,35.15,9.47
2693.08,2,LHC,,,35.12,22.83
2693.08,2,HCAP,,,23.92,4.42
2693.18,2,LHC,,,56.76,23.97
2693.18,2,HCAP,,,23.32,13.19
2693.18,2,LHC,,,34.87,19.5
2693.18,2,HCAP,97.0,Moyon Edouard,35.01,9.42
2693.18,2,HCAP,,,23.85,4.12
2693.28,2,LHC,,,34.59,17.34
2693.28,2,HCAP,,,23.45,13.07
2693.28,2,HCAP,97.0,Moyon Edouard,35.05,9.2
2693.28,2,HCAP,,,23.72,3.98
2693.28,2,LHC,,,52.6,18.68
2693.38,2,HCAP,,,23.44,12.12
2693.38,2,LHC,,,34.4,16.03
2693.38,2,HCAP,,,23.61,3.78
2693.38,2,HCAP,97.0,Moyon Edouard,34.97,8.85
2693.38,2,LHC,,,49.87,15.38
2693.48,2,HCAP,,,23.58,11.48
2693.48,2,HCAP,97.0,Moyon Edouard,34.82,7.91
2693.48,2,LHC,,,47.23,12.18
2693.48,2,HCAP,,,23.48,3.72
2693.48,2,LHC,,,34.37,15.6
2693.58,2,HCAP,,,23.8,10.84
2693.58,2,LHC,,,34.31,13.93
2693.58,2,HCAP,97.0,Moyon Edouard,34.89,8.0
2693.58,2,LHC,,,45.8,10.23
2693.58,2,HCAP,,,23.53,3.39
2693.68,2,HCAP,,,24.07,9.98
2693.68,2,LHC,,,44.59,9.22
2693.68,2,HCAP,97.0,Moyon Edouard,34.88,7.64
2693.68,2,LHC,,,34.44,12.45
2693.68,2,HCAP,,,23.56,3.12
2693.78,2,HCAP,,,24.3,9.06
2693.78,2,LHC,,,34.31,11.88
2693.78,2,HCAP,97.0,Moyon Edouard,34.82,6.73
2693.78,2,LHC,,,44.02,8.37
2693.78,2,HCAP,,,23.56,3.01
2693.88,2,LHC,,,34.31,10.94
2693.88,2,HCAP,97.0,Moyon Edouard,34.88,6.42
2693.88,2,HCAP,,,24.4,8.61
2693.88,2,LHC,,,42.0,6.7
2693.88,2,HCAP,,,23.59,2.77
2693.98,2,HCAP,97.0,Moyon Edouard,34.82,5.99
2693.98,2,LHC,,,34.31,9.81
2693.98,2,HCAP,,,24.69,8.06
2693.98,2,HCAP,,,23.72,2.41
2693.98,2,LHC,,,40.99,5.44
2694.08,2,LHC,,,40.79,4.93
2694.08,2,HCAP,97.0,Moyon Edouard,34.86,9.24
2694.08,2,LHC,,,33.68,4.68
2694.18,2,LHC,,,40.41,4.41
2694.18,2,HCAP,97.0,Moyon Edouard,35.13,8.33
2694.18,2,LHC,,,33.98,4.48
2694.18,2,HCAP,,,26.31,-0.19
2694.28,2,LHC,,,39.92,3.66
2694.28,2,HCAP,97.0,Moyon Edouard,34.19,3.99
2694.28,2,HCAP,,,26.24,-0.22
2694.38,2,LHC,,,39.55,3.25
2694.38,2,HCAP,97.0,Moyon Edouard,34.42,3.87
2694.38,2,HCAP,,,26.21,-0.32
2694.48,2,LHC,,,35.9,6.41
2694.48,2,HCAP,97.0,Moyon Edouard,34.72,4.18
2694.48,2,LHC,,,38.98,2.64
2694.48,2,HCAP,,,25.64,1.07
2710.58,2,LHC,,,44.04,7.22
2710.58,2,HCAP,,,37.15,4.35
2710.58,2,HCAP,,,29.62,1.85
2710.58,2,LHC,,,49.2,15.79
2710.58,2,LHC,,,53.03,10.49
2710.58,2,HCAP,,,42.33,1.71
2710.58,2,HCAP,,,48.53,7.86
2710.58,2,LHC,,,52.21,11.37
2710.68,2,LHC,,,44.02,6.96
2710.68,2,LHC,,,48.45,14.89
2710.68,2,HCAP,,,29.56,1.93
2710.68,2,LHC,,,52.52,10.16
2710.68,2,HCAP,,,36.98,4.11
2710.68,2,HCAP,,,42.43,1.84
2710.68,2,HCAP,,,48.01,7.26
2710.68,2,LHC,,,52.39,11.82
2710.78,2,LHC,,,44.01,6.82
2710.78,2,LHC,,,61.54,18.06
2710.78,2,LHC,,,47.88,14.18
2710.78,2,HCAP,,,42.44,1.71
2710.78,2,LHC,,,51.95,9.75
2710.78,2,HCAP,,,36.93,3.98
2710.78,2,HCAP,,,47.53,7.19
2710.78,2,LHC,,,51.88,11.24
2710.78,2,HCAP,,,29.45,1.84
2710.88,2,LHC,,,60.44,17.02
2710.88,2,LHC,,,47.01,12.7
2710.88,2,HCAP,,,47.03,6.52
2710.88,2,LHC,,,43.73,6.11
2710.88,2,HCAP,,,42.41,1.68
2710.88,2,LHC,,,47.99,6.88
2710.88,2,HCAP,,,29.38,1.77
2710.88,2,LHC,,,51.35,9.27
2710.88,2,LHC,,,51.5,10.87
2710.88,2,HCAP,,,37.06,3.9
2710.98,2,LHC,,,59.79,16.49
2710.98,2,HCAP,,,46.96,6.55
2710.98,2,HCAP,,,42.47,1.66
2710.98,2,LHC,,,42.0,2.01
2710.98,2,LHC,,,46.46,11.95
2710.98,2,LHC,,,47.98,6.83
2710.98,2,HCAP,,,29.42,1.71
2710.98,2,HCAP,,,36.93,3.73
2710.98,2,LHC,,,51.01,9.07
2710.98,2,LHC,,,50.43,9.27
2711.08,2,LHC,,,59.26,15.68
2711.08,2,HCAP,,,47.19,6.37
2711.08,2,HCAP,,,37.17,3.48
2711.08,2,LHC,,,51.01,8.87
2711.08,2,LHC,,,48.48,6.98
2711.08,2,LHC,,,46.7,11.8
2711.18,2,HCAP,,,47.4,6.35
2711.18,2,LHC,,,59.18,15.5
2711.18,2,LHC,,,43.19,1.69
2711.18,2,HCAP,,,37.41,3.48
2711.18,2,LHC,,,51.13,8.66
2711.18,2,HCAP,,,43.38,3.37
2711.18,2,LHC,,,49.03,7.3
2711.28,2,HCAP,,,37.71,3.3
2711.28,2,LHC,,,59.31,15.51
2711.28,2,HCAP,,,47.67,6.4
2711.28,2,LHC,,,49.36,7.22
2711.28,2,LHC,,,52.39,11.26
2711.38,2,HCAP,,,47.77,6.26
2711.38,2,HCAP,,,38.1,3.39
2711.38,2,LHC,,,59.51,15.71
2711.38,2,HCAP,,,51.16,7.2
2711.48,2,LHC,,,59.2,15.44
2711.48,2,HCAP,,,38.43,3.37
2711.48,2,HCAP,,,47.67,5.98
2711.48,2,HCAP,,,51.79,7.42
2711.58,2,LHC,,,58.5,15.16
2711.58,2,HCAP,,,38.2,3.07
2711.58,2,LHC,,,52.62,10.64
2711.58,2,HCAP,,,47.28,5.76
2711.58,2,HCAP,,,51.66,7.36
2711.68,2,LHC,,,57.84,14.99
2711.68,2,LHC,,,52.31,10.59
2711.68,2,LHC,,,43.84,1.52
2711.68,2,LHC,,,51.05,9.75
2711.68,2,HCAP,,,52.69,9.18
2711.78,2,HCAP,,,57.09,14.77
2711.78,2,LHC,,,43.52,1.2
2711.78,2,LHC,,,52.04,10.73
2711.78,2,LHC,,,52.07,10.05
2711.78,2,LHC,,,49.4,7.64
2711.88,2,LHC,,,43.39,1.19
2711.88,2,HCAP,,,56.73,14.93
2711.88,2,LHC,,,51.16,9.98
2711.88,2,LHC,,,50.82,8.1
2711.88,2,HCAP,,,45.72,6.96
2711.88,2,LHC,,,50.54,9.99
2711.98,2,LHC,,,50.25,9.18
2711.98,2,LHC,,,43.22,1.06
2711.98,2,LHC,,,50.75,7.98
2711.98,2,HCAP,,,61.17,29.29
2712.08,2,LHC,,,49.7,8.81
2712.08,2,LHC,,,42.95,0.9
2712.08,2,HCAP,,,58.23,25.94
2712.18,2,LHC,,,49.44,8.84
2712.18,2,LHC,,,56.12,16.15
2712.18,2,HCAP,,,45.53,5.66
2712.18,2,LHC,,,42.83,0.96
2712.18,2,HCAP,,,56.72,24.49
2712.18,2,LHC,,,51.42,9.1
2712.28,2,LHC,,,56.88,17.22
2712.28,2,LHC,,,50.13,9.68
2712.28,2,HCAP,,,59.65,29.65
2712.28,2,HCAP,,,45.61,5.6
2712.38,2,LHC,,,56.72,16.74
2712.38,2,LHC,,,50.16,9.47
2712.38,2,HCAP,,,46.0,6.01
2712.38,2,LHC,,,43.91,3.89
2712.38,2,HCAP,,,57.54,26.08
2712.48,2,LHC,,,50.47,9.97
2712.48,2,HCAP,,,57.42,25.86
2712.48,2,HCAP,,,46.31,6.37
2712.48,2,LHC,,,56.83,17.25
2712.48,2,LHC,,,43.74,3.51
2712.58,2,LHC,,,57.11,17.63
2712.58,2,HCAP,,,57.91,26.81
2712.58,2,LHC,,,50.97,10.28
2712.58,2,HCAP,,,46.49,6.45
2712.58,2,HCAP,,,53.44,9.08
2712.58,2,LHC,,,44.26,4.49
2712.68,2,LHC,,,58.07,19.23
2712.68,2,LHC,,,54.15,9.34
2712.68,2,HCAP,,,46.89,6.95
2712.68,2,LHC,,,51.55,11.04
2712.68,2,LHC,,,50.27,10.87
2712.68,2,HCAP,,,57.92,26.94
2712.68,2,LHC,,,44.16,3.97
2712.78,2,LHC,,,58.38,19.99
2712.78,2,LHC,,,52.42,12.01
2712.78,2,LHC,,,55.09,9.88
2712.78,2,LHC,,,50.59,11.44
2712.78,2,HCAP,,,58.04,27.36
2712.78,2,HCAP,,,47.12,7.21
2712.88,2,LHC,,,59.27,21.69
2712.88,2,HCAP,,,47.12,7.36
2712.88,2,LHC,,,55.77,10.17
2712.88,2,LHC,,,52.82,12.57
2712.88,2,LHC,,,50.41,11.38
2712.88,2,HCAP,,,58.28,28.14
2712.88,2,LHC,,,43.86,3.69
2712.98,2,LHC,,,59.82,22.92
2712.98,2,LHC,,,56.57,10.58
2712.98,2,HCAP,,,59.19,29.95
2712.98,2,LHC,,,50.5,11.85
2712.98,2,LHC,,,43.95,3.65
2712.98,2,HCAP,,,46.78,7.08
2713.08,2,LHC,,,60.03,23.3
2713.08,2,LHC,,,50.38,11.73
2713.08,2,HCAP,,,45.67,2.53
2713.08,2,HCAP,,,59.08,29.75
2713.08,2,HCAP,,,46.61,6.85
2713.18,2,LHC,,,59.63,23.08
2713.18,2,LHC,,,50.59,12.09
2713.18,2,HCAP,,,46.37,3.2
2713.18,2,HCAP,,,46.89,7.02
2713.18,2,HCAP,,,59.18,29.96
2713.28,2,LHC,,,58.07,22.29
2713.28,2,HCAP,,,46.25,3.22
2713.28,2,LHC,,,49.73,11.54
2713.28,2,HCAP,,,57.7,29.13
2713.28,2,LHC,,,53.16,13.03
2713.38,2,LHC,,,52.7,12.98
2713.38,2,HCAP,,,58.86,11.72
2713.38,2,HCAP,,,46.25,3.47
2713.38,2,HCAP,,,57.24,29.98
2713.38,2,HCAP,,,49.16,11.35
2713.48,2,LHC,,,55.82,21.71
2713.48,2,LHC,,,51.95,12.39
2713.48,2,HCAP,,,56.14,29.51
2713.48,2,HCAP,,,46.05,3.39
2713.48,2,HCAP,,,58.8,11.59
2713.58,2,LHC,,,52.36,20.45
2713.58,2,LHC,,,49.19,10.92
2713.58,2,HCAP,,,51.71,26.31
2713.58,2,HCAP,,,44.46,3.03
2713.58,2,LHC,,,43.26,5.53
2713.58,2,HCAP,,,56.23,10.33
2713.68,2,LHC,,,51.98,21.35
2713.68,2,LHC,,,48.58,10.1
2713.68,2,LHC,,,47.72,5.5
2713.68,2,HCAP,,,50.29,24.7
2713.68,2,LHC,,,42.81,5.31
2713.68,2,HCAP,,,56.37,10.48
2713.68,2,HCAP,,,44.15,2.77
2713.78,2,LHC,,,52.01,23.04
2713.78,2,LHC,,,48.04,9.34
2713.78,2,LHC,,,42.35,5.05
2713.78,2,HCAP,,,50.07,25.97
2713.78,2,LHC,,,47.4,5.47
2713.78,2,HCAP,,,44.15,3.06
2713.78,2,HCAP,,,56.42,10.58
2713.88,2,LHC,,,52.02,24.58
2713.88,2,LHC,,,47.83,8.93
2713.88,2,HCAP,,,48.59,23.86
2713.88,2,LHC,,,46.97,5.22
2713.88,2,HCAP,,,43.91,2.9
2713.88,2,LHC,,,41.97,4.87
2713.88,2,HCAP,,,56.36,10.43
2713.98,2,LHC,,,52.25,26.64
2713.98,2,LHC,,,47.85,8.66
2713.98,2,LHC,,,46.49,4.89
2713.98,2,HCAP,,,47.65,23.18
2713.98,2,HCAP,,,56.18,10.18
2713.98,2,LHC,,,41.55,4.44
2713.98,2,HCAP,,,43.85,3.22
2714.08,2,LHC,,,53.23,28.64
2714.08,2,HCAP,,,47.53,22.57
2714.08,2,HCAP,,,44.2,3.26
2714.08,2,LHC,,,48.51,8.59
2714.08,2,LHC,,,41.76,4.45
2714.18,2,LHC,,,54.46,31.51
2714.18,2,HCAP,,,47.59,22.09
2714.18,2,LHC,,,49.25,9.01
2714.18,2,HCAP,,,44.64,3.88
2714.18,2,LHC,,,46.82,5.13
2714.28,2,LHC,,,50.36,10.08
2714.28,2,HCAP,,,45.32,4.95
2714.28,2,LHC,,,47.34,5.94
2714.38,2,LHC,,,51.26,10.82
2714.38,2,LHC,,,47.5,6.5
2714.38,2,HCAP,,,45.76,5.81
2714.48,2,LHC,,,47.99,7.07
2714.48,2,LHC,,,52.27,11.51
2714.48,2,LHC,,,46.27,6.54
2714.58,2,LHC,,,39.74,1.06
2714.58,2,LHC,,,41.31,1.09
2714.68,2,HCAP,,,39.43,17.84
2714.68,2,LHC,,,41.56,0.96
2714.68,2,LHC,,,39.96,1.11
2714.78,2,LHC,,,41.84,0.84
2714.78,2,HCAP,,,39.51,17.61
2714.78,2,HCAP,,,39.77,2.4
2714.78,2,LHC,,,34.96,0.7
2714.88,2,LHC,,,42.21,0.76
2714.88,2,LHC,,,40.44,2.45
2715.08,2,HCAP,,,40.58,19.23
2715.08,2,LHC,,,43.21,0.76
2715.08,2,LHC,,,41.92,2.57
2715.18,2,HCAP,,,40.08,19.74
2715.18,2,LHC,,,42.23,2.51
2715.18,2,LHC,,,43.23,0.54
2715.28,2,HCAP,,,40.2,21.72
2715.28,2,LHC,,,43.38,0.46
2715.28,2,LHC,,,41.17,0.71
2715.28,2,HCAP,,,47.97,1.2
2715.38,2,HCAP,,,48.62,1.54
2715.38,2,LHC,,,43.53,0.26
2715.38,2,HCAP,,,40.24,23.46
2715.38,2,LHC,,,41.5,0.78
2715.48,2,LHC,,,43.83,0.23
2715.48,2,HCAP,,,48.46,1.68
2715.48,2,HCAP,,,40.33,25.01
2715.58,2,LHC,,,44.09,0.59
2715.58,2,HCAP,,,40.19,27.49
2715.58,2,HCAP,,,48.65,2.2
2715.58,2,LHC,,,43.68,3.05
2715.68,2,LHC,,,44.17,0.35
2715.68,2,HCAP,,,49.33,2.64
2715.68,2,HCAP,,,40.29,28.67
2715.68,2,LHC,,,44.11,3.57
2715.78,2,LHC,,,50.55,3.1
2715.78,2,LHC,,,44.28,0.34
2715.78,2,HCAP,,,40.84,31.73
2715.78,2,LHC,,,44.06,3.26
2715.78,2,HCAP,,,49.81,2.99
2715.78,2,LHC,,,37.61,2.3
2715.88,2,LHC,,,44.23,0.24
2715.88,2,LHC,,,50.87,3.23
2715.88,2,LHC,,,37.67,2.47
2715.88,2,LHC,,,39.89,0.95
2715.88,2,HCAP,,,50.36,3.26
2715.88,2,LHC,,,44.78,3.81
2715.98,2,LHC,,,51.45,3.78
2715.98,2,LHC,,,44.16,0.17
2715.98,2,LHC,,,39.78,0.93
2715.98,2,LHC,,,37.71,2.58
2715.98,2,HCAP,,,34.89,0.82
2715.98,2,LHC,,,45.3,4.33
2715.98,2,HCAP,,,50.83,3.64
2716.08,2,LHC,,,28.77,29.86
2716.08,2,LHC,,,45.54,4.42
2716.08,2,LHC,,,51.86,4.12
2716.08,2,LHC,,,37.76,2.72
2716.08,2,LHC,,,44.07,0.14
2716.08,2,LHC,,,39.71,1.0
2716.08,2,HCAP,,,51.34,4.15
2716.08,2,HCAP,,,34.92,0.76
2716.18,2,LHC,,,28.04,27.1
2716.18,2,LHC,,,37.78,2.96
2716.18,2,LHC,,,52.39,4.56
2716.18,2,LHC,,,45.64,4.65
2716.18,2,LHC,,,39.51,0.79
2716.18,2,HCAP,,,34.94,0.67
2716.18,2,HCAP,,,51.84,4.61
2716.28,2,LHC,,,27.44,24.86
2716.28,2,LHC,,,45.67,4.91
2716.28,2,LHC,,,52.75,4.89
2716.28,2,HCAP,,,34.95,0.59
2716.28,2,HCAP,,,52.11,4.89
2716.28,2,LHC,,,37.65,3.08
2716.28,2,LHC,,,39.44,0.88
2716.38,2,LHC,,,26.88,22.99
2716.38,2,LHC,,,45.72,5.02
2716.38,2,LHC,,,61.23,11.08
2716.38,2,LHC,,,37.58,3.44
2716.38,2,LHC,,,53.27,5.46
2716.38,2,HCAP,,,35.0,0.66
2716.38,2,HCAP,,,52.38,5.34
2716.48,2,LHC,,,26.43,21.17
2716.48,2,LHC,,,53.66,5.96
2716.48,2,LHC,,,61.31,11.16
2716.48,2,LHC,,,45.59,5.07
2716.48,2,HCAP,,,52.6,5.8
2716.48,2,LHC,,,37.44,3.49
2716.48,2,HCAP,,,35.01,0.64
2716.48,2,LHC,,,45.52,3.04
2716.58,2,LHC,,,25.87,21.25
2716.58,2,LHC,,,61.37,10.61
2716.58,2,LHC,,,54.08,6.07
2716.58,2,LHC,,,45.48,4.85
2716.58,2,LHC,,,37.42,3.81
2716.58,2,LHC,,,46.11,3.11
2716.58,2,HCAP,,,52.7,5.7
2716.58,2,HCAP,,,35.12,0.73
2716.68,2,LHC,,,25.44,20.13
2716.68,2,LHC,,,53.74,6.02
2716.68,2,LHC,,,37.27,4.0
2716.68,2,HCAP,,,52.5,5.92
2716.68,2,LHC,,,61.35,10.6
2716.68,2,LHC,,,45.61,5.27
2716.68,2,HCAP,,,35.11,0.69
2716.68,2,LHC,,,46.46,3.62
2716.78,2,LHC,,,25.11,18.58
2716.78,2,LHC,,,53.95,6.46
2716.78,2,LHC,,,46.52,3.8
2716.78,2,LHC,,,61.21,10.49
2716.78,2,HCAP,,,52.33,6.14
2716.78,2,LHC,,,45.25,5.04
2716.78,2,HCAP,,,35.11,0.69
2716.78,2,LHC,,,36.98,3.83
2716.88,2,LHC,,,24.82,17.48
2716.88,2,LHC,,,53.79,6.65
2716.88,2,LHC,,,46.78,4.27
2716.88,2,LHC,,,45.2,5.58
2716.88,2,LHC,,,61.22,10.5
2716.88,2,HCAP,,,35.11,0.7
2716.98,2,LHC,,,24.63,16.22
2716.98,2,LHC,,,46.66,4.34
2716.98,2,LHC,,,61.32,10.65
2716.98,2,LHC,,,53.57,6.69
2716.98,2,LHC,,,44.87,5.45
2716.98,2,HCAP,,,35.1,0.69
2717.08,2,LHC,,,24.39,15.46
2717.08,2,LHC,,,46.75,5.02
2717.08,2,HCAP,,,53.32,6.89
2717.08,2,LHC,,,44.41,5.2
2717.08,2,LHC,,,61.19,10.51
2717.18,2,LHC,,,24.29,14.29
2717.18,2,HCAP,,,52.57,6.67
2717.18,2,LHC,,,44.1,5.31
2717.18,2,LHC,,,46.85,5.49
2717.18,2,HCAP,,,35.7,4.04
2717.18,2,LHC,,,61.28,10.63
2717.28,2,LHC,,,24.28,13.16
2717.28,2,LHC,,,47.16,5.94
2717.28,2,HCAP,,,52.57,7.01
2717.28,2,LHC,,,61.16,10.43
2717.28,2,LHC,,,43.57,5.01
2717.28,2,HCAP,,,35.17,0.84
2717.38,2,HCAP,,,25.02,11.86
2717.38,2,LHC,,,47.57,6.18
2717.38,2,HCAP,,,54.25,8.6
2717.38,2,LHC,,,43.69,4.89
2717.48,2,LHC,,,48.45,6.8
2717.48,2,LHC,,,55.97,9.91
2717.48,2,HCAP,,,35.65,4.01
2717.58,2,LHC,,,51.22,9.1
2717.58,2,LHC,,,39.82,3.92
2717.58,2,LHC,,,43.5,5.51
2717.68,2,LHC,,,53.11,10.8
2717.68,2,LHC,,,44.39,6.45
2717.68,2,LHC,,,31.78,3.42
2717.68,2,LHC,,,40.11,3.95
2717.78,2,LHC,,,54.6,12.33
2717.78,2,LHC,,,44.97,6.68
2717.78,2,HCAP,,,23.86,24.98
2717.78,2,LHC,,,31.95,3.45
2717.78,2,HCAP,,,46.63,4.87
2717.78,2,LHC,,,40.52,4.09
2717.88,2,HCAP,,,24.73,23.1
2717.88,2,LHC,,,55.49,13.05
2717.88,2,LHC,,,32.16,3.47
2717.88,2,LHC,,,40.8,3.91
2717.88,2,LHC,,,45.14,6.6
2717.88,2,HCAP,,,47.31,5.15
2717.98,2,HCAP,,,25.22,21.46
2717.98,2,LHC,,,32.28,3.42
2717.98,2,LHC,,,45.23,6.81
2717.98,2,LHC,,,56.84,14.31
2717.98,2,LHC,,,41.05,3.9
2717.98,2,HCAP,,,47.52,5.04
2718.08,2,LHC,,,57.57,15.11
2718.08,2,HCAP,,,25.8,19.98
2718.08,2,LHC,,,46.08,7.64
2718.08,2,LHC,,,41.78,4.01
2718.08,2,HCAP,,,48.0,5.04
2718.18,2,LHC,,,58.34,16.36
2718.18,2,HCAP,,,25.93,18.88
2718.18,2,LHC,,,41.84,3.57
2718.18,2,HCAP,,,47.96,4.8
2718.18,2,LHC,,,46.34,8.11
2718.28,2,LHC,,,57.98,15.63
2718.28,2,LHC,,,46.89,8.79
2718.28,2,HCAP,,,26.36,18.31
2718.28,2,LHC,,,42.52,3.72
2718.28,2,HCAP,,,48.89,5.69
2718.38,2,LHC,,,46.84,9.35
2718.38,2,LHC,,,57.12,15.52
2718.38,2,HCAP,,,26.63,16.64
2718.38,2,LHC,,,42.63,3.56
2718.48,2,LHC,,,47.13,9.94
2718.48,2,LHC,,,56.07,15.18
2718.48,2,HCAP,,,26.87,15.32
2718.48,2,LHC,,,43.31,0.97
2718.48,2,LHC,,,42.59,3.03
2718.48,2,HCAP,,,32.93,3.21
2718.58,2,LHC,,,42.48,8.44
2718.58,2,LHC,,,40.38,0.2
2718.58,2,HCAP,,,23.62,13.65
2718.58,2,HCAP,,,30.45,2.58
2718.68,2,HCAP,,,23.58,12.81
2718.68,2,LHC,,,40.32,0.44
2718.68,2,HCAP,,,30.28,2.29
2718.78,2,HCAP,,,23.58,12.14
2718.78,2,HCAP,,,30.06,2.47
2718.78,2,LHC,,,40.19,0.52
2718.88,2,LHC,,,45.69,12.05
2718.88,2,HCAP,,,23.43,12.01
2718.88,2,HCAP,,,29.85,2.47
2718.88,2,LHC,,,40.19,0.89
2718.98,2,LHC,,,44.73,12.24
2718.98,2,HCAP,,,23.22,12.13
2718.98,2,HCAP,,,29.62,2.06
2718.98,2,LHC,,,40.09,0.9
2719.08,2,HCAP,,,23.17,11.53
2719.08,2,HCAP,,,29.39,1.99
2719.08,2,LHC,,,40.02,1.01
2719.18,2,HCAP,,,23.11,11.17
2719.18,2,LHC,,,40.1,1.58
2719.18,2,HCAP,,,29.12,1.99
2719.28,2,HCAP,,,22.92,11.19
2719.28,2,HCAP,,,28.85,2.12
2719.28,2,LHC,,,40.01,1.92
2719.38,2,HCAP,,,22.77,10.76
2719.38,2,LHC,,,39.81,1.96
2719.38,2,HCAP,,,28.61,1.86
2719.38,2,HCAP,,,33.76,-0.2
2719.48,2,HCAP,,,22.58,10.54
2719.48,2,LHC,,,39.65,2.02
2719.48,2,HCAP,,,28.25,2.23
2719.58,2,LHC,,,34.35,6.44
2719.58,2,HCAP,,,21.99,11.56
2719.58,2,LHC,,,39.43,2.14
2719.58,2,HCAP,,,28.06,2.27
2719.68,2,LHC,,,33.74,6.55
2719.68,2,LHC,,,39.3,2.39
2719.68,2,LHC,,,54.85,17.15
2719.68,2,HCAP,,,21.64,11.69
2719.68,2,HCAP,,,27.74,2.54
2719.78,2,LHC,,,33.15,6.53
2719.78,2,LHC,,,39.24,2.88
2719.78,2,LHC,,,53.71,16.88
2719.78,2,HCAP,,,21.48,12.06
2719.78,2,HCAP,,,27.36,2.88
2719.78,2,HCAP,,,33.99,0.61
2719.88,2,LHC,,,39.05,3.11
2719.88,2,HCAP,,,20.93,13.05
2719.88,2,HCAP,,,27.11,2.74
2719.88,2,HCAP,,,33.9,0.86
2719.98,2,HCAP,,,26.83,2.84
2719.98,2,LHC,,,38.84,3.16
2719.98,2,HCAP,,,20.6,13.14
2719.98,2,HCAP,,,33.69,0.63
2720.08,2,LHC,,,60.0,23.75
2720.08,2,LHC,,,34.61,20.7
2720.08,2,LHC,,,50.64,16.78
2720.08,2,LHC,,,38.73,3.52
2720.08,2,HCAP,,,26.51,3.14
2720.08,2,HCAP,,,20.01,14.02
2720.08,2,HCAP,,,33.79,-0.03
2720.18,2,LHC,,,57.3,21.69
2720.18,2,LHC,,,33.39,21.89
2720.18,2,LHC,,,49.89,17.28
2720.18,2,LHC,,,38.51,3.67
2720.18,2,HCAP,,,19.56,14.63
2720.18,2,HCAP,,,26.19,3.42
2720.18,2,HCAP,,,33.79,-0.11
2720.28,2,LHC,,,55.38,20.54
2720.28,2,LHC,,,38.46,4.32
2720.28,2,HCAP,,,25.84,3.77
2720.28,2,HCAP,,,19.35,14.67
2720.38,2,LHC,,,53.65,19.86
2720.38,2,HCAP,,,25.51,3.94
2720.38,2,LHC,,,38.25,4.56
2720.38,2,HCAP,,,19.41,14.61
2720.38,2,HCAP,,,34.04,1.2
2720.48,2,LHC,,,54.25,20.31
2720.48,2,HCAP,,,28.86,9.53
2720.48,2,LHC,,,38.68,5.16
2720.48,2,HCAP,,,25.54,4.42
2720.48,2,HCAP,,,34.24,1.46
2720.58,2,LHC,,,47.94,19.62
2720.58,2,HCAP,,,24.78,10.46
2720.58,2,LHC,,,35.64,5.8
2720.58,2,HCAP,,,41.62,15.21
2720.58,2,HCAP,,,22.34,5.08
2720.58,2,HCAP,,,31.57,1.66
2720.68,2,LHC,,,48.25,20.38
2720.68,2,LHC,,,23.53,23.95
2720.68,2,HCAP,,,24.21,11.0
2720.68,2,LHC,,,35.85,6.05
2720.68,2,HCAP,,,41.45,14.88
2720.68,2,HCAP,,,22.37,5.21
2720.68,2,HCAP,,,31.75,2.12
2720.78,2,LHC,,,48.84,21.69
2720.78,2,LHC,,,22.66,25.11
2720.78,2,HCAP,,,41.3,14.11
2720.78,2,HCAP,,,23.79,11.56
2720.78,2,LHC,,,36.12,6.53
2720.78,2,HCAP,,,22.45,5.32
2720.78,2,HCAP,,,31.92,2.37
2720.88,2,LHC,,,50.2,24.35
2720.88,2,LHC,,,36.51,7.44
2720.88,2,HCAP,,,23.3,12.0
2720.88,2,HCAP,,,41.01,12.68
2720.88,2,LHC,,,21.95,25.24
2720.88,2,HCAP,,,22.5,5.4
2720.88,2,HCAP,,,32.09,2.55
2720.88,2,LHC,,,26.12,1.67
2720.98,2,LHC,,,51.56,26.84
2720.98,2,LHC,,,36.64,7.74
2720.98,2,LHC,,,21.12,24.06
2720.98,2,HCAP,,,22.54,5.41
2720.98,2,HCAP,,,41.01,12.04
2720.98,2,LHC,,,26.4,1.92
2720.98,2,HCAP,,,32.31,2.74
2720.98,2,HCAP,,,22.9,12.6
2721.08,2,LHC,,,52.87,28.57
2721.08,2,HCAP,,,32.62,3.58
2721.08,2,HCAP,,,22.66,5.54
2721.08,2,LHC,,,20.86,24.26
2721.08,2,HCAP,,,22.68,13.13
2721.08,2,HCAP,,,41.25,11.32
2721.08,2,LHC,,,36.99,8.2
2721.18,2,LHC,,,37.34,8.63
2721.18,2,HCAP,,,41.53,10.42
2721.18,2,HCAP,,,32.95,3.46
2721.18,2,LHC,,,20.39,24.54
2721.28,2,HCAP,,,42.07,10.35
2721.28,2,LHC,,,19.97,24.55
2721.28,2,HCAP,,,33.15,3.39
2721.28,2,LHC,,,37.7,9.25
2721.38,2,HCAP,,,42.47,9.62
2721.38,2,LHC,,,37.88,9.31
2721.38,2,HCAP,,,33.51,4.17
2721.38,2,LHC,,,19.43,25.47
2721.48,2,LHC,,,38.03,9.26
2721.48,2,HCAP,,,43.2,9.77
2721.48,2,HCAP,,,33.96,4.61
2721.48,2,LHC,,,18.71,28.39
2721.58,2,LHC,,,38.93,24.64
2721.58,2,HCAP,,,18.28,7.8
2721.58,2,LHC,,,30.89,7.42
2721.58,2,HCAP,,,28.86,3.88
2721.58,2,HCAP,,,34.79,5.64
2721.68,2,LHC,,,39.36,25.23
2721.68,2,LHC,,,31.16,7.21
2721.68,2,HCAP,,,29.19,4.42
2721.68,2,HCAP,,,35.26,5.24
2721.68,2,HCAP,,,18.24,8.82
2721.78,2,LHC,,,39.54,24.19
2721.78,2,LHC,,,31.34,7.02
2721.78,2,HCAP,,,35.71,4.84
2721.78,2,HCAP,,,29.44,5.9
2721.88,2,LHC,,,31.46,6.89
2721.88,2,LHC,,,39.55,22.57
2721.88,2,HCAP,,,29.78,6.23
2721.88,2,HCAP,,,36.04,4.67
2721.98,2,LHC,,,39.86,21.34
2721.98,2,LHC,,,31.6,7.52
2721.98,2,HCAP,,,30.2,6.04
2721.98,2,HCAP,,,36.32,4.41
2722.08,2,LHC,,,19.39,9.56
2722.08,2,LHC,,,31.86,8.01
2722.08,2,LHC,,,40.56,20.3
2722.08,2,HCAP,,,30.64,6.76
2722.18,2,LHC,,,41.43,20.04
2722.18,2,LHC,,,19.61,10.14
2722.18,2,LHC,,,32.06,8.53
2722.18,2,HCAP,,,31.14,7.4
2722.18,2,HCAP,,,37.07,4.38
2722.28,2,LHC,,,19.77,10.82
2722.28,2,LHC,,,42.41,19.75
2722.28,2,LHC,,,32.16,9.07
2722.28,2,HCAP,,,31.49,8.32
2722.38,2,LHC,,,20.01,11.64
2722.38,2,LHC,,,43.12,20.45
2722.38,2,LHC,,,32.03,10.17
2722.48,2,LHC,,,20.43,12.08
2722.48,2,LHC,,,32.1,10.89
2722.48,2,HCAP,,,36.44,1.14
2722.58,2,LHC,,,18.09,13.49
2722.58,2,LHC,,,28.59,9.91
2722.68,2,LHC,,,18.17,14.06
2722.68,2,LHC,,,28.56,9.51
2722.78,2,LHC,,,18.28,14.4
2722.78,2,LHC,,,28.44,9.81
2722.88,2,LHC,,,29.06,7.81
2722.88,2,HCAP,,,23.23,19.41
2722.88,2,LHC,,,18.52,14.63
2722.88,2,HCAP,,,33.65,1.96
2722.98,2,LHC,,,29.31,8.13
2722.98,2,HCAP,,,23.01,20.84
2722.98,2,LHC,,,18.79,14.7
2722.98,2,HCAP,,,33.47,1.62
2723.08,2,LHC,,,29.64,8.88
2723.08,2,HCAP,,,22.9,22.66
2723.08,2,LHC,,,19.07,14.94
2723.18,2,HCAP,,,22.85,23.88
2723.18,2,LHC,,,30.14,9.06
2723.18,2,LHC,,,19.44,14.91
2723.28,2,LHC,,,30.37,9.09
2723.28,2,LHC,,,19.26,15.59
2723.28,2,HCAP,,,24.16,15.38
2723.38,2,LHC,,,30.44,9.05
2723.38,2,LHC,,,19.1,15.85
2723.38,2,HCAP,,,21.38,28.38
2723.48,2,LHC,,,30.33,8.99
2723.48,2,LHC,,,18.79,16.14
2723.48,2,HCAP,,,33.52,0.89
2723.58,2,LHC,,,34.31,9.21
2723.58,2,HCAP,,,28.33,11.47
2723.58,2,LHC,,,22.07,15.99
2723.68,2,HCAP,,,27.74,12.8
2723.68,2,LHC,,,34.54,9.69
2723.68,2,LHC,,,21.72,16.94
2723.78,2,HCAP,,,27.22,13.03
2723.78,2,LHC,,,21.59,17.11
2723.78,2,LHC,,,34.65,9.12
2723.88,2,HCAP,,,26.9,12.3
2723.88,2,LHC,,,21.35,17.86
2723.88,2,LHC,,,34.87,10.2
2723.98,2,HCAP,,,29.18,5.65
2723.98,2,HCAP,,,26.48,12.4
2723.98,2,LHC,,,35.02,10.86
2723.98,2,LHC,,,21.07,18.92
2724.08,2,HCAP,,,28.91,5.85
2724.08,2,LHC,,,35.01,11.55
2724.08,2,HCAP,,,38.45,6.61
2724.08,2,LHC,,,20.85,19.38
2724.08,2,HCAP,,,25.96,12.65
2724.18,2,HCAP,,,25.75,12.42
2724.18,2,LHC,,,34.96,12.11
2724.18,2,HCAP,,,28.7,5.79
2724.18,2,HCAP,,,38.14,7.03
2724.18,2,LHC,,,20.83,19.27
2724.28,2,HCAP,,,25.48,12.64
2724.28,2,HCAP,,,37.92,7.85
2724.28,2,LHC,,,34.86,12.67
2724.28,2,HCAP,,,28.49,5.85
2724.38,2,HCAP,,,25.31,12.3
2724.38,2,LHC,,,34.68,14.09
2724.38,2,HCAP,,,37.48,8.54
2724.38,2,HCAP,,,28.28,5.83
2724.48,2,HCAP,,,25.01,12.26
2724.48,2,LHC,,,34.5,15.62
2724.48,2,HCAP,,,28.07,5.77
2724.48,2,LHC,,,19.45,22.91
2724.58,2,HCAP,,,29.84,13.4
2724.58,2,LHC,,,43.8,23.95
2724.58,2,HCAP,,,32.27,7.15
2724.58,2,LHC,,,24.39,30.25
2724.68,2,HCAP,,,29.54,13.17
2724.68,2,LHC,,,36.85,31.31
2724.68,2,LHC,,,43.81,26.49
2724.68,2,HCAP,,,31.96,6.99
2724.78,2,HCAP,,,29.43,13.01
2724.78,2,LHC,,,35.66,27.37
2724.78,2,LHC,,,43.47,28.53
2724.78,2,HCAP,,,31.77,6.82
2724.88,2,LHC,,,34.38,22.91
2724.88,2,LHC,,,42.94,31.45
2724.88,2,HCAP,,,29.3,12.78
2724.88,2,HCAP,,,31.51,6.95
2724.98,2,LHC,,,33.86,19.62
2724.98,2,HCAP,,,29.47,12.18
2724.98,2,HCAP,,,31.66,6.88
2725.08,2,LHC,,,33.61,17.81
2725.08,2,HCAP,,,29.75,11.91
2725.18,2,HCAP,,,30.02,11.85
2725.18,2,LHC,,,33.41,16.23
2725.28,2,LHC,,,33.64,14.59
2725.28,2,HCAP,,,30.74,11.61
2725.38,2,HCAP,,,42.29,27.1
2725.48,2,LHC,,,32.78,11.15
2725.48,2,HCAP,,,42.73,28.26
2725.58,2,LHC,,,29.01,9.65
2725.58,2,HCAP,,,33.76,14.26
2725.68,2,LHC,,,29.53,8.96
2725.68,2,HCAP,,,34.35,27.44
2725.78,2,HCAP,,,33.55,30.02
2725.78,2,LHC,,,29.6,8.57
2725.88,2,LHC,,,29.43,8.19
2725.88,2,HCAP,,,35.0,1.15
2725.98,2,LHC,,,29.76,8.39
2725.98,2,HCAP,,,31.37,25.05
2726.08,2,LHC,,,30.1,7.03
2726.08,2,HCAP,,,30.54,19.97
2726.18,2,LHC,,,30.61,6.99
2726.18,2,HCAP,,,30.12,27.76
2726.28,2,HCAP,,,30.45,30.55
2726.38,2,HCAP,,,23.78,10.59
2726.38,2,HCAP,,,35.7,3.51
2726.48,2,HCAP,,,40.62,13.77
2726.48,2,HCAP,,,24.7,9.66
2726.68,2,HCAP,,,29.76,4.9
2727.08,2,HCAP,,,5.73,31.7
2727.08,2,HCAP,,,27.7,6.98
2727.18,2,HCAP,,,27.93,7.7
2727.28,2,HCAP,,,28.08,8.11
2727.38,2,HCAP,,,7.26,29.98
2727.38,2,HCAP,,,31.8,8.59
2727.38,2,HCAP,,,28.33,8.44
2727.48,2,HCAP,,,31.9,9.53
2727.48,2,HCAP,,,8.19,28.32
2727.48,2,HCAP,,,28.52,8.76
2727.58,2,HCAP,,,27.05,8.15
2727.58,2,HCAP,,,24.02,7.64
2727.58,2,HCAP,,,2.73,26.95
2727.68,2,HCAP,,,26.98,8.47
2727.68,2,HCAP,,,3.54,25.86
2727.68,2,HCAP,,,24.01,8.43
2727.68,2,LHC,,,24.28,5.25
2727.78,2,HCAP,,,27.02,8.77
2727.78,2,HCAP,,,4.72,24.28
2727.78,2,HCAP,,,24.03,8.95
2727.78,2,LHC,,,24.4,5.21
2727.88,2,HCAP,,,27.01,9.15
2727.88,2,HCAP,,,24.11,9.49
2727.88,2,LHC,,,24.46,5.07
2727.88,2,HCAP,,,10.28,15.01
2727.98,2,HCAP,,,24.18,9.45
2727.98,2,HCAP,,,26.77,9.17
2727.98,2,LHC,,,24.41,5.39
2727.98,2,HCAP,,,7.64,20.43
2728.08,2,LHC,,,23.79,8.71
2728.08,2,HCAP,,,6.34,22.23
2728.18,2,LHC,,,23.25,8.64
2728.28,2,HCAP,,,24.9,8.73
2728.38,2,LHC,,,18.14,8.16
2728.48,2,LHC,,,17.94,8.17
2728.48,2,LHC,,,23.7,7.76
2728.58,2,LHC,,,16.33,7.29
2728.58,2,LHC,,,20.99,7.92
2728.58,2,HCAP,,,8.79,12.21
2728.68,2,HCAP,,,18.95,10.14
2728.68,2,LHC,,,16.54,7.22
2728.68,2,HCAP,,,7.02,15.14
2728.68,2,LHC,,,19.61,5.94
2728.68,2,LHC,,,20.9,7.96
2728.78,2,HCAP,,,18.73,10.65
2728.78,2,LHC,,,16.62,7.21
2728.78,2,HCAP,,,7.15,14.9
2728.78,2,LHC,,,19.63,5.83
2728.78,2,LHC,,,20.58,8.5
2728.88,2,HCAP,,,18.6,11.12
2728.88,2,LHC,,,16.83,6.99
2728.88,2,HCAP,,,8.24,13.66
2728.88,2,LHC,,,20.49,8.76
2728.88,2,HCAP,,,-1.05,30.02
2728.98,2,HCAP,,,18.43,11.5
2728.98,2,HCAP,,,8.8,13.17
2728.98,2,LHC,,,20.17,9.15
2728.98,2,LHC,,,19.56,6.08
2728.98,2,LHC,,,16.97,6.97
2728.98,2,HCAP,,,0.12,28.57
2729.08,2,HCAP,,,17.92,11.71
2729.08,2,LHC,,,16.76,7.1
2729.08,2,LHC,,,19.52,9.58
2729.08,2,HCAP,,,1.37,26.24
2729.08,2,HCAP,,,9.18,12.65
2729.18,2,HCAP,,,19.07,9.34
2729.18,2,LHC,,,17.39,11.86
2729.18,2,HCAP,,,9.64,11.94
2729.18,2,HCAP,,,2.19,24.53
2729.18,2,LHC,,,16.7,6.7
2729.28,2,LHC,,,16.87,11.99
2729.28,2,LHC,,,16.18,7.29
2729.28,2,HCAP,,,18.64,9.27
2729.28,2,HCAP,,,2.14,24.12
2729.28,2,HCAP,,,9.73,11.84
2729.38,2,LHC,,,17.96,9.8
2729.38,2,LHC,,,15.76,7.73
2729.38,2,HCAP,,,2.59,23.08
2729.38,2,HCAP,,,3.03,22.29
2729.48,2,HCAP,,,2.55,22.66
2729.48,2,HCAP,,,10.63,10.65
2729.48,2,LHC,,,17.4,10.16
2729.48,2,LHC,,,15.53,7.86
2729.58,2,HCAP,,,24.53,10.21
2729.58,2,HCAP,,,2.71,22.71
2729.58,2,HCAP,,,11.14,10.48
2729.58,2,LHC,,,15.28,8.54
2729.68,2,HCAP,,,11.42,10.14
2729.68,2,HCAP,,,24.23,9.64
2729.68,2,HCAP,,,3.26,21.48
2729.68,2,LHC,,,14.95,8.78
2729.78,2,HCAP,,,11.63,9.9
2729.78,2,HCAP,,,24.01,9.12
2729.78,2,HCAP,,,3.09,21.86
2729.78,2,LHC,,,14.64,9.13
2729.88,2,HCAP,,,11.87,9.62
2729.88,2,HCAP,,,23.79,8.38
2729.88,2,HCAP,,,3.72,20.24
2729.88,2,LHC,,,14.37,9.42
2729.98,2,HCAP,,,23.59,8.29
2729.98,2,LHC,,,13.97,9.97
2729.98,2,HCAP,,,4.3,19.26
2729.98,2,HCAP,,,11.82,9.75
2730.08,2,LHC,,,13.91,10.1
2730.08,2,HCAP,,,12.54,8.82
2730.08,2,HCAP,,,23.75,7.66
2730.08,2,HCAP,,,4.65,18.84
2730.18,2,HCAP,,,24.32,6.65
2730.18,2,HCAP,,,13.12,8.07
2730.18,2,HCAP,,,5.41,17.8
2730.18,2,LHC,,,13.43,12.44
2730.18,2,LHC,,,14.19,9.7
2730.28,2,HCAP,,,24.87,5.64
2730.28,2,HCAP,,,13.61,7.4
2730.28,2,HCAP,,,6.76,15.98
2730.28,2,LHC,,,13.17,12.58
2730.28,2,HCAP,,,16.78,5.05
2730.38,2,HCAP,,,14.29,6.49
2730.38,2,HCAP,,,7.31,15.47
2730.38,2,LHC,,,13.26,12.12
2730.38,2,HCAP,,,25.18,4.71
2730.38,2,HCAP,,,16.99,4.42
2730.48,2,LHC,,,12.53,12.72
2730.48,2,HCAP,,,25.11,4.32
2730.48,2,HCAP,,,14.64,6.05
2730.48,2,HCAP,,,7.77,15.04
2730.58,2,LHC,,,18.43,29.24
2730.58,2,HCAP,,,24.87,4.2
2730.58,2,HCAP,,,8.24,14.66
2730.58,2,LHC,,,11.54,13.87
2730.58,2,HCAP,,,13.99,7.28
2730.68,2,LHC,,,19.73,24.49
2730.68,2,HCAP,,,24.7,3.72
2730.68,2,LHC,,,10.45,15.1
2730.68,2,HCAP,,,8.39,14.77
2730.68,2,HCAP,,,14.34,6.77
2730.68,2,HCAP,,,13.78,5.61
2730.78,2,LHC,,,20.41,23.04
2730.78,2,LHC,,,9.77,15.65
2730.78,2,HCAP,,,8.58,14.86
2730.78,2,HCAP,,,24.41,3.57
2730.78,2,HCAP,,,13.86,5.57
2730.78,2,HCAP,,,14.98,5.72
2730.88,2,LHC,,,21.37,20.67
2730.88,2,HCAP,,,8.13,16.05
2730.88,2,HCAP,,,24.31,2.84
2730.88,2,LHC,,,8.36,17.54
2730.88,2,HCAP,,,14.97,5.9
2730.88,2,HCAP,,,13.94,5.49
2730.98,2,LHC,,,12.0,28.86
2730.98,2,LHC,,,21.87,19.63
2730.98,2,LHC,,,6.41,20.85
2730.98,2,HCAP,,,23.97,3.33
2730.98,2,HCAP,,,8.42,16.07
2730.98,2,HCAP,,,13.92,5.57
2730.98,2,HCAP,,,15.48,4.99
2731.08,2,LHC,,,22.07,15.54
2731.08,2,LHC,,,10.11,27.83
2731.08,2,HCAP,,,23.08,5.8
2731.08,2,HCAP,,,13.09,7.38
2731.08,2,HCAP,,,10.34,11.84
2731.18,2,LHC,,,22.47,13.32
2731.18,2,LHC,,,11.31,24.03
2731.18,2,HCAP,,,13.01,7.47
2731.18,2,LHC,,,13.99,14.25
2731.28,2,LHC,,,22.67,12.66
2731.28,2,LHC,,,11.55,22.38
2731.28,2,HCAP,,,12.13,10.37
2731.28,2,LHC,,,13.87,14.83
2731.28,2,HCAP,,,13.03,7.45
2731.38,2,LHC,,,22.95,11.62
2731.38,2,LHC,,,11.59,21.4
2731.38,2,HCAP,,,12.98,7.47
2731.38,2,HCAP,,,12.59,9.98
2731.38,2,HCAP,,,17.1,9.58
2731.48,2,LHC,,,23.29,10.56
2731.48,2,LHC,,,10.81,21.54
2731.48,2,LHC,,,14.17,6.98
2731.48,2,HCAP,,,13.0,7.44
2731.48,2,HCAP,,,13.13,9.57
2731.48,2,HCAP,,,19.0,6.53
2731.58,2,LHC,,,23.48,9.88
2731.58,2,LHC,,,10.15,21.36
2731.58,2,LHC,,,14.09,7.01
2731.58,2,HCAP,,,13.04,7.4
2731.58,2,HCAP,,,13.64,9.26
2731.58,2,HCAP,,,18.57,7.51
2731.68,2,LHC,,,23.6,9.25
2731.68,2,LHC,,,9.98,20.43
2731.68,2,LHC,,,14.09,6.93
2731.68,2,HCAP,,,13.02,7.39
2731.78,2,LHC,,,23.64,8.69
2731.78,2,LHC,,,11.89,16.68
2731.78,2,LHC,,,13.98,7.01
2731.78,2,HCAP,,,13.03,7.37
2731.78,2,HCAP,,,19.53,5.91
2731.88,2,LHC,,,23.62,8.08
2731.88,2,LHC,,,12.7,15.07
2731.88,2,LHC,,,13.99,6.99
2731.88,2,HCAP,,,13.02,7.39
2731.88,2,HCAP,,,19.62,5.6
2731.98,2,HCAP,,,11.57,15.55
2731.98,2,LHC,,,13.69,7.49
2731.98,2,HCAP,,,13.57,7.07
2732.08,2,LHC,,,13.14,7.69
2732.08,2,HCAP,,,12.96,7.37
2732.18,2,LHC,,,22.38,6.67
2732.18,2,HCAP,,,11.18,14.03
2732.18,2,HCAP,,,12.6,7.92
2732.18,2,HCAP,,,14.5,11.62
2732.28,2,LHC,,,22.18,6.42
2732.28,2,HCAP,,,12.07,12.58
2732.28,2,HCAP,,,12.54,7.98
2732.38,2,HCAP,,,20.01,5.01
2732.38,2,LHC,,,1.18,23.8
2732.38,2,HCAP,,,12.62,7.92
2732.48,2,HCAP,,,19.85,4.99
2732.48,2,LHC,,,2.04,22.25
2732.48,2,HCAP,,,12.4,8.16
2732.48,2,LHC,,,11.6,7.77
2732.48,2,HCAP,,,13.68,11.52
2732.58,2,HCAP,,,19.71,4.97
2732.58,2,LHC,,,11.56,7.81
2732.58,2,LHC,,,3.32,20.18
2732.58,2,HCAP,,,12.29,8.19
2732.68,2,LHC,,,4.01,18.95
2732.68,2,HCAP,,,19.59,4.91
2732.68,2,HCAP,,,11.84,8.55
2732.68,2,LHC,,,11.55,7.82
2732.78,2,LHC,,,3.61,18.9
2732.78,2,HCAP,,,19.43,4.94
2732.78,2,HCAP,,,13.37,9.97
2732.78,2,LHC,,,11.65,7.72
2732.78,2,HCAP,,,11.45,8.95
2732.88,2,LHC,,,4.49,17.52
2732.88,2,HCAP,,,19.31,4.87
2732.88,2,HCAP,,,13.23,9.94
2732.88,2,HCAP,,,11.24,8.95
2732.88,2,LHC,,,11.61,7.74
2732.98,2,LHC,,,4.77,16.8
2732.98,2,HCAP,,,13.38,9.51
2732.98,2,HCAP,,,12.68,11.58
2732.98,2,HCAP,,,19.22,4.79
2732.98,2,HCAP,,,11.15,9.01
2732.98,2,LHC,,,11.58,7.75
2733.08,2,LHC,,,7.64,14.94
2733.08,2,LHC,,,5.94,15.37
2733.08,2,HCAP,,,13.02,8.5
2733.08,2,HCAP,,,18.11,2.81
2733.08,2,LHC,,,20.13,3.66
2733.08,2,HCAP,,,12.52,10.92
2733.08,2,HCAP,,,11.64,10.19
2733.08,2,HCAP,,,11.78,7.39
2733.18,2,LHC,,,6.02,15.19
2733.18,2,LHC,,,7.66,14.44
2733.18,2,LHC,,,19.95,3.71
2733.18,2,HCAP,,,17.94,2.91
2733.18,2,HCAP,,,12.59,10.62
2733.18,2,HCAP,,,11.55,10.02
2733.18,2,HCAP,,,11.57,7.69
2733.18,2,HCAP,,,13.04,8.01
2733.28,2,LHC,,,7.0,13.64
2733.28,2,LHC,,,19.73,3.87
2733.28,2,HCAP,,,12.6,10.45
2733.28,2,HCAP,,,17.78,2.87
2733.28,2,LHC,,,7.4,14.32
2733.28,2,HCAP,,,13.25,5.04
2733.28,2,HCAP,,,11.85,9.35
2733.38,2,LHC,,,7.42,12.87
2733.38,2,LHC,,,19.47,4.16
2733.38,2,HCAP,,,17.68,2.79
2733.38,2,HCAP,,,11.5,9.58
2733.38,2,HCAP,,,12.74,10.07
2733.38,2,LHC,,,7.24,14.25
2733.38,2,HCAP,,,13.66,4.39
2733.48,2,LHC,,,7.62,12.31
2733.48,2,LHC,,,19.26,4.36
2733.48,2,HCAP,,,11.35,9.54
2733.48,2,HCAP,,,12.01,6.9
2733.48,2,HCAP,,,12.87,9.79
2733.48,2,HCAP,,,17.54,2.86
2733.48,2,LHC,,,7.43,13.54
2733.48,2,HCAP,,,15.47,4.8
2733.58,2,LHC,,,7.85,30.76
2733.58,2,LHC,,,19.07,4.54
2733.58,2,HCAP,,,11.97,6.91
2733.58,2,HCAP,,,17.57,2.65
2733.58,2,HCAP,,,10.78,10.14
2733.58,2,LHC,,,7.44,12.05
2733.58,2,LHC,,,6.98,13.81
2733.58,2,HCAP,,,13.04,9.48
2733.58,2,HCAP,,,15.4,4.86
2733.68,2,LHC,,,8.25,31.12
2733.68,2,HCAP,,,11.95,6.9
2733.68,2,LHC,,,7.47,11.79
2733.68,2,HCAP,,,17.51,2.67
2733.68,2,HCAP,,,13.17,9.27
2733.68,2,LHC,,,18.83,4.89
2733.68,2,LHC,,,6.72,13.78
2733.68,2,HCAP,,,14.94,5.62
2733.68,2,HCAP,,,10.31,10.56
2733.78,2,LHC,,,8.93,30.62
2733.78,2,HCAP,,,13.35,9.02
2733.78,2,HCAP,,,11.8,7.08
2733.78,2,LHC,,,7.47,11.43
2733.78,2,LHC,,,18.65,5.1
2733.78,2,HCAP,,,17.45,2.64
2733.78,2,HCAP,,,10.3,10.44
2733.78,2,HCAP,,,15.02,5.44
2733.78,2,LHC,,,6.88,13.19
2733.78,2,LHC,,,10.54,9.66
2733.88,2,LHC,,,9.64,29.81
2733.88,2,LHC,,,18.39,5.56
2733.88,2,HCAP,,,13.49,8.78
2733.88,2,LHC,,,7.41,11.18
2733.88,2,HCAP,,,17.46,2.51
2733.88,2,HCAP,,,15.11,5.24
2733.88,2,HCAP,,,11.84,7.01
2733.88,2,LHC,,,8.02,11.25
2733.88,2,HCAP,,,10.12,10.45
2733.88,2,LHC,,,10.07,10.3
2733.98,2,LHC,,,10.26,29.27
2733.98,2,LHC,,,18.2,5.96
2733.98,2,HCAP,,,13.71,8.43
2733.98,2,LHC,,,7.05,11.31
2733.98,2,LHC,,,9.76,10.77
2733.98,2,HCAP,,,17.39,2.5
2733.98,2,HCAP,,,15.17,5.08
2733.98,2,HCAP,,,9.4,10.79
2733.98,2,LHC,,,6.45,13.16
2734.08,2,LHC,,,10.57,29.47
2734.08,2,LHC,,,18.16,6.05
2734.08,2,HCAP,,,13.83,8.2
2734.08,2,LHC,,,6.89,11.25
2734.08,2,HCAP,,,15.18,4.99
2734.08,2,LHC,,,6.6,12.8
2734.08,2,LHC,,,9.75,10.6
2734.08,2,HCAP,,,17.34,2.43
2734.08,2,HCAP,,,9.34,10.57
2734.18,2,LHC,,,11.17,28.99
2734.18,2,LHC,,,18.07,6.35
2734.18,2,LHC,,,6.67,11.26
2734.18,2,HCAP,,,13.88,8.12
2734.18,2,HCAP,,,14.99,5.25
2734.18,2,HCAP,,,8.55,11.41
2734.18,2,LHC,,,6.35,12.89
2734.18,2,HCAP,,,17.36,2.25
2734.18,2,HCAP,,,9.56,10.64
2734.28,2,LHC,,,18.02,6.59
2734.28,2,LHC,,,11.39,29.51
2734.28,2,LHC,,,8.17,11.54
2734.28,2,HCAP,,,14.05,7.79
2734.28,2,HCAP,,,15.0,5.2
2734.28,2,LHC,,,6.38,11.38
2734.28,2,HCAP,,,9.56,10.4
2734.28,2,HCAP,,,17.32,2.16
2734.28,2,LHC,,,6.58,12.48
2734.38,2,LHC,,,18.03,6.69
2734.38,2,LHC,,,12.1,28.48
2734.38,2,LHC,,,6.59,10.88
2734.38,2,HCAP,,,14.19,7.48
2734.38,2,LHC,,,7.86,11.77
2734.38,2,HCAP,,,9.71,10.05
2734.38,2,HCAP,,,14.95,5.21
2734.38,2,LHC,,,6.77,12.15
2734.48,2,LHC,,,12.62,27.97
2734.48,2,LHC,,,18.02,6.96
2734.48,2,LHC,,,6.77,10.5
2734.48,2,HCAP,,,14.27,7.26
2734.48,2,LHC,,,7.65,11.98
2734.48,2,HCAP,,,15.08,4.96
2734.48,2,LHC,,,11.69,7.44
2734.48,2,LHC,,,6.52,12.28
2734.48,2,HCAP,,,9.78,9.83
2734.58,2,LHC,,,13.07,30.48
2734.58,2,LHC,,,18.81,7.66
2734.58,2,LHC,,,6.76,10.2
2734.58,2,LHC,,,7.18,12.58
2734.58,2,LHC,,,12.46,7.62
2734.58,2,HCAP,,,15.37,7.2
2734.58,2,HCAP,,,16.07,5.48
2734.58,2,LHC,,,5.81,12.77
2734.58,2,HCAP,,,10.56,9.52
2734.68,2,LHC,,,18.76,7.98
2734.68,2,LHC,,,7.1,9.74
2734.68,2,LHC,,,12.01,8.34
2734.68,2,LHC,,,6.85,13.07
2734.68,2,HCAP,,,10.73,9.06
2734.68,2,LHC,,,5.78,12.67
2734.68,2,HCAP,,,16.41,4.98
2734.68,2,HCAP,,,15.33,7.03
2734.78,2,LHC,,,18.64,8.4
2734.78,2,LHC,,,12.06,8.37
2734.78,2,LHC,,,6.94,13.13
2734.78,2,LHC,,,7.33,9.44
2734.78,2,LHC,,,5.5,13.04
2734.78,2,HCAP,,,12.47,6.86
2734.78,2,HCAP,,,15.15,7.12
2734.88,2,LHC,,,18.6,8.64
2734.88,2,LHC,,,7.09,9.6
2734.88,2,LHC,,,12.04,8.56
2734.88,2,LHC,,,5.06,13.46
2734.88,2,LHC,,,6.35,13.84
2734.88,2,HCAP,,,11.31,8.24
2734.88,2,HCAP,,,16.52,5.13
2734.98,2,LHC,,,12.15,8.56
2734.98,2,LHC,,,7.11,9.52
2734.98,2,LHC,,,18.66,8.9
2734.98,2,LHC,,,6.16,14.1
2734.98,2,HCAP,,,11.01,8.6
2734.98,2,LHC,,,5.29,13.35
2734.98,2,HCAP,,,16.7,5.0
2735.08,2,LHC,,,12.29,8.5
2735.08,2,LHC,,,7.16,9.43
2735.08,2,HCAP,,,5.78,14.61
2735.08,2,LHC,,,18.69,9.13
2735.08,2,HCAP,,,11.43,8.09
2735.08,2,HCAP,,,16.79,4.96
2735.08,2,LHC,,,4.54,13.93
2735.18,2,LHC,,,12.42,8.49
2735.18,2,LHC,,,7.14,9.4
2735.18,2,LHC,,,11.96,31.34
2735.18,2,HCAP,,,16.81,5.06
2735.18,2,HCAP,,,5.2,15.32
2735.18,2,LHC,,,4.12,14.45
2735.18,2,HCAP,,,11.54,7.97
2735.28,2,LHC,,,12.41,8.62
2735.28,2,HCAP,,,16.83,5.14
2735.28,2,LHC,,,7.04,9.49
2735.28,2,HCAP,,,13.89,8.23
2735.28,2,HCAP,,,4.87,15.71
2735.28,2,LHC,,,4.26,14.49
2735.28,2,HCAP,,,11.46,8.05
2735.38,2,LHC,,,11.62,29.89
2735.38,2,HCAP,,,19.32,9.3
2735.38,2,LHC,,,12.57,8.46
2735.38,2,HCAP,,,16.73,5.46
2735.38,2,HCAP,,,4.36,16.54
2735.38,2,LHC,,,7.25,9.26
2735.38,2,LHC,,,3.92,14.84
2735.38,2,HCAP,,,13.73,8.39
2735.48,2,LHC,,,11.91,28.33
2735.48,2,HCAP,,,19.52,9.35
2735.48,2,LHC,,,12.57,8.52
2735.48,2,HCAP,,,4.46,16.56
2735.48,2,HCAP,,,16.81,5.51
2735.48,2,LHC,,,4.19,14.74
2735.48,2,LHC,,,7.23,9.27
2735.48,2,HCAP,,,13.59,8.49
2735.58,2,LHC,,,12.18,26.99
2735.58,2,HCAP,,,19.78,9.22
2735.58,2,HCAP,,,16.83,5.68
2735.58,2,LHC,,,12.64,8.43
2735.58,2,HCAP,,,4.22,17.04
2735.58,2,HCAP,,,4.2,14.87
2735.58,2,LHC,,,7.31,9.18
2735.58,2,HCAP,,,13.13,9.0
2735.68,2,LHC,,,11.84,27.37
2735.68,2,HCAP,,,20.06,9.01
2735.68,2,LHC,,,12.48,8.68
2735.68,2,HCAP,,,4.45,17.02
2735.68,2,HCAP,,,4.38,14.78
2735.68,2,HCAP,,,17.03,5.55
2735.68,2,HCAP,,,13.09,8.93
2735.68,2,LHC,,,7.6,8.9
2735.78,2,LHC,,,11.98,26.45
2735.78,2,HCAP,,,20.27,9.03
2735.78,2,HCAP,,,4.19,17.54
2735.78,2,LHC,,,12.69,8.46
2735.78,2,HCAP,,,4.61,14.63
2735.78,2,HCAP,,,16.94,5.87
2735.78,2,LHC,,,7.67,8.84
2735.78,2,HCAP,,,13.04,8.91
2735.88,2,LHC,,,11.8,26.36
2735.88,2,HCAP,,,4.15,17.86
2735.88,2,HCAP,,,20.55,8.83
2735.88,2,HCAP,,,4.5,14.91
2735.88,2,LHC,,,12.9,8.19
2735.88,2,HCAP,,,16.8,3.67
2735.88,2,LHC,,,7.66,8.89
2735.88,2,HCAP,,,17.07,5.84
2735.88,2,HCAP,,,12.83,9.08
2735.98,2,LHC,,,11.67,26.21
2735.98,2,HCAP,,,3.96,18.44
2735.98,2,HCAP,,,20.76,8.8
2735.98,2,HCAP,,,4.76,14.69
2735.98,2,HCAP,,,16.8,3.65
2735.98,2,LHC,,,7.82,8.82
2735.98,2,LHC,,,13.11,7.82
2735.98,2,HCAP,,,17.09,5.91
2735.98,2,HCAP,,,12.61,9.22
2736.08,2,LHC,,,11.34,25.47
2736.08,2,HCAP,,,5.99,18.72
2736.08,2,HCAP,,,21.52,9.77
2736.08,2,HCAP,,,16.57,6.27
2736.08,2,HCAP,,,16.2,3.22
2736.08,2,HCAP,,,11.81,10.41
2736.08,2,HCAP,,,6.51,15.19
2736.08,2,LHC,,,12.02,9.24
2736.08,2,LHC,,,7.66,10.77
2736.18,2,LHC,,,11.29,25.15
2736.18,2,HCAP,,,21.94,9.35
2736.18,2,HCAP,,,16.55,6.54
2736.18,2,LHC,,,7.73,10.73
2736.18,2,HCAP,,,16.2,3.22
2736.18,2,LHC,,,12.2,8.9
2736.18,2,HCAP,,,6.72,17.79
2736.18,2,HCAP,,,11.78,10.43
2736.18,2,HCAP,,,6.63,15.06
2736.28,2,LHC,,,11.46,24.39
2736.28,2,HCAP,,,22.28,9.14
2736.28,2,HCAP,,,6.25,19.15
2736.28,2,LHC,,,7.6,11.06
2736.28,2,HCAP,,,11.98,9.95
2736.28,2,HCAP,,,16.53,6.75
2736.28,2,HCAP,,,16.2,3.23
2736.28,2,HCAP,,,6.5,15.37
2736.38,2,LHC,,,11.14,24.74
2736.38,2,HCAP,,,22.52,9.25
2736.38,2,HCAP,,,16.58,6.88
2736.38,2,HCAP,,,5.01,21.06
2736.38,2,HCAP,,,11.79,10.16
2736.38,2,HCAP,,,16.2,3.23
2736.38,2,HCAP,,,6.73,15.0
2736.38,2,LHC,,,7.84,10.9
2736.48,2,LHC,,,11.35,23.84
2736.48,2,HCAP,,,22.77,9.29
2736.48,2,LHC,,,5.96,20.16
2736.48,2,HCAP,,,16.72,6.84
2736.48,2,HCAP,,,16.18,3.27
2736.48,2,HCAP,,,11.61,9.13
2736.48,2,HCAP,,,6.82,14.92
2736.48,2,LHC,,,7.93,10.93
2736.58,2,LHC,,,11.17,23.88
2736.58,2,HCAP,,,23.06,9.22
2736.58,2,HCAP,,,16.58,7.32
2736.58,2,LHC,,,6.72,19.08
2736.58,2,HCAP,,,16.17,3.29
2736.58,2,HCAP,,,6.9,14.86
2736.58,2,LHC,,,7.91,11.13
2736.58,2,HCAP,,,11.41,9.33
2736.68,2,LHC,,,11.34,23.08
2736.68,2,LHC,,,7.47,18.16
2736.68,2,HCAP,,,23.21,9.56
2736.68,2,HCAP,,,16.2,3.23
2736.68,2,HCAP,,,11.74,8.6
2736.68,2,HCAP,,,7.18,14.46
2736.68,2,HCAP,,,16.81,7.02
2736.68,2,LHC,,,8.28,10.76
2736.68,2,HCAP,,,11.8,9.55
2736.78,2,LHC,,,7.42,18.23
2736.78,2,LHC,,,10.91,22.96
2736.78,2,HCAP,,,23.23,8.85
2736.78,2,HCAP,,,16.03,3.26
2736.78,2,HCAP,,,11.46,8.67
2736.78,2,HCAP,,,7.03,14.53
2736.78,2,HCAP,,,11.44,9.79
2736.78,2,HCAP,,,16.59,7.22
2736.78,2,LHC,,,8.12,10.96
2736.88,2,LHC,,,10.33,22.55
2736.88,2,LHC,,,7.05,18.56
2736.88,2,HCAP,,,6.79,14.53
2736.88,2,LHC,,,7.84,11.19
2736.88,2,HCAP,,,11.11,9.63
2736.98,2,HCAP,,,9.65,22.55
2736.98,2,LHC,,,6.68,18.91
2736.98,2,HCAP,,,10.84,9.54
2736.98,2,LHC,,,7.67,11.28
2736.98,2,HCAP,,,6.52,14.63
2737.08,2,HCAP,,,9.06,22.43
2737.08,2,LHC,,,6.78,18.48
2737.08,2,LHC,,,7.52,11.28
2737.08,2,HCAP,,,6.46,14.6
2737.18,2,LHC,,,6.65,18.36
2737.18,2,LHC,,,7.25,11.44
2737.18,2,HCAP,,,6.26,14.69
2737.28,2,LHC,,,6.59,18.25
2737.28,2,HCAP,,,14.28,4.11
2737.28,2,LHC,,,7.24,11.25
2737.28,2,HCAP,,,5.94,14.83
2737.38,2,LHC,,,6.36,18.33
2737.38,2,HCAP,,,13.95,4.23
2737.38,2,LHC,,,7.07,11.3
2737.38,2,HCAP,,,10.3,8.95
2737.38,2,HCAP,,,6.68,13.54
2737.48,2,LHC,,,6.43,17.97
2737.48,2,HCAP,,,13.64,4.41
2737.48,2,LHC,,,6.56,11.84
2737.48,2,HCAP,,,10.27,8.8
2737.48,2,HCAP,,,6.51,13.53
2737.58,2,LHC,,,11.45,17.7
2737.58,2,HCAP,,,17.56,4.07
2737.58,2,LHC,,,24.03,7.77
2737.58,2,LHC,,,10.23,11.59
2737.58,2,HCAP,,,11.05,12.8
2737.58,2,HCAP,,,10.64,12.71
2737.58,2,HCAP,,,14.74,7.81
2737.68,2,LHC,,,23.77,7.55
2737.68,2,LHC,,,10.54,19.27
2737.68,2,HCAP,,,11.37,22.82
2737.68,2,LHC,,,9.73,12.1
2737.68,2,HCAP,,,14.61,7.8
2737.68,2,HCAP,,,10.27,12.88
2737.68,2,HCAP,,,10.72,13.1
2737.68,2,HCAP,,,17.37,4.12
2737.78,2,LHC,,,10.36,19.13
2737.78,2,LHC,,,9.05,12.86
2737.78,2,HCAP,,,10.33,23.67
2737.78,2,LHC,,,23.48,7.41
2737.78,2,HCAP,,,17.99,7.75
2737.78,2,HCAP,,,14.64,7.55
2737.78,2,HCAP,,,17.21,4.07
2737.78,2,HCAP,,,11.05,12.53
2737.78,2,HCAP,,,9.81,13.36
2737.88,2,LHC,,,9.57,20.31
2737.88,2,LHC,,,23.11,7.6
2737.88,2,LHC,,,8.49,13.37
2737.88,2,HCAP,,,14.7,7.3
2737.88,2,HCAP,,,17.84,7.52
2737.88,2,HCAP,,,10.83,12.75
2737.88,2,HCAP,,,16.97,4.18
2737.88,2,HCAP,,,9.23,14.06
2737.98,2,LHC,,,7.95,14.1
2737.98,2,LHC,,,9.73,20.1
2737.98,2,LHC,,,23.16,7.28
2737.98,2,HCAP,,,11.12,12.53
2737.98,2,HCAP,,,16.82,4.47
2737.98,2,HCAP,,,17.77,7.49
2737.98,2,LHC,,,14.87,7.16
2737.98,2,HCAP,,,8.62,14.73
2738.08,2,LHC,,,10.34,19.32
2738.08,2,LHC,,,23.32,7.17
2738.08,2,LHC,,,7.81,14.53
2738.08,2,HCAP,,,11.69,12.04
2738.08,2,LHC,,,6.94,28.73
2738.08,2,HCAP,,,8.29,15.48
2738.08,2,HCAP,,,18.01,7.14
2738.08,2,LHC,,,15.32,6.71
2738.18,2,LHC,,,6.37,29.72
2738.18,2,LHC,,,7.66,14.99
2738.18,2,LHC,,,9.44,21.37
2738.18,2,LHC,,,23.45,7.23
2738.18,2,HCAP,,,18.23,6.89
2738.18,2,HCAP,,,12.14,11.63
2738.18,2,HCAP,,,8.4,15.56
2738.28,2,LHC,,,7.72,15.12
2738.28,2,HCAP,,,18.6,6.48
2738.28,2,LHC,,,8.29,23.87
2738.28,2,LHC,,,23.68,6.94
2738.28,2,HCAP,,,8.12,16.08
2738.28,2,HCAP,,,12.03,10.13
2738.38,2,LHC,,,23.75,7.14
2738.38,2,LHC,,,9.47,21.86
2738.38,2,HCAP,,,18.86,6.29
2738.38,2,LHC,,,10.92,9.86
2738.38,2,HCAP,,,12.24,9.97
2738.38,2,HCAP,,,16.1,6.48
2738.38,2,HCAP,,,8.32,15.97
2738.48,2,LHC,,,24.03,6.93
2738.48,2,HCAP,,,19.0,6.26
2738.48,2,HCAP,,,7.27,18.02
2738.48,2,HCAP,,,12.2,10.19
2738.48,2,LHC,,,10.89,9.92
2738.48,2,LHC,,,9.15,22.68
2738.48,2,HCAP,,,14.08,6.55
2738.58,2,HCAP,,,19.22,5.83
2738.58,2,LHC,,,24.18,6.7
2738.58,2,HCAP,,,12.36,10.08
2738.58,2,HCAP,,,4.97,22.24
2738.58,2,HCAP,,,16.62,5.58
2738.58,2,HCAP,,,14.16,6.54
2738.58,2,LHC,,,11.18,9.6
2738.68,2,LHC,,,24.37,6.89
2738.68,2,HCAP,,,19.54,5.54
2738.68,2,HCAP,,,12.47,10.06
2738.68,2,LHC,,,11.12,9.63
2738.68,2,HCAP,,,17.44,4.17
2738.68,2,HCAP,,,9.03,15.15
2738.78,2,LHC,,,24.57,7.17
2738.78,2,HCAP,,,19.74,5.43
2738.78,2,HCAP,,,10.98,20.22
2738.78,2,HCAP,,,12.2,10.68
2738.78,2,HCAP,,,14.1,7.03
2738.78,2,LHC,,,11.14,9.6
2738.78,2,HCAP,,,9.23,14.99
2738.88,2,HCAP,,,10.64,21.19
2738.88,2,HCAP,,,20.05,5.27
2738.88,2,LHC,,,24.66,7.32
2738.88,2,HCAP,,,12.0,11.06
2738.88,2,LHC,,,11.1,9.68
2738.88,2,HCAP,,,8.48,16.33
2738.98,2,HCAP,,,10.0,23.0
2738.98,2,LHC,,,24.63,8.09
2738.98,2,HCAP,,,12.18,10.91
2738.98,2,HCAP,,,20.22,5.31
2738.98,2,HCAP,,,11.07,12.06
2738.98,2,LHC,,,11.18,9.58
2739.08,2,LHC,,,24.52,8.92
2739.08,2,HCAP,,,9.4,24.44
2739.08,2,HCAP,,,17.16,5.54
2739.08,2,LHC,,,13.54,13.11
2739.08,2,HCAP,,,6.92,19.1
2739.08,2,HCAP,,,20.28,5.37
2739.08,2,LHC,,,11.06,9.67
2739.18,2,LHC,,,24.02,9.16
2739.18,2,HCAP,,,8.86,24.89
2739.18,2,HCAP,,,16.93,5.75
2739.18,2,LHC,,,10.59,9.93
2739.18,2,HCAP,,,20.04,5.62
2739.18,2,HCAP,,,17.7,5.48
2739.18,2,HCAP,,,4.28,22.94
2739.18,2,LHC,,,13.78,12.6
2739.18,2,HCAP,,,5.38,22.09
2739.28,2,LHC,,,23.62,9.69
2739.28,2,HCAP,,,8.32,25.5
2739.28,2,HCAP,,,2.42,27.15
2739.28,2,HCAP,,,4.54,22.22
2739.28,2,HCAP,,,19.94,5.64
2739.28,2,HCAP,,,17.29,6.3
2739.28,2,LHC,,,13.52,13.33
2739.38,2,HCAP,,,19.52,6.41
2739.38,2,LHC,,,23.08,10.42
2739.38,2,HCAP,,,7.54,26.73
2739.38,2,HCAP,,,1.74,28.26
2739.38,2,HCAP,,,3.64,23.7
2739.38,2,HCAP,,,17.67,5.42
2739.38,2,LHC,,,13.52,13.21
2739.48,2,HCAP,,,19.33,6.7
2739.48,2,HCAP,,,16.5,6.09
2739.48,2,LHC,,,22.8,10.5
2739.48,2,HCAP,,,7.41,27.04
2739.48,2,HCAP,,,0.97,27.71
2739.48,2,HCAP,,,0.79,29.89
2739.48,2,HCAP,,,17.71,5.24
2739.48,2,LHC,,,5.67,28.92
2739.58,2,HCAP,,,3.42,31.31
2739.58,2,LHC,,,21.48,3.15
2739.58,2,HCAP,,,6.68,30.23
2739.58,2,HCAP,,,14.67,27.03
2739.58,2,LHC,,,29.56,9.95
2739.58,2,HCAP,,,24.93,4.34
2739.58,2,LHC,,,19.07,12.33
2739.68,2,LHC,,,29.4,10.26
2739.68,2,HCAP,,,24.93,4.51
2739.68,2,HCAP,,,6.96,30.22
2739.68,2,LHC,,,21.44,3.1
2739.68,2,LHC,,,13.85,28.45
2739.68,2,HCAP,,,14.09,28.81
2739.68,2,HCAP,,,22.59,2.92
2739.78,2,LHC,,,28.89,10.41
2739.78,2,HCAP,,,8.6,27.13
2739.78,2,HCAP,,,21.2,3.4
2739.78,2,HCAP,,,24.69,4.3
2739.78,2,HCAP,,,21.98,4.82
2739.78,2,LHC,,,16.88,6.3
2739.78,2,LHC,,,17.22,17.69
2739.88,2,LHC,,,28.23,11.56
2739.88,2,HCAP,,,8.65,28.09
2739.88,2,HCAP,,,20.86,4.15
2739.88,2,HCAP,,,22.0,4.11
2739.88,2,HCAP,,,24.45,4.5
2739.88,2,LHC,,,18.23,14.84
2739.98,2,HCAP,,,9.53,27.02
2739.98,2,HCAP,,,23.95,5.4
2739.98,2,LHC,,,27.69,11.95
2739.98,2,HCAP,,,21.24,6.21
2739.98,2,LHC,,,15.37,9.48
2739.98,2,HCAP,,,20.5,4.95
2739.98,2,LHC,,,16.98,18.61
2740.08,2,LHC,,,27.48,11.95
2740.08,2,HCAP,,,23.74,5.81
2740.08,2,HCAP,,,20.31,5.34
2740.08,2,HCAP,,,21.34,5.94
2740.08,2,LHC,,,15.2,23.61
2740.08,2,HCAP,,,10.46,25.28
2740.18,2,HCAP,,,20.21,5.38
2740.18,2,LHC,,,13.89,26.83
2740.18,2,LHC,,,27.44,11.38
2740.18,2,HCAP,,,23.57,6.06
2740.18,2,HCAP,,,21.37,5.85
2740.18,2,HCAP,,,17.32,19.3
2740.18,2,LHC,,,15.96,8.22
2740.18,2,HCAP,,,11.08,23.73
2740.28,2,LHC,,,14.37,24.37
2740.28,2,LHC,,,27.36,11.61
2740.28,2,HCAP,,,17.87,18.03
2740.28,2,HCAP,,,21.43,5.57
2740.28,2,HCAP,,,20.04,5.59
2740.28,2,HCAP,,,12.33,21.35
2740.28,2,HCAP,,,23.41,6.06
2740.28,2,LHC,,,15.3,9.39
2740.38,2,LHC,,,14.93,22.47
2740.38,2,LHC,,,27.35,11.48
2740.38,2,HCAP,,,21.1,6.47
2740.38,2,HCAP,,,13.22,19.32
2740.38,2,HCAP,,,19.94,5.71
2740.38,2,HCAP,,,17.57,20.0
2740.38,2,LHC,,,14.84,10.47
2740.48,2,LHC,,,15.16,21.42
2740.48,2,LHC,,,27.33,11.03
2740.48,2,HCAP,,,20.98,6.58
2740.48,2,HCAP,,,14.6,16.22
2740.48,2,HCAP,,,19.87,5.68
2740.48,2,HCAP,,,17.28,21.44
2740.48,2,LHC,,,14.5,11.11
2740.48,2,HCAP,,,23.56,5.91
2740.58,2,LHC,,,20.01,20.31
2740.58,2,LHC,,,32.77,11.74
2740.58,2,HCAP,,,13.14,29.18
2740.58,2,HCAP,,,26.92,6.15
2740.58,2,HCAP,,,22.31,24.35
2740.58,2,LHC,,,17.12,10.84
2740.58,2,HCAP,,,22.52,5.11
2740.58,2,HCAP,,,24.19,5.7
2740.68,2,LHC,,,20.6,17.47
2740.68,2,HCAP,,,14.04,27.3
2740.68,2,HCAP,,,22.21,26.62
2740.68,2,LHC,,,16.94,11.28
2740.68,2,HCAP,,,24.21,5.74
2740.68,2,HCAP,,,22.42,5.18
2740.68,2,HCAP,,,18.5,15.87
2740.68,2,LHC,,,32.75,11.04
2740.68,2,HCAP,,,27.14,5.27
2740.78,2,LHC,,,20.48,16.97
2740.78,2,HCAP,,,15.06,24.91
2740.78,2,HCAP,,,24.26,5.63
2740.78,2,LHC,,,16.89,11.36
2740.78,2,LHC,,,32.61,10.82
2740.78,2,HCAP,,,27.08,5.51
2740.78,2,HCAP,,,22.26,30.15
2740.78,2,HCAP,,,22.39,5.06
2740.88,2,LHC,,,20.5,15.97
2740.88,2,HCAP,,,15.46,24.06
2740.88,2,LHC,,,32.44,9.67
2740.88,2,HCAP,,,24.2,5.7
2740.88,2,LHC,,,16.83,11.5
2740.88,2,HCAP,,,14.79,15.08
2740.88,2,HCAP,,,27.26,4.26
2740.98,2,LHC,,,20.66,14.78
2740.98,2,LHC,,,32.33,9.33
2740.98,2,LHC,,,16.72,11.92
2740.98,2,HCAP,,,15.99,22.57
2740.98,2,HCAP,,,24.12,5.81
2740.98,2,HCAP,,,14.8,14.9
2741.08,2,LHC,,,20.77,14.02
2741.08,2,LHC,,,32.19,8.68
2741.08,2,HCAP,,,16.66,21.06
2741.08,2,LHC,,,16.51,12.57
2741.08,2,HCAP,,,27.11,5.09
2741.08,2,HCAP,,,24.24,5.57
2741.08,2,HCAP,,,15.02,14.28
2741.18,2,LHC,,,20.82,13.74
2741.18,2,LHC,,,16.61,12.35
2741.18,2,LHC,,,32.14,8.06
2741.18,2,HCAP,,,15.01,14.12
2741.18,2,HCAP,,,17.27,19.66
2741.18,2,HCAP,,,27.11,4.87
2741.18,2,HCAP,,,24.16,5.83
2741.28,2,LHC,,,16.56,12.62
2741.28,2,LHC,,,32.06,7.87
2741.28,2,LHC,,,20.94,13.13
2741.28,2,HCAP,,,14.95,14.09
2741.28,2,HCAP,,,17.65,19.25
2741.28,2,HCAP,,,24.12,6.0
2741.28,2,HCAP,,,27.06,5.23
2741.28,2,HCAP,,,22.0,4.62
2741.38,2,LHC,,,16.38,13.08
2741.38,2,LHC,,,32.06,7.7
2741.38,2,LHC,,,20.88,12.85
2741.38,2,HCAP,,,27.03,5.47
2741.38,2,HCAP,,,15.11,13.46
2741.38,2,HCAP,,,17.92,18.95
2741.38,2,HCAP,,,24.07,5.99
2741.38,2,HCAP,,,22.0,4.22
2741.48,2,LHC,,,16.44,13.13
2741.48,2,HCAP,,,14.88,13.85
2741.48,2,LHC,,,21.02,12.39
2741.48,2,HCAP,,,17.88,19.86
2741.48,2,HCAP,,,26.95,6.21
2741.48,2,LHC,,,32.08,7.33
2741.48,2,HCAP,,,24.04,6.24
2741.48,2,HCAP,,,21.86,4.39
2741.58,2,LHC,,,22.72,10.06
2741.58,2,HCAP,,,21.41,10.01
2741.58,2,LHC,,,26.74,10.58
2741.58,2,HCAP,,,24.86,17.7
2741.58,2,HCAP,,,28.7,5.54
2741.58,2,HCAP,,,26.33,2.84
2741.58,2,LHC,,,37.94,8.75
2741.58,2,HCAP,,,31.74,6.19
2741.68,2,LHC,,,22.57,10.8
2741.68,2,HCAP,,,21.48,9.46
2741.68,2,LHC,,,38.01,9.08
2741.68,2,HCAP,,,28.74,5.52
2741.68,2,LHC,,,26.88,9.94
2741.68,2,HCAP,,,31.77,8.05
2741.68,2,HCAP,,,26.18,2.98
2741.68,2,HCAP,,,24.96,18.37
2741.68,2,HCAP,,,24.86,18.48
2741.78,2,LHC,,,22.62,10.58
2741.78,2,HCAP,,,21.45,9.0
2741.78,2,LHC,,,37.89,9.03
2741.78,2,HCAP,,,28.7,5.54
2741.78,2,HCAP,,,31.7,8.22
2741.78,2,HCAP,,,26.08,2.79
2741.78,2,HCAP,,,24.87,19.94
2741.78,2,HCAP,,,26.71,5.07
2741.78,2,LHC,,,27.1,8.38
2741.88,2,LHC,,,22.57,11.03
2741.88,2,LHC,,,38.02,9.64
2741.88,2,HCAP,,,21.38,8.72
2741.88,2,HCAP,,,28.73,5.51
2741.88,2,HCAP,,,26.01,2.54
2741.88,2,HCAP,,,24.44,21.54
2741.88,2,HCAP,,,31.61,6.75
2741.88,2,LHC,,,26.86,9.74
2741.88,2,HCAP,,,24.53,21.53
2741.98,2,LHC,,,22.47,11.32
2741.98,2,LHC,,,37.87,9.6
2741.98,2,HCAP,,,21.35,8.2
2741.98,2,HCAP,,,31.56,8.88
2741.98,2,HCAP,,,28.65,5.6
2741.98,2,LHC,,,26.78,9.87
2741.98,2,HCAP,,,24.17,23.27
2742.08,2,HCAP,,,23.72,25.59
2742.08,2,LHC,,,22.52,11.19
2742.08,2,HCAP,,,21.29,7.98
2742.08,2,HCAP,,,31.51,8.21
2742.08,2,HCAP,,,28.64,5.51
2742.08,2,LHC,,,37.92,10.09
2742.08,2,LHC,,,26.96,10.25
2742.08,2,HCAP,,,25.68,2.61
2742.18,2,HCAP,,,23.24,28.59
2742.18,2,LHC,,,37.96,10.11
2742.18,2,LHC,,,22.4,11.89
2742.18,2,HCAP,,,28.64,5.57
2742.18,2,HCAP,,,31.54,9.09
2742.18,2,HCAP,,,21.24,7.82
2742.18,2,LHC,,,26.72,10.5
2742.18,2,HCAP,,,25.62,2.38
2742.28,2,LHC,,,37.86,10.21
2742.28,2,LHC,,,22.37,11.91
2742.28,2,HCAP,,,22.5,31.67
2742.28,2,HCAP,,,21.22,7.58
2742.28,2,LHC,,,26.63,10.4
2742.28,2,HCAP,,,28.61,5.37
2742.28,2,HCAP,,,31.45,7.21
2742.28,2,HCAP,,,25.49,2.17
2742.38,2,LHC,,,37.65,10.6
2742.38,2,HCAP,,,28.51,5.55
2742.38,2,LHC,,,22.15,12.52
2742.38,2,LHC,,,26.41,11.0
2742.38,2,HCAP,,,31.33,7.25
2742.38,2,HCAP,,,21.15,7.39
2742.38,2,HCAP,,,25.3,2.11
2742.48,2,LHC,,,26.14,11.72
2742.48,2,HCAP,,,20.93,7.5
2742.48,2,LHC,,,21.75,13.52
2742.48,2,LHC,,,37.38,10.71
2742.48,2,HCAP,,,31.17,8.63
2742.48,2,HCAP,,,28.33,5.78
2742.48,2,HCAP,,,25.03,2.23
2742.58,2,HCAP,,,37.93,10.87
2742.58,2,LHC,,,28.43,15.79
2742.58,2,HCAP,,,26.24,8.22
2742.58,2,LHC,,,32.85,13.99
2742.58,2,LHC,,,46.45,15.01
2742.58,2,HCAP,,,45.01,15.78
2742.58,2,HCAP,,,33.95,6.93
2742.68,2,HCAP,,,26.07,8.28
2742.68,2,LHC,,,28.35,16.9
2742.68,2,LHC,,,32.76,14.75
2742.68,2,HCAP,,,37.61,10.13
2742.68,2,LHC,,,46.72,15.98
2742.68,2,HCAP,,,46.41,18.18
2742.68,2,HCAP,,,33.83,6.57
2742.78,2,LHC,,,32.52,15.22
2742.78,2,HCAP,,,25.69,8.48
2742.78,2,LHC,,,28.06,17.98
2742.78,2,HCAP,,,37.28,10.09
2742.78,2,HCAP,,,33.63,6.51
2742.78,2,LHC,,,46.4,15.89
2742.78,2,HCAP,,,45.95,17.22
2742.88,2,LHC,,,32.3,16.55
2742.88,2,HCAP,,,37.05,10.31
2742.88,2,HCAP,,,25.23,9.12
2742.88,2,LHC,,,27.95,17.79
2742.88,2,HCAP,,,33.48,6.79
2742.88,2,LHC,,,46.06,15.63
2742.98,2,LHC,,,27.97,18.47
2742.98,2,LHC,,,32.37,17.56
2742.98,2,HCAP,,,37.19,11.31
2742.98,2,HCAP,,,24.92,9.67
2742.98,2,LHC,,,46.98,18.53
2742.98,2,LHC,,,35.88,0.63
2742.98,2,HCAP,,,33.45,6.88
2742.98,2,HCAP,,,47.18,17.32
2743.08,2,LHC,,,27.74,20.08
2743.08,2,LHC,,,47.09,18.76
2743.08,2,HCAP,,,24.32,10.3
2743.08,2,HCAP,,,37.13,12.18
2743.08,2,HCAP,,,33.56,6.97
2743.08,2,LHC,,,32.19,19.06
2743.18,2,HCAP,,,37.15,14.0
2743.18,2,LHC,,,32.16,20.12
2743.18,2,LHC,,,47.78,20.76
2743.18,2,LHC,,,27.99,16.5
2743.18,2,HCAP,,,33.16,6.8
2743.18,2,HCAP,,,23.79,10.61
2743.28,2,HCAP,,,33.11,6.95
2743.28,2,HCAP,,,37.04,14.97
2743.28,2,LHC,,,32.07,22.54
2743.28,2,LHC,,,27.81,18.25
2743.28,2,LHC,,,46.1,17.79
2743.28,2,HCAP,,,23.42,11.68
2743.28,2,HCAP,,,29.01,27.13
2743.28,2,HCAP,,,49.26,22.2
2743.38,2,LHC,,,31.83,25.15
2743.38,2,HCAP,,,33.06,7.35
2743.38,2,LHC,,,46.22,18.13
2743.38,2,HCAP,,,50.05,23.33
2743.38,2,HCAP,,,22.84,12.19
2743.38,2,LHC,,,28.12,12.53
2743.38,2,HCAP,,,36.95,16.83
2743.38,2,HCAP,,,28.19,30.48
2743.48,2,HCAP,,,33.08,7.7
2743.48,2,LHC,,,31.2,27.7
2743.48,2,HCAP,,,36.76,18.26
2743.48,2,LHC,,,46.96,19.62
2743.48,2,HCAP,,,51.93,26.61
2743.48,2,HCAP,,,22.05,13.62
2743.48,2,LHC,,,28.27,11.48
2743.58,2,LHC,,,55.05,24.29
2743.58,2,LHC,,,35.91,28.29
2743.58,2,HCAP,,,44.13,23.28
2743.58,2,HCAP,,,38.83,10.98
2743.58,2,HCAP,,,27.46,17.4
2743.68,2,LHC,,,55.48,25.6
2743.68,2,LHC,,,35.7,28.13
2743.68,2,HCAP,,,43.9,25.45
2743.68,2,HCAP,,,26.51,19.24
2743.68,2,HCAP,,,38.81,11.77
2743.78,2,LHC,,,56.54,28.07
2743.88,2,LHC,,,57.37,30.33
2743.88,2,HCAP,,,23.77,23.32
2743.98,2,HCAP,,,21.84,26.82
2744.08,2,HCAP,,,19.55,30.44
2744.28,2,LHC,,,36.58,17.61
2744.38,2,LHC,,,36.04,19.05
2744.88,2,HCAP,,,33.92,25.4
2744.88,2,HCAP,,,31.44,5.74
2744.98,2,HCAP,,,34.55,26.79
2745.08,2,HCAP,,,34.98,26.53
2745.18,2,HCAP,,,35.83,25.68
2745.18,2,LHC,,,34.07,7.01
2745.28,2,HCAP,,,37.02,25.55
2745.38,2,HCAP,,,37.58,29.56
2745.48,2,HCAP,,,41.03,27.17
2745.58,2,HCAP,,,17.67,21.36
2745.88,2,LHC,,,21.63,22.74
2745.98,2,LHC,,,22.03,24.54
2746.08,2,HCAP,,,23.54,19.76
2746.18,2,HCAP,,,22.88,27.3
2746.28,2,HCAP,,,23.04,28.65
2746.38,2,HCAP,,,23.5,25.99
2746.48,2,HCAP,,,24.08,25.57
2746.58,2,LHC,,,26.9,17.5
2746.58,2,HCAP,,,11.69,26.29
2746.68,2,LHC,,,27.51,17.25
2746.68,2,HCAP,,,11.61,27.06
2746.78,2,LHC,,,28.37,16.18
2746.78,2,HCAP,,,12.42,25.7
2746.88,2,LHC,,,28.96,15.93
2746.88,2,HCAP,,,16.63,16.04
2746.98,2,LHC,,,29.57,15.08
2746.98,2,LHC,,,4.52,30.75
2746.98,2,HCAP,,,16.97,15.54
2747.08,2,LHC,,,30.27,14.82
2747.08,2,HCAP,,,13.21,26.17
2747.08,2,HCAP,,,7.77,26.48
2747.18,2,LHC,,,30.78,13.8
2747.18,2,HCAP,,,13.68,25.08
2747.28,2,LHC,,,31.25,13.49
2747.28,2,HCAP,,,13.91,24.63
2747.38,2,LHC,,,31.84,12.62
2747.38,2,LHC,,,8.58,29.8
2747.38,2,HCAP,,,14.12,24.44
2747.38,2,HCAP,,,11.45,19.42
2747.48,2,LHC,,,31.86,11.85
2747.48,2,HCAP,,,14.78,21.83
2747.48,2,LHC,,,9.37,28.65
2747.58,2,LHC,,,26.74,10.59
2747.58,2,LHC,,,7.48,14.88
2747.58,2,HCAP,,,6.13,24.75
2747.58,2,LHC,,,2.64,27.56
2747.68,2,LHC,,,26.86,9.83
2747.68,2,LHC,,,3.66,25.71
2747.68,2,HCAP,,,6.62,23.49
2747.78,2,LHC,,,27.26,9.33
2747.78,2,LHC,,,5.12,23.43
2747.78,2,HCAP,,,6.87,23.05
2747.78,2,HCAP,,,9.63,16.57
2747.78,2,HCAP,,,14.67,13.87
2747.88,2,LHC,,,9.76,29.0
2747.88,2,LHC,,,27.65,8.71
2747.88,2,LHC,,,6.14,21.84
2747.88,2,HCAP,,,10.53,15.52
2747.88,2,HCAP,,,7.83,21.31
2747.88,2,HCAP,,,10.64,29.37
2747.88,2,HCAP,,,14.96,13.61
2747.98,2,LHC,,,7.1,20.37
2747.98,2,HCAP,,,11.14,11.27
2747.98,2,HCAP,,,15.39,13.06
2747.98,2,LHC,,,10.75,28.26
2747.98,2,LHC,,,28.01,8.25
2747.98,2,HCAP,,,12.32,26.46
2747.98,2,HCAP,,,11.15,14.65
2747.98,2,HCAP,,,9.07,19.14
2748.08,2,LHC,,,11.83,27.58
2748.08,2,LHC,,,7.39,20.06
2748.08,2,HCAP,,,16.01,12.14
2748.08,2,HCAP,,,8.96,19.43
2748.08,2,HCAP,,,12.78,13.17
2748.08,2,LHC,,,28.25,7.73
2748.18,2,LHC,,,13.44,25.44
2748.18,2,LHC,,,8.33,18.57
2748.18,2,HCAP,,,16.37,11.74
2748.18,2,HCAP,,,13.42,12.47
2748.18,2,HCAP,,,9.28,18.9
2748.28,2,LHC,,,14.33,25.15
2748.28,2,HCAP,,,14.16,11.74
2748.28,2,HCAP,,,16.65,11.52
2748.28,2,HCAP,,,12.05,14.37
2748.28,2,LHC,,,9.09,17.37
2748.28,2,HCAP,,,15.39,19.99
2748.38,2,LHC,,,15.75,23.38
2748.38,2,LHC,,,9.54,16.46
2748.38,2,HCAP,,,12.58,13.63
2748.38,2,HCAP,,,14.93,10.88
2748.38,2,HCAP,,,17.22,10.66
2748.38,2,HCAP,,,16.79,17.29
2748.48,2,LHC,,,9.88,15.99
2748.48,2,HCAP,,,12.47,13.55
2748.48,2,LHC,,,16.84,20.94
2748.48,2,HCAP,,,15.13,10.66
2748.48,2,HCAP,,,16.49,17.12
2748.48,2,HCAP,,,17.2,10.39
2748.58,2,HCAP,,,11.07,12.23
2748.58,2,LHC,,,15.52,19.26
2748.58,2,HCAP,,,13.81,9.54
2748.58,2,LHC,,,8.67,15.25
2748.58,2,HCAP,,,15.9,9.04
2748.68,2,LHC,,,16.08,18.47
2748.68,2,HCAP,,,11.02,12.02
2748.68,2,HCAP,,,15.84,8.89
2748.68,2,HCAP,,,13.57,9.82
2748.68,2,LHC,,,9.07,14.12
2748.78,2,LHC,,,16.8,17.23
2748.78,2,LHC,,,8.78,13.42
2748.78,2,HCAP,,,10.83,12.15
2748.78,2,HCAP,,,13.76,9.35
2748.78,2,HCAP,,,15.93,8.49
2748.78,2,LHC,,,12.83,7.4
2748.88,2,LHC,,,17.47,16.13
2748.88,2,HCAP,,,10.73,12.06
2748.88,2,HCAP,,,16.08,8.01
2748.88,2,LHC,,,8.8,13.26
2748.88,2,LHC,,,13.01,7.29
2748.98,2,LHC,,,17.9,15.6
2748.98,2,LHC,,,10.56,12.06
2748.98,2,HCAP,,,16.11,7.72
2748.98,2,LHC,,,9.67,11.52
2748.98,2,HCAP,,,21.69,2.5
2749.08,2,LHC,,,18.31,14.98
2749.08,2,LHC,,,9.68,11.37
2749.08,2,HCAP,,,14.74,12.07
2749.08,2,LHC,,,10.47,12.09
2749.08,2,HCAP,,,16.16,7.47
2749.08,2,HCAP,,,14.79,7.59
2749.18,2,LHC,,,18.92,13.7
2749.18,2,HCAP,,,14.8,11.31
2749.18,2,LHC,,,10.36,12.0
2749.18,2,LHC,,,10.03,10.62
2749.18,2,HCAP,,,16.51,6.59
2749.18,2,HCAP,,,14.91,7.31
2749.28,2,LHC,,,19.23,13.25
2749.28,2,LHC,,,10.49,11.52
2749.28,2,HCAP,,,14.69,10.95
2749.28,2,LHC,,,9.54,11.31
2749.28,2,HCAP,,,15.07,6.82
2749.28,2,HCAP,,,16.63,6.25
2749.38,2,LHC,,,19.64,12.43
2749.38,2,LHC,,,10.41,11.52
2749.38,2,HCAP,,,14.46,10.84
2749.38,2,LHC,,,10.33,9.78
2749.38,2,HCAP,,,15.16,6.53
2749.48,2,LHC,,,20.19,11.2
2749.48,2,LHC,,,25.55,1.86
2749.48,2,LHC,,,10.49,9.3
2749.48,2,LHC,,,10.29,11.42
2749.48,2,HCAP,,,15.03,6.54
2749.48,2,HCAP,,,14.52,10.26
2749.58,2,LHC,,,20.45,10.77
2749.58,2,LHC,,,10.58,11.25
2749.58,2,LHC,,,23.99,3.04
2749.58,2,HCAP,,,15.0,9.8
2749.58,2,LHC,,,10.98,8.87
2749.58,2,HCAP,,,17.35,5.93
2749.58,2,HCAP,,,15.68,6.28
2749.68,2,LHC,,,20.69,10.34
2749.68,2,LHC,,,23.95,2.78
2749.68,2,LHC,,,10.35,11.44
2749.68,2,LHC,,,11.06,8.58
2749.68,2,HCAP,,,15.24,8.97
2749.68,2,HCAP,,,20.66,2.78
2749.68,2,HCAP,,,15.56,6.2
2749.68,2,HCAP,,,17.44,5.68
2749.78,2,LHC,,,21.08,9.44
2749.78,2,LHC,,,10.21,11.46
2749.78,2,LHC,,,11.12,8.34
2749.78,2,HCAP,,,17.67,5.36
2749.78,2,HCAP,,,15.3,8.6
2749.78,2,HCAP,,,15.41,6.18
2749.78,2,LHC,,,23.94,2.64
2749.78,2,HCAP,,,20.64,2.77
2749.88,2,LHC,,,21.46,8.75
2749.88,2,LHC,,,10.39,11.0
2749.88,2,HCAP,,,15.4,8.23
2749.88,2,HCAP,,,15.24,6.21
2749.88,2,LHC,,,23.97,2.56
2749.88,2,LHC,,,11.29,7.99
2749.88,2,HCAP,,,20.7,2.62
2749.88,2,HCAP,,,17.94,5.02
2749.98,2,LHC,,,21.8,8.33
2749.98,2,LHC,,,10.16,11.18
2749.98,2,HCAP,,,15.61,7.7
2749.98,2,HCAP,,,20.82,2.43
2749.98,2,LHC,,,11.26,7.94
2749.98,2,HCAP,,,18.15,4.82
2749.98,2,HCAP,,,15.15,6.15
2749.98,2,LHC,,,24.22,2.18
2750.08,2,LHC,,,22.15,7.98
2750.08,2,HCAP,,,20.98,2.23
2750.08,2,HCAP,,,15.68,7.48
2750.08,2,LHC,,,10.14,11.07
2750.08,2,HCAP,,,18.36,4.55
2750.08,2,LHC,,,11.41,7.72
2750.08,2,LHC,,,24.45,2.0
2750.08,2,HCAP,,,15.06,6.1
2750.18,2,LHC,,,22.47,7.71
2750.18,2,LHC,,,10.25,10.82
2750.18,2,HCAP,,,21.11,2.12
2750.18,2,HCAP,,,15.99,6.91
2750.18,2,LHC,,,11.56,7.49
2750.18,2,HCAP,,,18.58,4.35
2750.18,2,LHC,,,24.59,1.93
2750.28,2,LHC,,,22.74,7.49
2750.28,2,LHC,,,10.35,10.57
2750.28,2,HCAP,,,16.07,6.78
2750.28,2,HCAP,,,18.79,4.17
2750.28,2,HCAP,,,21.29,1.96
2750.28,2,LHC,,,11.98,6.91
2750.28,2,HCAP,,,14.89,6.06
2750.28,2,LHC,,,24.79,1.74
2750.38,2,LHC,,,22.97,7.31
2750.38,2,LHC,,,10.33,10.52
2750.38,2,HCAP,,,21.43,1.89
2750.38,2,HCAP,,,16.21,6.55
2750.38,2,HCAP,,,18.91,4.15
2750.38,2,LHC,,,12.53,6.2
2750.38,2,HCAP,,,14.47,6.47
2750.38,2,LHC,,,24.99,1.54
2750.48,2,LHC,,,10.75,9.87
2750.48,2,HCAP,,,21.56,1.78
2750.48,2,LHC,,,23.27,6.81
2750.48,2,HCAP,,,16.39,6.26
2750.48,2,HCAP,,,19.12,4.0
2750.48,2,HCAP,,,13.89,7.03
2750.48,2,LHC,,,11.61,7.72
2750.48,2,LHC,,,25.16,1.54
2750.58,2,LHC,,,23.54,6.31
2750.58,2,LHC,,,10.89,9.59
2750.58,2,HCAP,,,21.71,1.53
2750.58,2,HCAP,,,13.95,6.95
2750.58,2,HCAP,,,16.66,5.7
2750.58,2,HCAP,,,19.43,3.52
2750.58,2,LHC,,,11.82,7.42
2750.58,2,LHC,,,25.47,0.92
2750.68,2,LHC,,,23.71,6.12
2750.68,2,LHC,,,11.07,9.4
2750.68,2,HCAP,,,13.88,7.07
2750.68,2,HCAP,,,21.86,1.4
2750.68,2,HCAP,,,16.66,5.78
2750.68,2,HCAP,,,19.59,3.43
2750.68,2,LHC,,,25.57,1.12
2750.78,2,LHC,,,11.34,9.06
2750.78,2,LHC,,,23.9,5.9
2750.78,2,HCAP,,,22.0,1.29
2750.78,2,HCAP,,,16.78,5.61
2750.78,2,HCAP,,,19.84,3.17
2750.78,2,HCAP,,,14.23,6.1
2750.88,2,LHC,,,24.16,5.21
2750.88,2,HCAP,,,14.13,7.3
2750.88,2,HCAP,,,22.11,1.24
2750.88,2,LHC,,,11.5,8.91
2750.88,2,HCAP,,,19.95,3.29
2750.88,2,HCAP,,,16.88,5.52
2750.88,2,HCAP,,,14.19,6.03
2750.98,2,LHC,,,24.25,4.99
2750.98,2,HCAP,,,14.26,7.24
2750.98,2,HCAP,,,22.22,1.15
2750.98,2,HCAP,,,16.98,5.44
2750.98,2,HCAP,,,20.16,3.07
2750.98,2,LHC,,,11.61,8.83
2750.98,2,HCAP,,,14.22,5.91
2751.08,2,LHC,,,24.36,4.57
2751.08,2,HCAP,,,22.4,0.87
2751.08,2,HCAP,,,20.25,3.23
2751.08,2,HCAP,,,14.25,7.46
2751.08,2,LHC,,,11.86,8.57
2751.08,2,HCAP,,,17.03,5.44
2751.08,2,HCAP,,,14.35,5.66
2751.18,2,LHC,,,24.39,4.28
2751.18,2,HCAP,,,22.45,0.87
2751.18,2,LHC,,,12.04,8.4
2751.18,2,HCAP,,,14.36,7.42
2751.18,2,HCAP,,,20.26,3.46
2751.18,2,HCAP,,,17.23,5.16
2751.18,2,HCAP,,,14.35,5.64
2751.28,2,LHC,,,24.41,4.03
2751.28,2,HCAP,,,17.21,5.28
2751.28,2,HCAP,,,20.61,2.96
2751.28,2,HCAP,,,14.28,7.69
2751.28,2,LHC,,,12.35,8.04
2751.28,2,HCAP,,,22.6,0.66
2751.28,2,HCAP,,,14.55,5.4
2751.38,2,LHC,,,12.5,7.89
2751.38,2,LHC,,,24.37,3.71
2751.38,2,HCAP,,,20.73,2.9
2751.38,2,HCAP,,,22.66,0.67
2751.38,2,HCAP,,,14.35,7.73
2751.38,2,HCAP,,,17.35,5.1
2751.38,2,HCAP,,,14.71,5.19
2751.48,2,LHC,,,12.76,7.56
2751.48,2,HCAP,,,22.71,0.74
2751.48,2,HCAP,,,17.41,4.98
2751.48,2,LHC,,,24.31,3.51
2751.48,2,HCAP,,,20.91,2.74
2751.48,2,HCAP,,,14.23,8.14
2751.48,2,HCAP,,,14.92,4.98
2751.58,2,LHC,,,13.07,7.35
2751.58,2,LHC,,,24.33,3.07
2751.58,2,HCAP,,,22.86,0.62
2751.58,2,HCAP,,,14.44,8.11
2751.58,2,HCAP,,,17.56,4.97
2751.58,2,HCAP,,,21.12,2.62
2751.58,2,HCAP,,,15.1,4.94
2751.68,2,LHC,,,13.16,7.32
2751.68,2,HCAP,,,22.89,0.69
2751.68,2,HCAP,,,17.69,4.74
2751.68,2,LHC,,,24.25,2.91
2751.68,2,HCAP,,,21.21,2.62
2751.68,2,HCAP,,,14.21,8.68
2751.68,2,HCAP,,,15.24,4.79
2751.78,2,LHC,,,13.3,7.2
2751.78,2,HCAP,,,14.38,8.65
2751.78,2,LHC,,,24.17,2.91
2751.78,2,HCAP,,,21.27,2.75
2751.78,2,LHC,,,12.97,6.79
2751.78,2,HCAP,,,22.95,0.67
2751.78,2,HCAP,,,17.75,4.64
2751.78,2,HCAP,,,15.27,4.79
2751.88,2,LHC,,,13.38,7.21
2751.88,2,LHC,,,24.16,2.61
2751.88,2,HCAP,,,14.2,9.05
2751.88,2,HCAP,,,21.31,2.85
2751.88,2,LHC,,,13.0,6.73
2751.88,2,HCAP,,,15.53,4.49
2751.88,2,HCAP,,,17.72,4.66
2751.88,2,HCAP,,,23.03,0.64
2751.98,2,LHC,,,13.54,7.08
2751.98,2,LHC,,,24.11,2.57
2751.98,2,HCAP,,,23.12,0.54
2751.98,2,HCAP,,,17.8,4.49
2751.98,2,HCAP,,,14.36,8.89
2751.98,2,HCAP,,,21.38,2.95
2751.98,2,LHC,,,13.05,6.68
2751.98,2,HCAP,,,15.89,4.07
2752.08,2,LHC,,,13.57,7.15
2752.08,2,HCAP,,,14.3,9.18
2752.08,2,LHC,,,24.09,2.35
2752.08,2,HCAP,,,23.16,0.55
2752.08,2,HCAP,,,21.5,2.83
2752.08,2,HCAP,,,17.69,4.62
2752.08,2,LHC,,,13.05,6.67
2752.08,2,HCAP,,,15.92,4.16
2752.18,2,LHC,,,13.73,7.02
2752.18,2,HCAP,,,14.24,9.45
2752.18,2,HCAP,,,16.12,3.97
2752.18,2,LHC,,,24.1,2.11
2752.18,2,HCAP,,,21.61,2.82
2752.18,2,HCAP,,,23.19,0.52
2752.18,2,HCAP,,,17.76,4.58
2752.18,2,LHC,,,13.04,6.67
2752.28,2,HCAP,,,14.28,9.53
2752.28,2,LHC,,,13.86,6.96
2752.28,2,HCAP,,,16.37,3.73
2752.28,2,HCAP,,,23.24,0.45
2752.28,2,LHC,,,24.08,2.13
2752.28,2,HCAP,,,21.66,2.92
2752.28,2,HCAP,,,17.72,4.33
2752.28,2,LHC,,,13.04,6.69
2752.38,2,HCAP,,,14.33,9.56
2752.38,2,LHC,,,13.94,6.94
2752.38,2,HCAP,,,16.39,3.86
2752.38,2,HCAP,,,23.26,0.4
2752.38,2,HCAP,,,21.8,2.74
2752.38,2,HCAP,,,17.62,4.44
2752.38,2,LHC,,,24.11,1.85
2752.38,2,LHC,,,13.06,6.66
2752.48,2,LHC,,,14.15,6.68
2752.48,2,HCAP,,,14.4,9.61
2752.48,2,HCAP,,,16.51,3.76
2752.48,2,HCAP,,,21.82,2.84
2752.48,2,HCAP,,,23.28,0.39
2752.48,2,HCAP,,,17.64,4.22
2752.48,2,LHC,,,24.09,1.89
2752.48,2,LHC,,,13.04,6.69
2752.58,2,LHC,,,14.05,6.81
2752.58,2,HCAP,,,21.79,2.95
2752.58,2,HCAP,,,14.37,9.77
2752.58,2,HCAP,,,23.23,0.46
2752.58,2,LHC,,,24.04,1.97
2752.58,2,HCAP,,,16.72,3.49
2752.68,2,LHC,,,14.04,6.87
2752.68,2,HCAP,,,21.79,3.05
2752.68,2,HCAP,,,23.22,0.48
2752.68,2,HCAP,,,16.64,3.85
2752.68,2,LHC,,,24.13,1.71
2752.68,2,HCAP,,,14.21,10.09
2752.68,2,LHC,,,12.98,6.7
2752.78,2,HCAP,,,21.75,3.2
2752.78,2,LHC,,,14.01,6.96
2752.78,2,HCAP,,,17.05,3.35
2752.78,2,LHC,,,24.17,1.63
2752.78,2,HCAP,,,23.23,0.45
2752.78,2,HCAP,,,14.1,10.21
2752.88,2,HCAP,,,21.72,3.25
2752.88,2,LHC,,,13.95,7.07
2752.88,2,HCAP,,,14.09,10.1
2752.88,2,HCAP,,,23.23,0.47
2752.88,2,HCAP,,,17.28,3.18
2752.88,2,LHC,,,24.24,1.55
2752.98,2,LHC,,,13.84,7.23
2752.98,2,HCAP,,,21.71,3.2
2752.98,2,LHC,,,24.33,1.5
2752.98,2,HCAP,,,17.62,2.76
2752.98,2,HCAP,,,23.22,0.49
2753.08,2,LHC,,,13.7,7.4
2753.08,2,HCAP,,,21.67,3.25
2753.08,2,HCAP,,,13.56,10.56
2753.08,2,HCAP,,,23.22,0.51
2753.08,2,LHC,,,24.43,1.47
2753.18,2,LHC,,,24.65,7.33
2753.18,2,LHC,,,13.66,7.42
2753.18,2,HCAP,,,21.57,3.5
2753.18,2,HCAP,,,13.41,10.61
2753.18,2,HCAP,,,18.65,1.83
2753.18,2,LHC,,,24.59,1.25
2753.18,2,HCAP,,,23.21,0.52
2753.28,2,LHC,,,24.37,7.76
2753.28,2,LHC,,,13.46,7.66
2753.28,2,HCAP,,,13.31,10.57
2753.28,2,HCAP,,,21.41,3.89
2753.28,2,LHC,,,24.78,1.06
2753.28,2,HCAP,,,23.22,0.49
2753.38,2,LHC,,,24.05,8.62
2753.38,2,LHC,,,13.32,7.82
2753.38,2,HCAP,,,13.27,10.44
2753.38,2,HCAP,,,21.35,3.93
2753.38,2,LHC,,,24.94,0.95
2753.38,2,HCAP,,,18.39,2.27
2753.38,2,HCAP,,,23.22,0.49
2753.48,2,LHC,,,13.28,7.83
2753.48,2,LHC,,,23.71,8.91
2753.48,2,HCAP,,,21.29,3.87
2753.48,2,HCAP,,,13.06,10.68
2753.48,2,LHC,,,20.5,0.91
2753.48,2,HCAP,,,23.22,0.49
2753.58,2,LHC,,,13.12,8.18
2753.58,2,HCAP,,,21.21,4.21
2753.58,2,HCAP,,,13.0,10.91
2753.58,2,LHC,,,23.42,9.25
2753.58,2,LHC,,,20.37,1.15
2753.58,2,HCAP,,,23.26,0.57
2753.68,2,LHC,,,22.93,10.11
2753.68,2,LHC,,,13.05,8.25
2753.68,2,HCAP,,,21.1,4.36
2753.68,2,HCAP,,,13.16,10.57
2753.68,2,LHC,,,20.24,1.37
2753.68,2,HCAP,,,23.27,0.56
2753.68,2,LHC,,,13.01,6.88
2753.78,2,LHC,,,22.56,10.51
2753.78,2,LHC,,,13.07,8.19
2753.78,2,HCAP,,,13.17,10.55
2753.78,2,LHC,,,20.19,1.41
2753.78,2,HCAP,,,21.03,4.44
2753.78,2,HCAP,,,23.28,0.53
2753.78,2,LHC,,,12.96,6.97
2753.88,2,LHC,,,22.11,11.3
2753.88,2,LHC,,,13.11,8.13
2753.88,2,HCAP,,,20.95,4.54
2753.88,2,LHC,,,21.13,0.73
2753.88,2,HCAP,,,13.17,10.56
2753.88,2,LHC,,,20.1,1.53
2753.88,2,HCAP,,,23.27,0.52
2753.88,2,LHC,,,12.91,7.04
2753.98,2,LHC,,,21.67,12.16
2753.98,2,LHC,,,12.96,8.26
2753.98,2,HCAP,,,13.16,10.65
2753.98,2,LHC,,,21.09,0.85
2753.98,2,HCAP,,,20.94,4.5
2753.98,2,HCAP,,,23.25,0.57
2754.08,2,LHC,,,21.33,12.88
2754.08,2,LHC,,,12.83,8.48
2754.08,2,HCAP,,,20.78,4.63
2754.08,2,LHC,,,21.11,0.82
2754.08,2,HCAP,,,23.23,0.6
2754.08,2,HCAP,,,13.29,10.41
2754.18,2,LHC,,,21.0,13.74
2754.18,2,LHC,,,12.6,8.7
2754.18,2,HCAP,,,20.63,4.84
2754.18,2,HCAP,,,13.32,10.37
2754.18,2,LHC,,,21.11,0.83
2754.18,2,HCAP,,,23.21,0.62
2754.28,2,LHC,,,20.53,15.06
2754.28,2,LHC,,,12.58,8.64
2754.28,2,HCAP,,,20.55,4.89
2754.28,2,HCAP,,,23.2,0.61
2754.28,2,LHC,,,21.12,0.84
2754.28,2,HCAP,,,13.29,10.18
2754.38,2,LHC,,,19.83,16.19
2754.38,2,LHC,,,12.62,8.52
2754.38,2,HCAP,,,20.39,5.14
2754.38,2,HCAP,,,13.03,10.27
2754.38,2,LHC,,,21.09,0.96
2754.38,2,HCAP,,,23.19,0.58
2754.38,2,LHC,,,12.86,7.07
2754.48,2,LHC,,,19.2,17.36
2754.48,2,HCAP,,,20.36,5.13
2754.48,2,LHC,,,12.52,8.61
2754.48,2,LHC,,,21.1,0.98
2754.48,2,HCAP,,,12.77,10.55
2754.48,2,HCAP,,,23.17,0.6
2754.48,2,LHC,,,12.82,7.06
2754.58,2,LHC,,,18.48,17.94
2754.58,2,HCAP,,,20.26,4.84
2754.58,2,LHC,,,12.32,8.24
2754.58,2,LHC,,,21.03,0.76
2754.58,2,HCAP,,,23.05,0.33
2754.58,2,LHC,,,12.74,6.7
2754.58,2,HCAP,,,14.64,6.29
2754.68,2,LHC,,,17.29,20.62
2754.68,2,LHC,,,11.95,8.72
2754.68,2,HCAP,,,20.23,4.98
2754.68,2,LHC,,,20.99,0.9
2754.68,2,HCAP,,,22.98,0.51
2754.68,2,HCAP,,,12.39,9.89
2754.78,2,LHC,,,16.62,21.93
2754.78,2,HCAP,,,20.16,5.17
2754.78,2,LHC,,,11.79,8.78
2754.78,2,LHC,,,18.89,3.1
2754.78,2,LHC,,,21.11,0.74
2754.78,2,HCAP,,,12.66,9.3
2754.78,2,HCAP,,,22.96,0.49
2754.88,2,LHC,,,11.06,9.71
2754.88,2,HCAP,,,20.0,5.57
2754.88,2,LHC,,,15.37,23.85
2754.88,2,LHC,,,18.61,3.51
2754.88,2,LHC,,,21.08,0.91
2754.88,2,HCAP,,,14.3,6.54
2754.88,2,HCAP,,,22.95,0.47
2754.98,2,LHC,,,14.02,25.24
2754.98,2,HCAP,,,19.98,5.66
2754.98,2,LHC,,,10.68,10.13
2754.98,2,LHC,,,21.07,0.95
2754.98,2,LHC,,,18.47,3.65
2754.98,2,HCAP,,,14.35,6.41
2754.98,2,HCAP,,,22.91,0.49
2755.08,2,LHC,,,12.39,27.92
2755.08,2,LHC,,,10.57,10.23
2755.08,2,HCAP,,,19.75,6.26
2755.08,2,HCAP,,,13.83,7.17
2755.08,2,LHC,,,20.99,1.11
2755.08,2,LHC,,,18.24,3.94
2755.08,2,HCAP,,,22.87,0.51
2755.18,2,LHC,,,9.62,11.59
2755.18,2,LHC,,,11.71,27.82
2755.18,2,HCAP,,,13.47,7.62
2755.18,2,HCAP,,,19.61,6.82
2755.18,2,LHC,,,17.89,4.47
2755.18,2,LHC,,,20.95,1.24
2755.18,2,HCAP,,,22.88,0.55
2755.28,2,LHC,,,11.44,26.2
2755.28,2,LHC,,,9.23,12.01
2755.28,2,HCAP,,,19.75,6.39
2755.28,2,HCAP,,,13.19,7.91
2755.28,2,LHC,,,17.77,4.46
2755.28,2,HCAP,,,22.77,0.77
2755.28,2,LHC,,,20.95,1.23
2755.38,2,LHC,,,9.14,29.3
2755.38,2,HCAP,,,19.73,6.74
2755.38,2,HCAP,,,12.84,8.38
2755.38,2,LHC,,,8.28,13.3
2755.38,2,HCAP,,,22.68,0.93
2755.38,2,LHC,,,17.36,5.0
2755.38,2,LHC,,,20.9,1.31
2755.48,2,HCAP,,,19.81,6.68
2755.48,2,LHC,,,7.42,31.05
2755.48,2,LHC,,,7.72,14.06
2755.48,2,LHC,,,20.82,1.49
2755.48,2,LHC,,,17.11,5.18
2755.48,2,HCAP,,,22.54,1.27
2755.48,2,HCAP,,,12.6,8.68
2755.58,2,HCAP,,,19.79,7.38
2755.58,2,HCAP,,,12.5,9.3
2755.58,2,LHC,,,16.71,6.07
2755.58,2,LHC,,,20.86,1.81
2755.58,2,HCAP,,,22.67,1.26
2755.58,2,LHC,,,6.53,16.53
2755.68,2,HCAP,,,12.17,9.87
2755.68,2,LHC,,,20.77,2.05
2755.68,2,LHC,,,16.43,6.42
2755.68,2,HCAP,,,19.58,8.04
2755.68,2,HCAP,,,22.53,1.54
2755.68,2,LHC,,,7.37,15.1
2755.78,2,HCAP,,,11.89,10.26
2755.78,2,HCAP,,,19.46,8.17
2755.78,2,LHC,,,16.13,6.78
2755.78,2,LHC,,,20.65,2.36
2755.78,2,HCAP,,,22.46,1.63
2755.78,2,LHC,,,5.13,18.61
2755.78,2,LHC,,,13.05,6.26
2755.88,2,HCAP,,,19.32,8.6
2755.88,2,LHC,,,15.73,7.29
2755.88,2,HCAP,,,11.48,10.92
2755.88,2,LHC,,,20.69,2.45
2755.88,2,HCAP,,,22.42,1.56
2755.88,2,LHC,,,3.81,20.15
2755.98,2,HCAP,,,19.24,8.86
2755.98,2,LHC,,,15.21,8.07
2755.98,2,HCAP,,,11.26,11.48
2755.98,2,LHC,,,1.36,23.34
2755.98,2,HCAP,,,22.29,1.7
2755.98,2,LHC,,,20.78,2.32
2756.08,2,HCAP,,,19.01,9.47
2756.08,2,LHC,,,14.93,8.41
2756.08,2,LHC,,,0.34,24.15
2756.08,2,HCAP,,,10.44,12.46
2756.08,2,HCAP,,,22.23,1.64
2756.08,2,LHC,,,20.78,2.48
2756.18,2,LHC,,,14.57,8.92
2756.18,2,LHC,,,-1.2,25.88
2756.18,2,HCAP,,,10.21,12.91
2756.18,2,HCAP,,,18.89,9.69
2756.18,2,HCAP,,,22.15,1.72
2756.18,2,LHC,,,20.7,2.77
2756.28,2,HCAP,,,18.84,9.96
2756.28,2,LHC,,,14.33,9.34
2756.28,2,LHC,,,-1.66,25.92
2756.28,2,LHC,,,20.74,2.69
2756.28,2,HCAP,,,12.77,8.72
2756.28,2,HCAP,,,22.15,1.64
2756.38,2,HCAP,,,18.7,10.47
2756.38,2,LHC,,,13.92,10.1
2756.38,2,HCAP,,,5.84,20.24
2756.38,2,HCAP,,,22.3,1.18
2756.38,2,LHC,,,20.65,2.9
2756.48,2,HCAP,,,18.53,11.07
2756.48,2,LHC,,,13.36,11.16
2756.48,2,LHC,,,20.67,2.95
2756.48,2,HCAP,,,10.37,12.69
2756.48,2,HCAP,,,22.26,1.26
2756.48,2,LHC,,,11.88,7.81
2756.58,2,HCAP,,,18.41,11.98
2756.58,2,LHC,,,13.27,11.74
2756.58,2,LHC,,,20.52,3.58
2756.58,2,HCAP,,,9.14,15.56
2756.68,2,HCAP,,,18.22,12.82
2756.68,2,LHC,,,12.7,12.78
2756.68,2,HCAP,,,8.99,16.09
2756.68,2,LHC,,,20.42,3.91
2756.78,2,LHC,,,12.46,13.26
2756.78,2,LHC,,,20.41,4.02
2756.78,2,HCAP,,,18.34,13.2
2756.78,2,HCAP,,,7.83,18.17
2756.88,2,LHC,,,20.39,4.21
2756.88,2,HCAP,,,18.6,13.16
2756.88,2,LHC,,,11.89,14.69
2756.88,2,HCAP,,,7.02,19.47
2756.98,2,LHC,,,20.32,4.55
2756.98,2,LHC,,,11.76,15.04
2756.98,2,HCAP,,,22.08,2.63
2756.98,2,HCAP,,,19.24,11.99
2756.98,2,HCAP,,,5.5,22.14
2757.08,2,LHC,,,20.35,4.84
2757.08,2,HCAP,,,21.99,3.13
2757.08,2,HCAP,,,18.57,14.4
2757.08,2,HCAP,,,17.06,4.53
2757.08,2,HCAP,,,4.65,23.69
2757.18,2,LHC,,,20.41,5.06
2757.18,2,HCAP,,,22.04,3.23
2757.18,2,HCAP,,,18.41,15.2
2757.18,2,HCAP,,,5.53,22.25
2757.18,2,HCAP,,,16.44,5.61
2757.28,2,LHC,,,20.54,5.31
2757.28,2,HCAP,,,18.01,16.66
2757.28,2,HCAP,,,22.06,3.37
2757.28,2,HCAP,,,5.28,23.04
2757.28,2,LHC,,,9.58,19.0
2757.38,2,LHC,,,20.89,5.15
2757.38,2,LHC,,,8.66,20.79
2757.38,2,HCAP,,,3.23,26.71
2757.38,2,HCAP,,,22.11,3.5
2757.38,2,HCAP,,,17.87,17.74
2757.48,2,HCAP,,,22.23,3.51
2757.48,2,LHC,,,7.87,22.22
2757.48,2,LHC,,,21.06,5.18
2757.48,2,HCAP,,,17.79,19.01
2757.48,2,HCAP,,,1.98,29.81
2757.58,2,LHC,,,20.37,5.83
2757.58,2,HCAP,,,14.29,8.17
2757.58,2,HCAP,,,21.38,4.52
2757.58,2,LHC,,,4.52,26.32
2757.58,2,HCAP,,,16.7,21.77
2757.68,2,HCAP,,,16.54,23.73
2757.68,2,LHC,,,20.62,5.61
2757.68,2,LHC,,,5.34,25.0
2757.68,2,HCAP,,,21.49,4.61
2757.68,2,HCAP,,,14.23,8.28
2757.78,2,HCAP,,,16.65,25.17
2757.78,2,HCAP,,,13.85,8.87
2757.78,2,LHC,,,20.82,5.42
2757.78,2,LHC,,,11.02,14.91
2757.78,2,HCAP,,,21.7,4.48
2757.88,2,HCAP,,,17.46,26.51
2757.88,2,HCAP,,,13.91,8.95
2757.88,2,HCAP,,,21.33,5.14
2757.98,2,HCAP,,,18.54,29.35
2757.98,2,HCAP,,,14.25,8.67
2757.98,2,HCAP,,,7.99,13.63
2758.08,2,HCAP,,,14.86,8.0
2758.08,2,HCAP,,,8.29,13.05
2758.18,2,HCAP,,,7.54,14.02
2758.18,2,HCAP,,,14.95,8.26
2758.28,2,HCAP,,,14.91,8.57
2758.28,2,HCAP,,,7.11,14.68
2758.38,2,HCAP,,,14.78,9.06
2758.38,2,HCAP,,,6.18,16.02
2758.48,2,HCAP,,,14.75,9.53
2758.48,2,HCAP,,,5.17,17.54
2758.58,2,HCAP,,,15.87,9.72
2758.58,2,HCAP,,,6.33,18.32
2758.68,2,HCAP,,,15.94,9.58
2758.68,2,HCAP,,,4.67,20.58
2758.78,2,LHC,,,26.38,-1.06
2758.78,2,HCAP,,,15.88,9.52
2758.78,2,HCAP,,,4.15,20.85
2758.88,2,LHC,,,26.12,-1.28
2758.88,2,HCAP,,,15.96,9.02
2758.88,2,HCAP,,,2.69,22.84
2758.98,2,HCAP,,,1.59,24.08
2758.98,2,HCAP,,,15.75,9.19
2759.08,2,HCAP,,,15.36,9.51
2759.08,2,HCAP,,,-1.25,27.57
2759.18,2,LHC,,,26.41,0.11
2759.88,2,HCAP,,,6.91,29.91
2759.88,2,HCAP,,,27.26,1.91
2759.98,2,HCAP,,,18.61,25.39
2759.98,2,HCAP,,,7.91,27.54
2759.98,2,HCAP,,,27.1,1.86
2760.08,2,LHC,,,18.2,21.99
2760.08,2,HCAP,,,30.85,28.7
2760.08,2,HCAP,,,7.86,26.63
2760.18,2,LHC,,,17.84,20.64
2760.18,2,HCAP,,,30.34,23.72
2760.18,2,HCAP,,,9.33,23.13
2760.28,2,HCAP,,,9.14,22.63
2760.38,2,HCAP,,,9.76,21.15
2760.48,2,HCAP,,,10.76,18.89
2760.48,2,LHC,,,19.05,6.59
2760.58,2,HCAP,,,19.4,14.59
2760.68,2,HCAP,,,18.88,14.11
2760.78,2,HCAP,,,18.26,12.87
2760.88,2,HCAP,,,17.85,11.43
2760.98,2,HCAP,,,17.57,10.47
2760.98,2,LHC,,,33.25,11.56
2761.08,2,LHC,,,4.39,30.09
2761.08,2,LHC,,,25.7,3.69
2761.08,2,HCAP,,,16.48,11.2
2761.18,2,LHC,,,4.67,28.99
2761.18,2,HCAP,,,15.52,11.7
2761.18,2,LHC,,,30.04,11.12
2761.18,2,HCAP,,,34.09,1.5
2761.28,2,LHC,,,4.1,28.44
2761.28,2,LHC,,,32.59,8.36
2761.28,2,LHC,,,29.16,10.39
2761.28,2,HCAP,,,14.59,11.33
2761.38,2,LHC,,,3.8,27.34
2761.38,2,LHC,,,25.76,3.48
2761.48,2,LHC,,,3.56,26.43
2761.58,2,LHC,,,18.31,20.21
2761.58,2,LHC,,,39.14,7.62
2761.68,2,LHC,,,17.45,19.65
2761.78,2,LHC,,,16.79,18.92
2761.78,2,LHC,,,33.7,6.26
2761.88,2,LHC,,,16.58,17.8
2761.98,2,LHC,,,16.6,16.38
2761.98,2,LHC,,,25.69,5.01
2762.08,2,LHC,,,16.69,15.08
2762.08,2,LHC,,,25.5,4.78
2762.18,2,LHC,,,16.51,14.42
2762.18,2,LHC,,,25.29,4.55
2762.18,2,LHC,,,33.22,3.33
2762.28,2,LHC,,,16.98,12.96
2762.28,2,LHC,,,32.76,2.93
2762.28,2,LHC,,,25.34,4.35
2762.38,2,LHC,,,17.2,12.32
2762.38,2,LHC,,,26.4,9.17
2762.38,2,LHC,,,25.45,4.04
2762.48,2,HCAP,,,28.66,1.38
2762.48,2,LHC,,,26.57,9.53
2762.48,2,LHC,,,32.27,2.19
2762.58,2,LHC,,,44.48,18.6
2762.58,2,LHC,,,34.41,3.42
2762.58,2,HCAP,,,30.53,1.97
2762.58,2,LHC,,,61.29,10.97
2762.58,2,HCAP,,,32.31,3.62
2762.58,2,LHC,,,29.17,10.98
2762.68,2,LHC,,,43.79,17.75
2762.68,2,LHC,,,34.34,2.86
2762.68,2,HCAP,,,30.56,1.93
2762.68,2,LHC,,,61.25,10.93
2762.68,2,LHC,,,29.49,11.03
2762.68,2,HCAP,,,32.29,3.26
2762.78,2,LHC,,,43.17,16.84
2762.78,2,LHC,,,29.73,11.93
2762.78,2,LHC,,,34.4,2.72
2762.78,2,LHC,,,61.32,11.0
2762.78,2,HCAP,,,32.35,3.13
2762.78,2,HCAP,,,30.59,1.95
2762.88,2,LHC,,,42.58,15.87
2762.88,2,LHC,,,29.93,12.3
2762.88,2,LHC,,,61.24,10.93
2762.88,2,HCAP,,,32.42,2.99
2762.88,2,LHC,,,34.53,2.59
2762.88,2,HCAP,,,30.63,1.49
2762.98,2,LHC,,,61.24,10.93
2762.98,2,LHC,,,42.17,15.54
2762.98,2,HCAP,,,32.44,2.83
2762.98,2,LHC,,,34.64,2.48
2762.98,2,LHC,,,30.06,12.11
2762.98,2,HCAP,,,30.65,1.45
2763.08,2,HCAP,,,23.66,31.7
2763.08,2,LHC,,,61.14,10.86
2763.08,2,LHC,,,41.96,15.85
2763.08,2,HCAP,,,32.52,2.79
2763.08,2,LHC,,,29.97,12.24
2763.08,2,LHC,,,34.75,2.24
2763.18,2,LHC,,,29.89,12.81
2763.18,2,HCAP,,,24.87,27.99
2763.18,2,LHC,,,61.11,10.83
2763.18,2,LHC,,,41.53,15.48
2763.18,2,HCAP,,,32.52,2.66
2763.18,2,LHC,,,34.92,2.33
2763.18,2,HCAP,,,30.56,3.93
2763.18,2,LHC,,,37.34,0.76
2763.28,2,LHC,,,29.64,13.38
2763.28,2,LHC,,,41.22,15.5
2763.28,2,HCAP,,,25.86,24.61
2763.28,2,LHC,,,61.03,10.77
2763.28,2,HCAP,,,32.51,2.53
2763.28,2,LHC,,,35.11,2.37
2763.28,2,LHC,,,37.32,0.68
2763.28,2,HCAP,,,30.87,3.65
2763.38,2,LHC,,,29.3,13.51
2763.38,2,HCAP,,,26.53,22.2
2763.38,2,LHC,,,61.04,10.79
2763.38,2,LHC,,,40.87,15.35
2763.38,2,HCAP,,,32.47,2.26
2763.38,2,LHC,,,35.31,2.47
2763.38,2,HCAP,,,30.6,1.5
2763.38,2,LHC,,,37.28,0.62
2763.48,2,LHC,,,29.13,14.23
2763.48,2,LHC,,,40.48,15.1
2763.48,2,LHC,,,61.04,10.8
2763.48,2,HCAP,,,26.98,19.84
2763.48,2,LHC,,,25.4,5.62
2763.48,2,LHC,,,35.47,2.45
2763.48,2,HCAP,,,30.59,1.57
2763.48,2,HCAP,,,32.39,2.15
2763.48,2,LHC,,,37.24,0.57
2763.58,2,LHC,,,29.09,13.94
2763.58,2,LHC,,,61.11,10.46
2763.58,2,LHC,,,25.78,5.27
2763.58,2,LHC,,,40.1,14.41
2763.58,2,LHC,,,35.63,2.44
2763.58,2,HCAP,,,27.34,17.98
2763.58,2,HCAP,,,30.63,1.51
2763.58,2,HCAP,,,32.34,1.96
2763.58,2,LHC,,,37.15,0.33
2763.68,2,LHC,,,28.73,15.9
2763.68,2,LHC,,,24.42,7.43
2763.68,2,LHC,,,61.2,10.56
2763.68,2,LHC,,,39.96,15.1
2763.68,2,HCAP,,,30.61,1.43
2763.68,2,HCAP,,,27.3,16.64
2763.68,2,HCAP,,,32.24,1.85
2763.68,2,LHC,,,35.82,2.29
2763.78,2,LHC,,,28.49,14.2
2763.78,2,LHC,,,24.43,8.07
2763.78,2,LHC,,,61.19,10.56
2763.78,2,LHC,,,39.5,14.47
2763.78,2,HCAP,,,27.31,14.72
2763.78,2,HCAP,,,30.56,1.44
2763.78,2,LHC,,,35.98,2.69
2763.88,2,LHC,,,24.09,9.68
2763.88,2,LHC,,,61.23,10.59
2763.88,2,HCAP,,,28.05,13.99
2763.88,2,LHC,,,39.28,14.83
2763.88,2,HCAP,,,30.52,1.4
2763.88,2,LHC,,,35.95,2.45
2763.98,2,LHC,,,24.14,9.01
2763.98,2,HCAP,,,28.05,13.64
2763.98,2,LHC,,,61.2,10.57
2763.98,2,HCAP,,,30.45,1.38
2763.98,2,LHC,,,38.91,15.29
2764.08,2,HCAP,,,28.19,13.2
2764.08,2,LHC,,,61.2,10.56
2764.08,2,LHC,,,23.89,9.42
2764.08,2,HCAP,,,30.4,1.39
2764.08,2,LHC,,,36.26,2.75
2764.18,2,LHC,,,23.38,10.62
2764.18,2,HCAP,,,28.44,12.85
2764.18,2,LHC,,,61.2,10.56
2764.18,2,LHC,,,36.45,3.18
2764.18,2,HCAP,,,30.35,1.36
2764.28,2,LHC,,,23.1,11.11
2764.28,2,HCAP,,,28.67,11.96
2764.28,2,LHC,,,61.18,10.54
2764.28,2,LHC,,,36.57,3.25
2764.28,2,LHC,,,37.01,9.2
2764.28,2,HCAP,,,30.31,1.33
2764.38,2,LHC,,,22.65,12.39
2764.38,2,LHC,,,37.95,15.12
2764.38,2,HCAP,,,28.8,12.49
2764.38,2,LHC,,,61.18,10.54
2764.38,2,LHC,,,36.62,3.22
2764.38,2,HCAP,,,30.3,1.07
2764.38,2,HCAP,,,27.43,10.02
2764.48,2,HCAP,,,28.73,11.59
2764.48,2,LHC,,,22.46,13.06
2764.48,2,LHC,,,37.53,14.55
2764.48,2,HCAP,,,27.55,9.19
2764.48,2,LHC,,,61.19,10.55
2764.48,2,LHC,,,36.76,3.68
2764.48,2,HCAP,,,30.27,1.15
2764.58,2,LHC,,,22.56,12.57
2764.58,2,HCAP,,,27.33,9.18
2764.58,2,LHC,,,36.72,14.0
2764.58,2,HCAP,,,28.44,10.62
2764.58,2,LHC,,,36.39,3.55
2764.58,2,HCAP,,,29.89,0.67
2764.68,2,HCAP,,,27.42,9.13
2764.68,2,LHC,,,22.25,13.77
2764.68,2,LHC,,,36.4,13.62
2764.68,2,LHC,,,36.48,3.84
2764.68,2,LHC,,,28.02,18.37
2764.68,2,HCAP,,,29.86,0.8
2764.78,2,LHC,,,21.89,14.92
2764.78,2,LHC,,,36.03,13.09
2764.78,2,HCAP,,,27.43,8.61
2764.78,2,HCAP,,,29.08,9.38
2764.78,2,LHC,,,36.57,4.21
2764.78,2,LHC,,,27.47,18.82
2764.88,2,LHC,,,21.66,15.0
2764.88,2,LHC,,,35.8,13.3
2764.88,2,HCAP,,,29.13,9.45
2764.88,2,LHC,,,36.48,4.04
2764.88,2,LHC,,,26.78,18.98
2764.88,2,HCAP,,,27.16,8.06
2764.98,2,LHC,,,35.41,12.36
2764.98,2,LHC,,,21.36,15.77
2764.98,2,HCAP,,,29.27,9.63
2764.98,2,LHC,,,36.55,4.62
2764.98,2,LHC,,,26.44,16.72
2764.98,2,HCAP,,,26.25,16.68
2765.08,2,LHC,,,35.75,12.64
2765.08,2,HCAP,,,30.06,9.68
2765.08,2,LHC,,,21.74,16.29
2765.08,2,LHC,,,36.87,4.82
2765.08,2,HCAP,,,26.7,15.3
2765.18,2,LHC,,,35.94,12.45
2765.18,2,LHC,,,21.69,17.88
2765.18,2,LHC,,,37.27,5.22
2765.18,2,LHC,,,26.75,15.95
2765.18,2,HCAP,,,26.87,15.34
2765.28,2,LHC,,,21.73,18.98
2765.28,2,LHC,,,36.27,13.16
2765.28,2,LHC,,,26.88,15.47
2765.28,2,LHC,,,37.67,5.46
2765.28,2,HCAP,,,28.08,8.01
2765.38,2,LHC,,,36.57,13.29
2765.38,2,LHC,,,21.83,18.63
2765.38,2,LHC,,,37.99,5.68
2765.38,2,HCAP,,,28.24,7.98
2765.38,2,LHC,,,26.88,14.2
2765.48,2,LHC,,,36.87,13.7
2765.48,2,LHC,,,21.4,20.59
2765.48,2,LHC,,,38.29,5.78
2765.48,2,HCAP,,,28.29,7.98
2765.48,2,LHC,,,27.09,15.08
2765.48,2,HCAP,,,31.73,1.45
2765.58,2,LHC,,,31.03,12.48
2765.58,2,LHC,,,14.21,20.11
2765.58,2,HCAP,,,23.79,7.12
2765.58,2,LHC,,,33.9,4.81
2765.58,2,LHC,,,21.25,12.93
2765.68,2,LHC,,,14.78,18.42
2765.68,2,LHC,,,34.19,4.87
2765.68,2,LHC,,,21.87,10.76
2765.68,2,HCAP,,,24.21,6.82
2765.68,2,HCAP,,,27.49,1.95
2765.68,2,LHC,,,31.3,13.6
2765.78,2,LHC,,,31.5,13.93
2765.78,2,LHC,,,14.86,17.8
2765.78,2,LHC,,,34.43,4.9
2765.78,2,HCAP,,,27.26,23.76
2765.78,2,HCAP,,,27.73,1.94
2765.78,2,LHC,,,22.01,10.19
2765.88,2,LHC,,,31.39,14.6
2765.88,2,LHC,,,14.96,17.73
2765.88,2,HCAP,,,27.31,22.5
2765.88,2,LHC,,,34.59,4.73
2765.88,2,LHC,,,22.06,10.23
2765.88,2,HCAP,,,27.83,2.09
2765.88,2,HCAP,,,24.57,5.9
2765.98,2,LHC,,,31.54,15.64
2765.98,2,LHC,,,30.08,5.29
2765.98,2,LHC,,,15.54,16.77
2765.98,2,LHC,,,34.78,4.85
2765.98,2,HCAP,,,28.07,2.17
2765.98,2,HCAP,,,24.75,5.71
2765.98,2,HCAP,,,27.19,21.52
2765.98,2,LHC,,,22.24,9.27
2766.08,2,LHC,,,31.68,15.32
2766.08,2,LHC,,,30.33,5.18
2766.08,2,LHC,,,15.82,16.4
2766.08,2,LHC,,,35.08,5.02
2766.08,2,HCAP,,,24.73,6.21
2766.08,2,HCAP,,,28.2,2.09
2766.08,2,LHC,,,21.85,9.99
2766.08,2,HCAP,,,27.52,21.61
2766.18,2,LHC,,,31.89,14.19
2766.18,2,LHC,,,16.02,16.55
2766.18,2,HCAP,,,27.61,21.15
2766.18,2,HCAP,,,24.92,5.71
2766.18,2,LHC,,,35.4,4.92
2766.18,2,HCAP,,,28.35,2.42
2766.18,2,LHC,,,22.24,8.57
2766.18,2,LHC,,,30.55,4.86
2766.28,2,LHC,,,31.97,15.63
2766.28,2,HCAP,,,27.6,20.99
2766.28,2,HCAP,,,25.07,5.69
2766.28,2,LHC,,,35.82,5.23
2766.28,2,LHC,,,30.71,4.56
2766.28,2,LHC,,,22.47,7.76
2766.28,2,LHC,,,17.17,14.37
2766.28,2,HCAP,,,28.57,2.29
2766.38,2,HCAP,,,27.39,21.4
2766.38,2,LHC,,,31.9,14.23
2766.38,2,LHC,,,36.26,5.61
2766.38,2,HCAP,,,25.33,5.88
2766.38,2,LHC,,,30.95,4.42
2766.38,2,LHC,,,18.62,11.25
2766.38,2,LHC,,,22.77,7.59
2766.38,2,HCAP,,,28.75,2.17
2766.48,2,LHC,,,23.04,7.42
2766.48,2,HCAP,,,27.71,21.53
2766.48,2,LHC,,,31.94,14.7
2766.48,2,LHC,,,36.52,5.72
2766.48,2,HCAP,,,25.45,5.89
2766.48,2,LHC,,,19.04,10.8
2766.48,2,HCAP,,,28.95,2.29
2766.58,2,HCAP,,,18.72,23.24
2766.58,2,LHC,,,30.84,5.81
2766.58,2,LHC,,,24.42,14.81
2766.58,2,LHC,,,11.17,13.57
2766.58,2,LHC,,,16.35,8.8
2766.58,2,HCAP,,,19.31,7.18
2766.68,2,HCAP,,,18.6,23.15
2766.68,2,LHC,,,24.47,14.94
2766.68,2,HCAP,,,19.11,7.86
2766.68,2,LHC,,,11.82,12.6
2766.68,2,LHC,,,16.34,8.6
2766.68,2,LHC,,,31.2,5.89
2766.68,2,LHC,,,26.0,4.22
2766.68,2,HCAP,,,24.17,2.89
2766.78,2,LHC,,,31.52,6.18
2766.78,2,LHC,,,11.98,12.4
2766.78,2,LHC,,,16.4,8.59
2766.78,2,HCAP,,,19.13,8.27
2766.78,2,LHC,,,24.38,16.01
2766.78,2,HCAP,,,24.35,3.0
2766.78,2,HCAP,,,18.39,23.83
2766.88,2,LHC,,,31.86,6.09
2766.88,2,HCAP,,,24.67,3.04
2766.88,2,HCAP,,,18.2,24.32
2766.88,2,LHC,,,17.31,6.97
2766.88,2,HCAP,,,19.31,8.27
2766.88,2,LHC,,,12.41,11.84
2766.88,2,LHC,,,24.34,16.76
2766.98,2,LHC,,,32.02,5.97
2766.98,2,HCAP,,,19.08,8.98
2766.98,2,LHC,,,12.81,11.23
2766.98,2,HCAP,,,18.03,24.47
2766.98,2,LHC,,,17.49,6.35
2766.98,2,HCAP,,,24.82,2.94
2766.98,2,LHC,,,24.36,16.85
2767.08,2,LHC,,,13.36,10.81
2767.08,2,LHC,,,32.24,5.82
2767.08,2,LHC,,,24.44,17.18
2767.08,2,HCAP,,,19.26,8.89
2767.08,2,LHC,,,17.8,6.07
2767.08,2,HCAP,,,25.05,3.04
2767.08,2,HCAP,,,17.94,25.69
2767.18,2,LHC,,,32.56,6.16
2767.18,2,LHC,,,14.16,9.85
2767.18,2,LHC,,,24.35,18.57
2767.18,2,HCAP,,,19.33,9.08
2767.18,2,HCAP,,,18.3,24.95
2767.18,2,HCAP,,,25.17,3.15
2767.28,2,LHC,,,24.39,19.47
2767.28,2,HCAP,,,19.45,9.31
2767.28,2,LHC,,,32.89,6.14
2767.28,2,HCAP,,,18.26,25.13
2767.28,2,LHC,,,14.72,9.35
2767.28,2,HCAP,,,25.42,2.99
2767.38,2,LHC,,,33.25,6.18
2767.38,2,LHC,,,24.39,20.01
2767.38,2,HCAP,,,19.49,9.73
2767.38,2,HCAP,,,18.55,24.53
2767.38,2,HCAP,,,25.62,3.26
2767.38,2,LHC,,,15.28,8.57
2767.48,2,LHC,,,33.64,6.46
2767.48,2,LHC,,,24.35,20.54
2767.48,2,LHC,,,27.21,5.58
2767.48,2,HCAP,,,19.81,9.19
2767.48,2,LHC,,,15.64,8.19
2767.48,2,HCAP,,,18.62,24.49
2767.48,2,HCAP,,,25.83,3.24
2767.58,2,LHC,,,22.68,5.74
2767.58,2,HCAP,,,21.81,3.87
2767.58,2,LHC,,,17.57,19.68
2767.58,2,LHC,,,28.1,5.31
2767.58,2,LHC,,,10.29,10.79
2767.58,2,HCAP,,,11.83,23.61
2767.58,2,HCAP,,,14.84,10.61
2767.68,2,LHC,,,17.52,19.86
2767.68,2,LHC,,,28.29,5.9
2767.68,2,HCAP,,,11.61,24.26
2767.68,2,HCAP,,,15.01,10.66
2767.68,2,LHC,,,22.83,5.82
2767.68,2,HCAP,,,22.03,3.92
2767.68,2,LHC,,,11.05,9.93
2767.78,2,LHC,,,28.33,5.93
2767.78,2,LHC,,,22.95,5.86
2767.78,2,LHC,,,17.4,20.24
2767.78,2,HCAP,,,11.88,23.56
2767.78,2,HCAP,,,14.94,10.47
2767.78,2,HCAP,,,22.13,3.91
2767.78,2,LHC,,,11.51,9.41
2767.88,2,LHC,,,28.62,6.1
2767.88,2,LHC,,,23.02,6.18
2767.88,2,LHC,,,17.76,19.37
2767.88,2,HCAP,,,22.4,3.78
2767.88,2,LHC,,,12.2,8.65
2767.88,2,HCAP,,,11.81,23.44
2767.88,2,HCAP,,,15.24,10.11
2767.98,2,LHC,,,17.57,20.29
2767.98,2,LHC,,,23.27,6.15
2767.98,2,LHC,,,28.93,6.0
2767.98,2,LHC,,,12.69,8.23
2767.98,2,HCAP,,,12.81,22.39
2767.98,2,HCAP,,,23.12,2.34
2767.98,2,HCAP,,,15.48,10.21
2768.08,2,LHC,,,17.63,20.6
2768.08,2,LHC,,,23.4,6.26
2768.08,2,HCAP,,,12.83,22.1
2768.08,2,LHC,,,12.95,8.01
2768.08,2,HCAP,,,15.65,10.14
2768.08,2,LHC,,,28.95,6.27
2768.08,2,HCAP,,,23.28,2.48
2768.18,2,LHC,,,17.61,20.85
2768.18,2,LHC,,,23.67,6.09
2768.18,2,LHC,,,29.48,5.8
2768.18,2,HCAP,,,13.71,20.92
2768.18,2,LHC,,,13.04,8.04
2768.18,2,HCAP,,,15.95,9.83
2768.18,2,HCAP,,,23.19,3.5
2768.28,2,LHC,,,17.77,20.71
2768.28,2,LHC,,,23.85,6.11
2768.28,2,HCAP,,,23.39,3.57
2768.28,2,LHC,,,29.75,6.21
2768.28,2,HCAP,,,13.76,21.03
2768.28,2,HCAP,,,16.42,9.35
2768.38,2,LHC,,,17.96,20.38
2768.38,2,LHC,,,23.97,6.19
2768.38,2,LHC,,,30.02,6.47
2768.38,2,HCAP,,,23.65,3.58
2768.38,2,HCAP,,,16.52,9.36
2768.38,2,HCAP,,,14.42,19.65
2768.48,2,LHC,,,24.1,6.29
2768.48,2,LHC,,,18.09,20.04
2768.48,2,LHC,,,30.32,6.17
2768.48,2,HCAP,,,23.82,3.41
2768.48,2,HCAP,,,16.72,9.19
2768.48,2,HCAP,,,14.67,19.57
2768.58,2,LHC,,,10.32,22.24
2768.58,2,LHC,,,18.03,8.7
2768.58,2,HCAP,,,18.46,5.57
2768.58,2,LHC,,,24.35,7.72
2768.58,2,HCAP,,,7.93,21.02
2768.58,2,HCAP,,,10.74,12.3
2768.68,2,LHC,,,10.34,22.61
2768.68,2,LHC,,,18.35,8.78
2768.68,2,HCAP,,,7.31,22.45
2768.68,2,LHC,,,24.74,7.62
2768.68,2,HCAP,,,18.79,5.43
2768.68,2,HCAP,,,11.07,12.12
2768.78,2,LHC,,,10.1,23.3
2768.78,2,LHC,,,18.41,9.01
2768.78,2,LHC,,,24.96,7.76
2768.78,2,HCAP,,,7.4,22.49
2768.78,2,HCAP,,,19.01,5.32
2768.78,2,HCAP,,,12.01,8.53
2768.78,2,LHC,,,7.95,12.47
2768.78,2,HCAP,,,10.82,12.79
2768.88,2,LHC,,,9.27,25.13
2768.88,2,LHC,,,18.42,9.41
2768.88,2,LHC,,,25.12,8.27
2768.88,2,LHC,,,7.84,12.97
2768.88,2,HCAP,,,10.61,13.18
2768.88,2,HCAP,,,12.09,8.75
2768.88,2,HCAP,,,6.68,24.03
2768.88,2,HCAP,,,19.49,4.62
2768.98,2,LHC,,,7.95,28.55
2768.98,2,LHC,,,25.58,8.26
2768.98,2,HCAP,,,3.74,29.81
2768.98,2,LHC,,,18.64,9.76
2768.98,2,HCAP,,,10.89,13.41
2768.98,2,HCAP,,,19.5,5.29
2768.98,2,LHC,,,8.23,12.95
2769.08,2,LHC,,,18.89,10.02
2769.08,2,LHC,,,26.07,8.32
2769.08,2,HCAP,,,6.5,24.76
2769.08,2,LHC,,,7.21,30.82
2769.08,2,HCAP,,,11.07,13.74
2769.08,2,LHC,,,8.19,13.59
2769.08,2,HCAP,,,19.96,5.26
2769.18,2,LHC,,,18.96,10.79
2769.18,2,LHC,,,26.39,8.96
2769.18,2,HCAP,,,11.09,14.45
2769.18,2,HCAP,,,6.37,25.14
2769.18,2,LHC,,,7.49,30.44
2769.18,2,LHC,,,8.51,13.57
2769.18,2,HCAP,,,20.04,5.68
2769.28,2,LHC,,,18.84,11.42
2769.28,2,LHC,,,26.42,9.41
2769.28,2,LHC,,,8.3,14.08
2769.28,2,HCAP,,,20.01,6.17
2769.28,2,HCAP,,,10.89,15.09
2769.28,2,HCAP,,,5.09,26.95
2769.38,2,LHC,,,18.95,12.11
2769.38,2,LHC,,,26.79,10.0
2769.38,2,LHC,,,8.25,14.65
2769.38,2,HCAP,,,20.25,6.24
2769.38,2,HCAP,,,12.59,12.29
2769.38,2,HCAP,,,5.77,26.01
2769.48,2,LHC,,,27.26,10.8
2769.48,2,LHC,,,19.07,12.84
2769.48,2,LHC,,,8.21,15.27
2769.48,2,HCAP,,,20.41,6.42
2769.48,2,HCAP,,,2.86,31.09
2769.48,2,HCAP,,,10.2,17.74
2769.58,2,LHC,,,22.43,9.91
2769.58,2,LHC,,,13.12,14.56
2769.58,2,LHC,,,1.75,18.41
2769.58,2,HCAP,,,6.06,16.3
2769.68,2,LHC,,,13.13,15.05
2769.68,2,LHC,,,22.56,10.82
2769.68,2,HCAP,,,3.36,20.71
2769.68,2,LHC,,,1.16,19.45
2769.68,2,LHC,,,5.77,12.28
2769.68,2,HCAP,,,16.61,6.75
2769.78,2,LHC,,,12.74,16.68
2769.78,2,LHC,,,0.95,20.06
2769.78,2,LHC,,,5.69,12.6
2769.78,2,HCAP,,,5.84,17.27
2769.78,2,LHC,,,22.85,12.16
2769.78,2,HCAP,,,16.72,7.15
2769.88,2,LHC,,,12.52,18.12
2769.88,2,LHC,,,0.45,21.02
2769.88,2,LHC,,,23.28,12.75
2769.88,2,HCAP,,,16.93,7.44
2769.88,2,LHC,,,5.39,13.2
2769.88,2,HCAP,,,7.0,15.7
2769.98,2,LHC,,,23.66,14.28
2769.98,2,LHC,,,12.37,19.55
2769.98,2,LHC,,,-0.59,22.75
2769.98,2,LHC,,,5.15,13.69
2769.98,2,HCAP,,,17.25,7.54
2769.98,2,HCAP,,,6.43,16.87
2770.08,2,LHC,,,24.1,16.22
2770.08,2,LHC,,,11.93,21.9
2770.08,2,LHC,,,-0.85,23.49
2770.08,2,LHC,,,4.92,14.23
2770.08,2,HCAP,,,17.31,8.35
2770.08,2,HCAP,,,1.36,25.35
2770.18,2,LHC,,,24.59,18.63
2770.18,2,LHC,,,11.62,23.85
2770.18,2,LHC,,,4.14,15.39
2770.18,2,LHC,,,-1.43,24.52
2770.18,2,HCAP,,,0.42,27.07
2770.18,2,HCAP,,,17.9,8.24
2770.28,2,LHC,,,25.28,21.26
2770.28,2,LHC,,,10.8,26.96
2770.28,2,LHC,,,3.94,15.8
2770.28,2,HCAP,,,18.35,8.35
2770.28,2,HCAP,,,0.35,27.3
2770.38,2,LHC,,,9.76,30.77
2770.38,2,HCAP,,,18.61,8.9
2770.38,2,LHC,,,3.4,16.66
2770.38,2,HCAP,,,-0.52,28.76
2770.48,2,LHC,,,27.66,6.81
2770.48,2,HCAP,,,-1.81,31.08
2770.48,2,LHC,,,2.64,17.65
2770.58,2,LHC,,,24.03,8.69
2770.58,2,HCAP,,,1.64,21.28
2770.58,2,LHC,,,3.12,14.82
2770.68,2,HCAP,,,0.7,22.85
2770.68,2,LHC,,,2.51,15.76
2770.78,2,HCAP,,,1.27,22.04
2770.78,2,HCAP,,,8.49,9.79
2770.78,2,LHC,,,1.72,16.78
2770.88,2,HCAP,,,0.5,22.82
2770.88,2,HCAP,,,18.71,3.98
2770.88,2,HCAP,,,8.09,10.32
2770.88,2,LHC,,,1.03,17.58
2770.98,2,HCAP,,,16.11,12.24
2770.98,2,HCAP,,,7.91,10.52
2770.98,2,LHC,,,-0.62,19.51
2771.08,2,HCAP,,,15.95,12.99
2771.08,2,HCAP,,,7.65,10.91
2771.18,2,HCAP,,,15.74,13.75
2771.18,2,HCAP,,,18.27,4.69
2771.28,2,HCAP,,,15.42,14.82
2771.28,2,HCAP,,,18.21,4.83
2771.38,2,HCAP,,,18.15,4.97
2771.38,2,HCAP,,,15.24,15.3
2771.38,2,HCAP,,,7.29,11.62
2771.48,2,HCAP,,,14.92,16.12
2771.48,2,HCAP,,,18.08,5.2
2771.48,2,HCAP,,,7.02,12.02
2771.58,2,HCAP,,,14.77,16.49
2771.58,2,HCAP,,,17.99,5.55
2771.58,2,HCAP,,,7.02,12.12
2771.68,2,HCAP,,,14.45,17.4
2771.68,2,HCAP,,,17.92,5.89
2771.68,2,HCAP,,,6.98,12.39
2771.78,2,HCAP,,,13.97,18.81
2771.78,2,HCAP,,,17.91,6.11
2771.78,2,HCAP,,,6.97,12.52
2771.88,2,HCAP,,,13.68,19.87
2771.88,2,HCAP,,,17.89,6.37
2771.88,2,HCAP,,,7.51,11.97
2771.98,2,HCAP,,,13.4,21.0
2771.98,2,HCAP,,,17.93,6.59
2771.98,2,HCAP,,,7.45,12.23
2772.08,2,HCAP,,,13.17,22.08
2772.08,2,HCAP,,,18.07,6.68
2772.08,2,HCAP,,,7.07,13.05
2772.18,2,HCAP,,,18.16,6.99
2772.18,2,HCAP,,,12.74,23.85
2772.18,2,HCAP,,,7.48,12.63
2772.28,2,HCAP,,,12.52,25.26
2772.28,2,HCAP,,,18.4,7.02
2772.28,2,HCAP,,,7.93,12.34
2772.38,2,HCAP,,,18.69,6.89
2772.38,2,HCAP,,,12.26,27.13
2772.38,2,HCAP,,,8.18,12.28
2772.48,2,HCAP,,,12.14,29.1
2772.48,2,HCAP,,,18.75,7.26
2772.48,2,HCAP,,,8.53,12.09
2772.58,2,HCAP,,,28.77,6.5
2772.58,2,HCAP,,,28.33,31.07
2772.58,2,HCAP,,,16.53,14.11
2772.68,2,HCAP,,,29.11,6.59
2772.68,2,HCAP,,,16.58,14.88
2772.78,2,HCAP,,,29.64,6.27
2772.88,2,HCAP,,,17.66,13.78
2772.88,2,HCAP,,,29.98,6.66
2772.98,2,HCAP,,,30.19,7.93
2772.98,2,HCAP,,,32.05,24.26
2772.98,2,HCAP,,,17.03,16.73
2773.08,2,HCAP,,,30.53,7.97
2773.08,2,HCAP,,,19.7,6.34
2773.08,2,HCAP,,,18.08,15.03
2773.18,2,HCAP,,,17.57,15.31
2773.28,2,HCAP,,,31.5,29.69
2774.28,2,HCAP,,,22.09,9.85
2774.38,2,HCAP,,,22.34,10.53
2774.78,2,HCAP,,,32.56,10.09
2775.28,2,LHC,,,16.83,31.85
2775.38,2,HCAP,,,48.2,25.67
2775.38,2,LHC,,,16.38,30.89
2775.48,2,LHC,,,15.61,30.5
2776.18,2,LHC,,,53.66,19.36
2776.18,2,HCAP,,,25.93,9.77
2776.18,2,HCAP,,,35.39,9.44
2776.28,2,LHC,,,52.65,18.11
2776.28,2,HCAP,,,26.02,9.3
2776.28,2,LHC,,,34.8,29.96
2776.28,2,HCAP,,,35.25,9.13
2776.38,2,HCAP,,,26.07,8.84
2776.38,2,LHC,,,51.62,16.8
2776.38,2,LHC,,,34.9,28.79
2776.38,2,HCAP,,,35.1,8.81
2776.48,2,LHC,,,50.73,15.98
2776.48,2,LHC,,,34.99,27.54
2776.48,2,HCAP,,,25.98,8.83
2776.48,2,HCAP,,,34.89,8.62
2776.58,2,LHC,,,43.89,28.39
2776.58,2,LHC,,,56.86,15.89
2776.58,2,HCAP,,,30.42,7.88
2776.58,2,HCAP,,,39.94,8.2
2776.68,2,LHC,,,44.06,28.57
2776.68,2,LHC,,,55.96,15.18
2776.68,2,HCAP,,,30.28,7.4
2776.68,2,HCAP,,,39.57,7.96
2776.78,2,LHC,,,43.94,27.48
2776.78,2,LHC,,,54.78,14.0
2776.78,2,HCAP,,,39.32,7.63
2776.78,2,HCAP,,,30.13,6.74
2776.88,2,LHC,,,44.19,28.0
2776.88,2,HCAP,,,30.17,7.58
2776.88,2,LHC,,,53.04,12.1
2776.88,2,HCAP,,,39.02,7.55
2776.98,2,LHC,,,44.35,28.35
2776.98,2,LHC,,,52.52,12.04
2776.98,2,HCAP,,,61.98,28.92
2776.98,2,HCAP,,,29.9,7.8
2776.98,2,HCAP,,,38.5,6.86
2777.08,2,LHC,,,44.5,27.6
2777.08,2,LHC,,,51.83,11.57
2777.08,2,HCAP,,,38.28,6.58
2777.08,2,HCAP,,,29.85,8.61
2777.08,2,HCAP,,,60.33,26.15
2777.18,2,LHC,,,45.26,29.23
2777.18,2,HCAP,,,29.7,9.18
2777.18,2,LHC,,,50.69,10.3
2777.18,2,HCAP,,,61.6,28.37
2777.18,2,HCAP,,,38.08,6.48
2777.28,2,LHC,,,45.75,29.92
2777.28,2,LHC,,,50.21,10.06
2777.28,2,HCAP,,,29.55,9.79
2777.28,2,HCAP,,,37.84,6.29
2777.38,2,LHC,,,49.35,9.25
2777.38,2,LHC,,,60.89,24.21
2777.38,2,LHC,,,46.37,31.16
2777.38,2,HCAP,,,60.79,27.04
2777.38,2,HCAP,,,37.55,5.92
2777.38,2,HCAP,,,29.34,10.85
2777.48,2,LHC,,,48.38,8.39
2777.48,2,LHC,,,59.91,22.98
2777.48,2,HCAP,,,58.32,23.25
2777.48,2,HCAP,,,37.18,5.7
2777.58,2,LHC,,,59.35,22.41
2777.58,2,LHC,,,47.64,7.87
2777.58,2,HCAP,,,58.99,24.79
2777.58,2,HCAP,,,36.89,5.36
2777.68,2,LHC,,,58.77,21.23
2777.68,2,LHC,,,46.88,7.21
2777.68,2,HCAP,,,36.64,5.1
2777.68,2,HCAP,,,58.69,24.34
2777.78,2,HCAP,,,36.45,5.02
2777.78,2,LHC,,,46.14,6.65
2777.78,2,HCAP,,,59.62,26.35
2777.78,2,LHC,,,58.27,20.56
2777.88,2,LHC,,,57.73,19.78
2777.88,2,HCAP,,,36.3,4.71
2777.88,2,LHC,,,45.34,5.9
2777.88,2,HCAP,,,60.11,27.57
2777.98,2,HCAP,,,36.16,4.65
2777.98,2,LHC,,,44.76,5.75
2777.98,2,LHC,,,57.27,19.22
2777.98,2,HCAP,,,59.91,28.14
2778.08,2,LHC,,,43.99,5.21
2778.08,2,LHC,,,56.13,17.9
2778.08,2,HCAP,,,36.1,4.68
2778.18,2,LHC,,,43.26,4.83
2778.18,2,LHC,,,55.58,17.4
2778.18,2,HCAP,,,35.9,4.64
2778.28,2,LHC,,,42.52,4.4
2778.28,2,LHC,,,54.26,15.81
2778.28,2,HCAP,,,35.78,4.92
2778.38,2,HCAP,,,35.58,5.11
2778.38,2,LHC,,,41.72,3.89
2778.38,2,LHC,,,53.73,15.55
2778.48,2,HCAP,,,35.3,5.24
2778.48,2,LHC,,,52.7,14.19
2778.48,2,LHC,,,40.98,3.36
2778.58,2,LHC,,,46.36,5.15
2778.58,2,LHC,,,51.96,12.68
2778.58,2,LHC,,,40.19,2.45
2778.58,2,HCAP,,,34.89,4.84
2778.68,2,LHC,,,59.45,18.57
2778.68,2,HCAP,,,34.39,4.44
2778.68,2,LHC,,,51.16,11.28
2778.68,2,LHC,,,45.94,4.33
2778.68,2,LHC,,,39.35,1.57
2778.78,2,LHC,,,57.97,16.54
2778.78,2,LHC,,,38.49,0.62
2778.78,2,LHC,,,49.86,9.26
2778.78,2,LHC,,,45.47,3.51
2778.78,2,HCAP,,,33.72,3.66
2778.88,2,LHC,,,56.67,15.22
2778.88,2,LHC,,,38.14,0.44
2778.88,2,LHC,,,49.19,8.54
2778.88,2,LHC,,,45.49,3.55
2778.88,2,HCAP,,,33.87,4.09
2778.98,2,HCAP,,,33.69,4.66
2778.98,2,LHC,,,55.49,14.24
2778.98,2,LHC,,,37.82,0.32
2778.98,2,LHC,,,45.63,3.81
2778.98,2,LHC,,,48.79,8.31
2779.08,2,HCAP,,,21.15,5.39
2779.08,2,LHC,,,26.68,0.0
2779.08,2,LHC,,,35.25,8.21
2779.08,2,LHC,,,32.61,4.85
2779.08,2,LHC,,,32.02,0.88
2779.18,2,LHC,,,34.82,8.27
2779.18,2,HCAP,,,20.75,5.73
2779.18,2,LHC,,,32.36,4.59
2779.18,2,LHC,,,26.4,0.19
2779.28,2,HCAP,,,20.33,6.35
2779.28,2,LHC,,,34.2,7.63
2779.28,2,LHC,,,31.99,4.17
2779.28,2,LHC,,,32.07,1.4
2779.28,2,LHC,,,26.12,0.32
2779.38,2,HCAP,,,19.66,7.4
2779.38,2,LHC,,,32.06,1.31
2779.38,2,LHC,,,25.87,0.43
2779.38,2,LHC,,,33.56,7.52
2779.38,2,LHC,,,31.59,4.03
2779.48,2,HCAP,,,19.12,7.71
2779.48,2,LHC,,,32.06,1.33
2779.48,2,LHC,,,25.6,0.53
2779.48,2,LHC,,,31.19,3.62
2779.48,2,LHC,,,33.05,7.46
2779.58,2,HCAP,,,18.38,8.2
2779.58,2,LHC,,,30.87,3.8
2779.58,2,LHC,,,32.54,7.77
2779.58,2,LHC,,,25.4,0.64
2779.68,2,HCAP,,,18.63,8.35
2779.68,2,LHC,,,31.05,4.0
2779.68,2,LHC,,,32.54,1.49
2779.68,2,LHC,,,32.67,7.35
2779.78,2,HCAP,,,18.92,8.61
2779.78,2,LHC,,,32.77,7.56
2779.88,2,HCAP,,,19.63,8.46
2779.88,2,LHC,,,31.99,4.45
2779.88,2,LHC,,,33.31,8.38
2779.98,2,LHC,,,33.74,8.71
2779.98,2,HCAP,,,20.12,8.46
2780.08,2,HCAP,,,20.64,8.49
2780.08,2,LHC,,,33.26,5.27
2780.28,2,LHC,,,29.5,2.16
2780.38,2,LHC,,,30.83,2.52
2780.58,2,LHC,,,33.81,3.68
2780.68,2,HCAP,,,18.33,14.04
2780.88,2,LHC,,,33.68,0.26
2780.98,2,LHC,,,34.71,7.75
2781.88,2,HCAP,,,28.85,7.82
2781.98,2,HCAP,,,29.23,8.21
2782.08,2,HCAP,,,29.53,8.46
2782.18,2,HCAP,,,29.8,8.82
2782.28,2,HCAP,,,30.06,9.13
2782.38,2,HCAP,,,30.51,9.39
2782.48,2,HCAP,,,30.77,9.77
2782.58,2,HCAP,,,24.7,11.18
2782.68,2,HCAP,,,25.1,10.96
2782.78,2,HCAP,,,25.4,11.01
2782.88,2,HCAP,,,25.86,11.15
2782.98,2,HCAP,,,26.33,10.97
2783.08,2,HCAP,,,26.93,10.72
2783.18,2,HCAP,,,27.34,10.89
2783.28,2,HCAP,,,27.34,10.48
2783.38,2,HCAP,,,27.35,10.07
2783.48,2,HCAP,,,27.35,10.03
2783.58,2,HCAP,,,26.39,9.18
2783.68,2,HCAP,,,26.44,8.89
2783.78,2,HCAP,,,26.52,8.69
2783.88,2,HCAP,,,26.55,8.45
2783.98,2,HCAP,,,26.6,8.33
2784.08,2,HCAP,,,10.91,18.51
2784.48,2,HCAP,,,25.17,6.82
2784.58,2,HCAP,,,26.35,7.37
2784.68,2,HCAP,,,26.42,7.06
2784.78,2,HCAP,,,26.48,6.91
2784.88,2,HCAP,,,26.59,6.74
2784.98,2,HCAP,,,26.65,6.61
2785.08,2,HCAP,,,26.71,6.27
2785.18,2,HCAP,,,26.73,6.07
2785.28,2,HCAP,,,26.79,5.99
2785.38,2,HCAP,,,8.86,16.51
2785.38,2,HCAP,,,27.3,5.88
2785.48,2,HCAP,,,27.78,5.61
2785.48,2,HCAP,,,9.25,16.13
2785.58,2,HCAP,,,7.13,15.8
2785.58,2,HCAP,,,25.81,4.44
2785.68,2,HCAP,,,26.23,4.3
2785.68,2,HCAP,,,7.64,15.21
2785.78,2,HCAP,,,26.13,16.03
2785.78,2,HCAP,,,8.24,14.45
2785.78,2,HCAP,,,26.62,4.14
2785.88,2,HCAP,,,26.99,4.05
2785.88,2,HCAP,,,26.28,15.42
2785.88,2,HCAP,,,8.84,13.72
2785.98,2,HCAP,,,27.4,3.65
2785.98,2,HCAP,,,9.58,12.78
2786.08,2,LHC,,,11.64,18.88
2786.08,2,HCAP,,,27.75,3.75
2786.08,2,HCAP,,,10.04,12.27
2786.18,2,LHC,,,12.97,15.9
2786.18,2,HCAP,,,10.29,11.72
2786.18,2,HCAP,,,27.61,3.77
2786.28,2,LHC,,,9.0,31.16
2786.28,2,LHC,,,13.15,15.2
2786.28,2,HCAP,,,27.12,11.05
2786.28,2,HCAP,,,10.69,10.92
2786.28,2,LHC,,,15.62,6.95
2786.38,2,LHC,,,10.55,28.66
2786.38,2,LHC,,,13.72,13.73
2786.38,2,LHC,,,15.71,6.8
2786.38,2,HCAP,,,10.49,11.06
2786.38,2,HCAP,,,27.17,9.96
2786.48,2,LHC,,,11.78,26.83
2786.48,2,LHC,,,15.98,6.37
2786.48,2,HCAP,,,27.08,8.66
2786.48,2,LHC,,,14.09,12.59
2786.58,2,LHC,,,11.16,27.32
2786.58,2,LHC,,,13.3,12.53
2786.58,2,HCAP,,,26.94,7.27
2786.58,2,LHC,,,15.93,5.39
2786.68,2,LHC,,,12.31,25.68
2786.68,2,LHC,,,14.12,10.76
2786.68,2,LHC,,,16.3,4.82
2786.68,2,HCAP,,,26.79,6.76
2786.78,2,LHC,,,13.48,24.02
2786.78,2,LHC,,,14.57,9.64
2786.78,2,HCAP,,,26.59,6.24
2786.78,2,HCAP,,,9.85,9.78
2786.78,2,LHC,,,16.27,4.89
2786.88,2,LHC,,,14.46,22.44
2786.88,2,LHC,,,14.68,9.26
2786.88,2,LHC,,,16.45,4.62
2786.88,2,HCAP,,,9.77,9.78
2786.88,2,HCAP,,,26.58,5.28
2786.98,2,LHC,,,15.52,20.58
2786.98,2,LHC,,,15.12,8.08
2786.98,2,HCAP,,,9.92,9.44
2786.98,2,HCAP,,,26.3,4.89
2787.08,2,LHC,,,16.49,18.89
2787.08,2,HCAP,,,26.25,4.02
2787.08,2,HCAP,,,10.45,8.58
2787.08,2,LHC,,,17.11,3.38
2787.08,2,LHC,,,15.5,7.27
2787.18,2,LHC,,,17.29,17.44
2787.18,2,LHC,,,15.54,7.08
2787.18,2,LHC,,,17.22,3.16
2787.18,2,HCAP,,,11.72,6.58
2787.18,2,HCAP,,,26.02,3.59
2787.28,2,LHC,,,18.16,15.69
2787.28,2,LHC,,,15.94,6.27
2787.28,2,LHC,,,17.24,3.12
2787.28,2,HCAP,,,25.9,3.29
2787.28,2,HCAP,,,11.46,6.95
2787.38,2,LHC,,,18.84,14.43
2787.38,2,LHC,,,-0.82,25.23
2787.38,2,LHC,,,16.34,5.46
2787.38,2,HCAP,,,25.66,3.0
2787.38,2,LHC,,,17.38,2.94
2787.38,2,HCAP,,,12.27,5.66
2787.48,2,LHC,,,19.52,13.0
2787.48,2,LHC,,,16.56,4.93
2787.48,2,LHC,,,-0.58,24.74
2787.48,2,HCAP,,,25.5,2.67
2787.48,2,HCAP,,,12.2,5.73
2787.58,2,LHC,,,19.9,12.25
2787.58,2,LHC,,,1.52,21.71
2787.58,2,LHC,,,16.92,4.18
2787.58,2,HCAP,,,12.55,5.22
2787.68,2,LHC,,,20.4,11.09
2787.68,2,LHC,,,2.92,19.48
2787.68,2,LHC,,,17.13,3.7
2787.68,2,HCAP,,,25.29,1.98
2787.78,2,LHC,,,20.88,9.83
2787.78,2,LHC,,,3.38,18.7
2787.78,2,LHC,,,17.14,3.47
2787.78,2,HCAP,,,25.17,1.82
2787.78,2,HCAP,,,12.65,5.04
2787.88,2,LHC,,,21.01,9.43
2787.88,2,LHC,,,4.13,17.44
2787.88,2,HCAP,,,25.1,1.49
2787.88,2,LHC,,,17.27,2.95
2787.88,2,HCAP,,,26.54,0.09
2787.88,2,HCAP,,,12.8,4.82
2787.98,2,LHC,,,21.39,8.28
2787.98,2,LHC,,,4.38,16.93
2787.98,2,LHC,,,17.18,2.87
2787.98,2,HCAP,,,25.1,1.09
2787.98,2,HCAP,,,26.62,-0.15
2787.98,2,HCAP,,,12.53,5.21
2787.98,2,HCAP,,,12.94,6.86
2788.08,2,LHC,,,5.39,15.47
2788.08,2,LHC,,,21.52,7.82
2788.08,2,HCAP,,,25.06,0.9
2788.08,2,HCAP,,,12.52,5.26
2788.08,2,HCAP,,,26.64,-0.28
2788.18,2,LHC,,,6.1,14.5
2788.18,2,LHC,,,21.83,6.85
2788.18,2,HCAP,,,24.98,0.62
2788.18,2,HCAP,,,12.83,4.83
2788.18,2,LHC,,,17.22,2.48
2788.18,2,HCAP,,,26.68,-0.41
2788.28,2,LHC,,,6.68,13.67
2788.28,2,LHC,,,21.85,6.58
2788.28,2,HCAP,,,25.03,0.22
2788.28,2,HCAP,,,26.67,-0.44
2788.28,2,LHC,,,17.39,2.16
2788.28,2,HCAP,,,12.95,6.81
2788.38,2,LHC,,,21.97,6.0
2788.38,2,LHC,,,7.32,12.8
2788.38,2,HCAP,,,12.95,6.8
2788.38,2,LHC,,,17.58,1.87
2788.38,2,HCAP,,,26.76,-0.74
2788.38,2,HCAP,,,13.2,4.35
2788.48,2,LHC,,,22.04,5.53
2788.48,2,LHC,,,7.8,12.13
2788.48,2,HCAP,,,12.91,6.84
2788.48,2,HCAP,,,26.75,-0.75
2788.48,2,HCAP,,,25.01,-0.28
2788.48,2,HCAP,,,12.9,4.89
2788.58,2,LHC,,,8.58,11.32
2788.58,2,LHC,,,22.05,5.26
2788.58,2,HCAP,,,24.79,-0.14
2788.58,2,HCAP,,,12.77,7.13
2788.58,2,HCAP,,,12.85,5.06
2788.58,2,HCAP,,,26.67,-0.52
2788.68,2,LHC,,,22.14,4.75
2788.68,2,LHC,,,9.1,10.64
2788.68,2,HCAP,,,24.67,-0.04
2788.68,2,HCAP,,,26.61,-0.36
2788.78,2,LHC,,,9.71,9.82
2788.78,2,LHC,,,22.09,4.56
2788.78,2,HCAP,,,24.75,-0.6
2788.88,2,LHC,,,22.1,4.07
2788.88,2,LHC,,,10.18,9.26
2788.88,2,HCAP,,,24.56,-0.32
2788.98,2,LHC,,,22.07,3.71
2788.98,2,LHC,,,26.83,4.45
2788.98,2,LHC,,,10.68,8.62
2788.98,2,HCAP,,,6.13,29.56
2788.98,2,LHC,,,18.59,0.96
2789.08,2,LHC,,,21.95,3.56
2789.08,2,LHC,,,26.58,4.48
2789.08,2,LHC,,,10.99,8.33
2789.08,2,LHC,,,18.74,0.85
2789.08,2,HCAP,,,24.53,-0.82
2789.08,2,HCAP,,,26.68,-0.85
2789.08,2,HCAP,,,6.31,28.34
2789.18,2,HCAP,,,7.61,25.36
2789.18,2,LHC,,,26.46,4.02
2789.18,2,LHC,,,21.85,3.36
2789.18,2,HCAP,,,24.27,-0.46
2789.18,2,HCAP,,,26.61,-0.73
2789.18,2,LHC,,,18.87,0.77
2789.18,2,LHC,,,11.91,6.97
2789.28,2,LHC,,,18.98,20.7
2789.28,2,LHC,,,26.35,3.64
2789.28,2,LHC,,,21.7,3.34
2789.28,2,HCAP,,,8.59,22.93
2789.28,2,HCAP,,,24.17,-0.47
2789.28,2,LHC,,,12.21,6.62
2789.28,2,HCAP,,,26.57,-0.75
2789.38,2,LHC,,,18.72,20.43
2789.38,2,LHC,,,21.66,3.07
2789.38,2,LHC,,,26.19,3.45
2789.38,2,HCAP,,,9.3,21.2
2789.38,2,HCAP,,,24.09,-0.47
2789.38,2,LHC,,,19.32,0.4
2789.38,2,LHC,,,12.56,6.14
2789.38,2,HCAP,,,26.51,-0.73
2789.48,2,LHC,,,18.94,18.92
2789.48,2,HCAP,,,10.07,19.36
2789.48,2,LHC,,,21.66,2.71
2789.48,2,LHC,,,26.13,3.15
2789.48,2,HCAP,,,23.95,-0.31
2789.48,2,LHC,,,19.5,0.25
2789.48,2,LHC,,,12.32,6.61
2789.48,2,HCAP,,,26.53,-0.92
2789.58,2,LHC,,,18.64,18.99
2789.58,2,HCAP,,,10.41,18.56
2789.58,2,LHC,,,21.5,3.02
2789.58,2,HCAP,,,23.76,0.26
2789.58,2,LHC,,,25.79,3.66
2789.58,2,HCAP,,,26.4,-0.38
2789.58,2,HCAP,,,12.75,7.39
2789.58,2,LHC,,,11.67,7.98
2789.58,2,LHC,,,19.61,0.55
2789.68,2,LHC,,,18.53,18.78
2789.68,2,HCAP,,,10.51,18.0
2789.68,2,LHC,,,21.4,2.88
2789.68,2,LHC,,,25.76,3.26
2789.68,2,LHC,,,11.44,8.41
2789.68,2,HCAP,,,23.7,0.21
2789.68,2,HCAP,,,26.29,-0.1
2789.78,2,LHC,,,18.76,17.64
2789.78,2,LHC,,,25.65,3.2
2789.78,2,HCAP,,,10.9,16.83
2789.78,2,LHC,,,21.3,2.79
2789.78,2,HCAP,,,23.61,0.25
2789.78,2,HCAP,,,26.29,-0.11
2789.78,2,LHC,,,11.43,8.46
2789.88,2,LHC,,,18.92,16.95
2789.88,2,LHC,,,25.66,2.84
2789.88,2,HCAP,,,11.08,16.13
2789.88,2,LHC,,,21.27,2.6
2789.88,2,HCAP,,,23.56,0.2
2789.88,2,HCAP,,,26.38,-0.37
2789.98,2,LHC,,,19.22,15.98
2789.98,2,LHC,,,25.65,2.55
2789.98,2,LHC,,,21.35,2.23
2789.98,2,HCAP,,,23.53,0.18
2789.98,2,HCAP,,,11.58,14.89
2789.98,2,HCAP,,,12.77,7.42
2790.08,2,LHC,,,19.41,15.34
2790.08,2,LHC,,,25.68,2.25
2790.08,2,LHC,,,21.51,1.84
2790.08,2,HCAP,,,23.38,0.46
2790.08,2,HCAP,,,14.1,10.02
2790.18,2,LHC,,,19.78,14.38
2790.18,2,LHC,,,25.67,2.07
2790.18,2,LHC,,,21.53,1.71
2790.18,2,HCAP,,,23.3,0.55
2790.28,2,LHC,,,19.87,14.21
2790.28,2,LHC,,,25.63,2.11
2790.28,2,LHC,,,21.59,1.46
2790.28,2,HCAP,,,23.41,0.36
2790.28,2,HCAP,,,12.51,12.57
2790.38,2,LHC,,,20.2,13.55
2790.38,2,HCAP,,,12.67,12.24
2790.38,2,HCAP,,,23.33,0.58
2790.38,2,LHC,,,21.71,1.24
2790.38,2,LHC,,,25.7,1.85
2790.38,2,HCAP,,,12.83,7.31
2790.48,2,LHC,,,20.39,13.29
2790.48,2,HCAP,,,23.23,0.68
2790.48,2,HCAP,,,13.03,11.56
2790.48,2,LHC,,,25.87,1.38
2790.48,2,LHC,,,21.9,0.97
2790.58,2,LHC,,,20.66,12.81
2790.58,2,HCAP,,,23.14,0.6
2790.58,2,HCAP,,,13.63,10.34
2790.58,2,LHC,,,25.88,1.2
2790.58,2,LHC,,,22.08,0.56
2790.58,2,LHC,,,2.61,31.91
2790.58,2,HCAP,,,12.92,7.07
2790.68,2,LHC,,,21.03,12.12
2790.68,2,HCAP,,,23.12,0.59
2790.68,2,LHC,,,22.19,0.4
2790.68,2,HCAP,,,13.88,10.0
2790.68,2,LHC,,,26.0,0.9
2790.78,2,LHC,,,21.14,12.11
2790.78,2,LHC,,,3.31,31.16
2790.78,2,HCAP,,,23.02,0.59
2790.78,2,LHC,,,22.47,-0.01
2790.78,2,HCAP,,,14.47,9.17
2790.78,2,LHC,,,26.24,0.39
2790.88,2,LHC,,,21.41,11.68
2790.88,2,LHC,,,4.18,29.7
2790.88,2,HCAP,,,14.89,8.55
2790.88,2,HCAP,,,22.99,0.47
2790.88,2,LHC,,,26.27,0.64
2790.88,2,HCAP,,,12.71,7.35
2790.88,2,LHC,,,22.58,-0.13
2790.98,2,LHC,,,21.56,11.6
2790.98,2,LHC,,,4.12,29.91
2790.98,2,HCAP,,,15.23,8.18
2790.98,2,HCAP,,,12.75,7.32
2790.98,2,LHC,,,26.38,0.53
2790.98,2,HCAP,,,22.95,0.39
2791.08,2,LHC,,,21.99,10.67
2791.08,2,LHC,,,4.82,28.71
2791.08,2,HCAP,,,12.8,7.24
2791.08,2,HCAP,,,15.72,7.51
2791.08,2,HCAP,,,23.02,0.08
2791.08,2,LHC,,,26.41,0.58
2791.18,2,LHC,,,22.17,10.47
2791.18,2,LHC,,,6.27,26.06
2791.18,2,HCAP,,,12.85,7.18
2791.18,2,HCAP,,,16.17,6.85
2791.18,2,LHC,,,26.56,0.56
2791.18,2,HCAP,,,23.17,-0.33
2791.28,2,LHC,,,22.42,9.92
2791.28,2,LHC,,,6.75,25.29
2791.28,2,HCAP,,,12.86,7.17
2791.28,2,HCAP,,,23.17,-0.39
2791.38,2,LHC,,,22.55,9.62
2791.38,2,LHC,,,7.21,24.54
2791.38,2,HCAP,,,12.86,7.19
2791.38,2,LHC,,,19.95,2.1
2791.38,2,LHC,,,26.82,0.2
2791.48,2,LHC,,,22.68,9.39
2791.48,2,LHC,,,7.56,23.97
2791.48,2,HCAP,,,23.15,-0.38
2791.48,2,HCAP,,,12.89,7.14
2791.48,2,LHC,,,26.86,0.26
2791.58,2,LHC,,,23.29,8.5
2791.58,2,LHC,,,9.32,21.93
2791.58,2,HCAP,,,13.11,8.27
2791.58,2,HCAP,,,22.96,0.4
2791.58,2,LHC,,,26.96,0.26
2791.68,2,LHC,,,23.28,8.56
2791.68,2,LHC,,,10.0,20.72
2791.68,2,HCAP,,,13.09,8.29
2791.68,2,LHC,,,27.02,0.39
2791.68,2,HCAP,,,23.01,0.31
2791.78,2,LHC,,,23.29,8.49
2791.78,2,LHC,,,10.54,19.76
2791.78,2,LHC,,,27.06,0.44
2791.78,2,HCAP,,,13.13,8.21
2791.88,2,LHC,,,22.74,8.69
2791.88,2,LHC,,,10.51,19.25
2791.88,2,LHC,,,27.47,-0.16
2791.98,2,LHC,,,10.62,18.55
2791.98,2,LHC,,,22.52,0.6
2792.08,2,LHC,,,10.55,18.15
2792.18,2,HCAP,,,25.44,0.88
2792.28,2,HCAP,,,17.62,4.98
2792.38,2,HCAP,,,13.96,7.07
2792.38,2,HCAP,,,25.61,0.17
2792.38,2,HCAP,,,17.56,4.75
2792.48,2,HCAP,,,13.94,7.18
2792.48,2,LHC,,,20.25,3.95
2792.48,2,HCAP,,,17.59,4.67
2792.48,2,HCAP,,,25.58,0.24
2792.58,2,LHC,,,22.03,8.37
2792.58,2,HCAP,,,15.31,6.37
2792.58,2,LHC,,,21.44,4.08
2792.58,2,HCAP,,,13.23,14.11
2792.58,2,HCAP,,,19.0,3.78
2792.58,2,HCAP,,,12.37,8.38
2792.58,2,LHC,,,25.51,1.63
2792.58,2,HCAP,,,26.29,0.7
2792.68,2,LHC,,,21.84,8.64
2792.68,2,HCAP,,,15.31,6.44
2792.68,2,LHC,,,21.3,4.38
2792.68,2,HCAP,,,13.36,13.67
2792.68,2,HCAP,,,26.27,0.81
2792.68,2,LHC,,,25.47,1.63
2792.68,2,HCAP,,,12.38,8.38
2792.68,2,HCAP,,,18.94,3.56
2792.78,2,LHC,,,21.5,9.16
2792.78,2,HCAP,,,15.46,6.25
2792.78,2,HCAP,,,13.72,12.78
2792.78,2,LHC,,,21.16,4.68
2792.78,2,HCAP,,,26.26,0.7
2792.78,2,LHC,,,25.36,1.68
2792.78,2,HCAP,,,12.4,8.35
2792.88,2,LHC,,,21.23,9.78
2792.88,2,HCAP,,,15.4,6.42
2792.88,2,HCAP,,,13.42,13.17
2792.88,2,LHC,,,20.9,5.09
2792.88,2,LHC,,,25.25,1.7
2792.88,2,HCAP,,,26.23,0.67
2792.88,2,HCAP,,,18.81,3.37
2792.88,2,HCAP,,,12.35,8.41
2792.98,2,LHC,,,21.1,9.89
2792.98,2,HCAP,,,15.38,6.47
2792.98,2,HCAP,,,26.22,0.76
2792.98,2,LHC,,,20.53,5.58
2792.98,2,HCAP,,,13.58,12.57
2792.98,2,HCAP,,,18.69,3.35
2792.98,2,HCAP,,,12.35,8.39
2792.98,2,LHC,,,25.12,1.86
2793.08,2,LHC,,,20.77,10.53
2793.08,2,HCAP,,,15.36,6.54
2793.08,2,HCAP,,,13.43,12.68
2793.08,2,HCAP,,,26.16,0.77
2793.08,2,LHC,,,25.04,1.94
2793.08,2,HCAP,,,12.35,8.39
2793.08,2,LHC,,,20.12,6.09
2793.18,2,LHC,,,20.45,10.88
2793.18,2,HCAP,,,13.36,12.53
2793.18,2,LHC,,,24.91,1.96
2793.18,2,HCAP,,,12.4,8.3
2793.18,2,HCAP,,,26.07,0.82
2793.18,2,HCAP,,,15.46,6.39
2793.18,2,HCAP,,,19.06,2.46
2793.28,2,LHC,,,20.17,11.18
2793.28,2,HCAP,,,13.29,12.45
2793.28,2,HCAP,,,15.34,6.6
2793.28,2,HCAP,,,12.41,8.3
2793.28,2,LHC,,,24.9,1.88
2793.28,2,HCAP,,,25.97,0.85
2793.28,2,HCAP,,,18.76,2.72
2793.38,2,LHC,,,19.81,11.59
2793.38,2,HCAP,,,13.2,12.36
2793.38,2,HCAP,,,15.32,6.6
2793.38,2,HCAP,,,12.42,8.29
2793.38,2,HCAP,,,25.85,0.86
2793.38,2,LHC,,,24.74,1.82
2793.48,2,LHC,,,19.5,11.9
2793.48,2,HCAP,,,13.09,12.36
2793.48,2,HCAP,,,15.33,6.55
2793.48,2,HCAP,,,12.45,8.24
2793.48,2,LHC,,,24.67,1.75
2793.48,2,HCAP,,,25.72,0.97
2793.58,2,LHC,,,18.85,12.78
2793.58,2,HCAP,,,14.98,7.09
2793.58,2,HCAP,,,12.88,12.55
2793.58,2,HCAP,,,12.27,8.56
2793.58,2,LHC,,,24.39,2.06
2793.58,2,HCAP,,,25.51,1.23
2793.68,2,LHC,,,18.38,13.43
2793.68,2,LHC,,,24.25,2.29
2793.68,2,HCAP,,,12.74,12.61
2793.68,2,HCAP,,,12.23,8.61
2793.68,2,HCAP,,,14.9,7.14
2793.68,2,HCAP,,,25.47,1.15
2793.78,2,LHC,,,18.05,13.71
2793.78,2,LHC,,,24.12,2.38
2793.78,2,HCAP,,,14.78,7.26
2793.78,2,HCAP,,,13.04,11.94
2793.78,2,HCAP,,,12.2,8.67
2793.78,2,HCAP,,,25.44,0.94
2793.88,2,LHC,,,17.78,13.89
2793.88,2,HCAP,,,12.95,12.03
2793.88,2,HCAP,,,14.74,7.23
2793.88,2,LHC,,,24.02,2.39
2793.88,2,HCAP,,,12.21,8.66
2793.88,2,HCAP,,,25.27,1.06
2793.98,2,LHC,,,17.39,14.24
2793.98,2,LHC,,,16.88,7.72
2793.98,2,HCAP,,,14.67,7.26
2793.98,2,HCAP,,,13.15,11.58
2793.98,2,LHC,,,23.93,2.39
2793.98,2,HCAP,,,12.22,8.64
2794.08,2,HCAP,,,13.56,10.77
2794.08,2,LHC,,,16.71,7.55
2794.08,2,LHC,,,17.01,14.59
2794.08,2,HCAP,,,14.67,7.2
2794.08,2,LHC,,,23.78,2.56
2794.08,2,HCAP,,,12.21,8.66
2794.18,2,LHC,,,16.59,7.34
2794.18,2,LHC,,,16.69,14.85
2794.18,2,HCAP,,,13.53,10.8
2794.18,2,HCAP,,,14.39,7.59
2794.18,2,LHC,,,23.66,2.6
2794.18,2,HCAP,,,24.99,1.0
2794.18,2,HCAP,,,12.2,8.66
2794.28,2,LHC,,,16.44,14.94
2794.28,2,LHC,,,16.35,7.41
2794.28,2,HCAP,,,13.65,10.53
2794.28,2,LHC,,,23.62,2.42
2794.28,2,HCAP,,,14.42,7.49
2794.28,2,HCAP,,,24.86,1.06
2794.28,2,HCAP,,,12.2,8.65
2794.38,2,LHC,,,16.45,14.45
2794.38,2,LHC,,,16.13,7.47
2794.38,2,HCAP,,,13.74,10.31
2794.38,2,LHC,,,23.54,2.36
2794.38,2,HCAP,,,24.7,1.16
2794.38,2,HCAP,,,14.54,7.2
2794.38,2,HCAP,,,12.19,8.68
2794.48,2,LHC,,,16.09,7.25
2794.48,2,LHC,,,16.33,14.25
2794.48,2,HCAP,,,14.03,9.77
2794.48,2,HCAP,,,24.55,1.25
2794.48,2,HCAP,,,14.39,7.65
2794.48,2,LHC,,,23.37,2.55
2794.48,2,HCAP,,,12.17,8.71
2794.58,2,LHC,,,16.64,13.13
2794.58,2,LHC,,,16.24,6.53
2794.58,2,HCAP,,,14.12,9.27
2794.58,2,HCAP,,,14.5,7.18
2794.58,2,LHC,,,23.42,2.16
2794.58,2,HCAP,,,24.46,1.04
2794.58,2,HCAP,,,12.29,8.32
2794.68,2,LHC,,,16.02,6.73
2794.68,2,LHC,,,16.64,12.98
2794.68,2,HCAP,,,14.23,8.98
2794.68,2,HCAP,,,24.33,1.07
2794.68,2,LHC,,,23.35,2.19
2794.68,2,HCAP,,,12.25,8.39
2794.68,2,HCAP,,,14.46,7.16
2794.78,2,LHC,,,16.83,12.4
2794.78,2,LHC,,,16.16,6.27
2794.78,2,HCAP,,,19.36,2.96
2794.78,2,HCAP,,,14.29,8.85
2794.78,2,HCAP,,,24.17,1.23
2794.78,2,LHC,,,23.31,2.11
2794.78,2,HCAP,,,12.27,8.37
2794.78,2,HCAP,,,14.98,6.16
2794.88,2,LHC,,,16.98,12.02
2794.88,2,LHC,,,23.28,2.12
2794.88,2,LHC,,,16.22,5.95
2794.88,2,HCAP,,,19.25,3.04
2794.88,2,HCAP,,,14.37,8.68
2794.88,2,HCAP,,,14.41,7.07
2794.88,2,HCAP,,,24.02,1.33
2794.88,2,HCAP,,,12.25,8.39
2794.98,2,LHC,,,17.16,11.63
2794.98,2,LHC,,,16.19,5.84
2794.98,2,LHC,,,23.2,2.11
2794.98,2,HCAP,,,23.94,1.15
2794.98,2,HCAP,,,12.26,8.38
2794.98,2,HCAP,,,19.21,3.01
2794.98,2,HCAP,,,14.87,7.66
2794.98,2,HCAP,,,14.45,6.99
2795.08,2,LHC,,,17.25,11.53
2795.08,2,LHC,,,16.37,5.41
2795.08,2,HCAP,,,19.04,3.12
2795.08,2,HCAP,,,14.64,8.08
2795.08,2,LHC,,,23.22,1.93
2795.08,2,HCAP,,,14.12,7.34
2795.08,2,HCAP,,,12.32,8.27
2795.08,2,HCAP,,,23.8,1.21
2795.18,2,LHC,,,17.52,11.05
2795.18,2,HCAP,,,18.93,3.2
2795.18,2,HCAP,,,14.04,7.47
2795.18,2,HCAP,,,23.83,0.86
2795.18,2,LHC,,,23.15,2.07
2795.18,2,LHC,,,15.57,6.79
2795.18,2,HCAP,,,12.28,8.34
2795.28,2,LHC,,,17.71,10.8
2795.28,2,HCAP,,,14.17,7.25
2795.28,2,HCAP,,,18.88,3.15
2795.28,2,LHC,,,16.3,5.44
2795.28,2,LHC,,,23.19,1.84
2795.28,2,HCAP,,,14.93,7.43
2795.28,2,HCAP,,,12.33,8.28
2795.38,2,LHC,,,17.87,10.59
2795.38,2,HCAP,,,14.04,7.48
2795.38,2,LHC,,,16.35,5.37
2795.38,2,LHC,,,23.25,1.72
2795.38,2,HCAP,,,18.85,3.14
2795.38,2,HCAP,,,14.68,7.85
2795.48,2,LHC,,,17.96,10.59
2795.48,2,LHC,,,16.74,4.81
2795.48,2,HCAP,,,14.04,7.49
2795.48,2,HCAP,,,23.23,1.69
2795.48,2,HCAP,,,15.33,5.72
2795.48,2,HCAP,,,18.69,3.3
2795.58,2,LHC,,,17.91,10.92
2795.58,2,LHC,,,16.87,4.62
2795.58,2,HCAP,,,13.93,7.52
2795.58,2,HCAP,,,18.55,3.34
2795.58,2,HCAP,,,14.32,8.11
2795.58,2,HCAP,,,23.25,1.63
2795.58,2,HCAP,,,15.21,5.75
2795.68,2,LHC,,,18.27,10.3
2795.68,2,HCAP,,,13.91,7.56
2795.68,2,LHC,,,17.01,4.51
2795.68,2,HCAP,,,14.29,8.05
2795.68,2,HCAP,,,23.27,1.55
2795.68,2,HCAP,,,12.21,8.26
2795.68,2,HCAP,,,18.46,3.42
2795.78,2,LHC,,,18.29,10.57
2795.78,2,HCAP,,,13.9,7.59
2795.78,2,HCAP,,,14.19,8.12
2795.78,2,HCAP,,,18.3,3.7
2795.78,2,LHC,,,17.29,4.24
2795.78,2,HCAP,,,12.2,8.26
2795.88,2,LHC,,,18.38,10.6
2795.88,2,HCAP,,,13.9,7.63
2795.88,2,HCAP,,,14.06,8.26
2795.88,2,HCAP,,,12.16,8.31
2795.88,2,HCAP,,,18.32,3.69
2795.88,2,LHC,,,23.24,0.73
2795.88,2,LHC,,,17.5,4.06
2795.98,2,LHC,,,18.55,10.43
2795.98,2,HCAP,,,14.01,8.31
2795.98,2,LHC,,,17.85,3.74
2795.98,2,HCAP,,,14.03,7.45
2795.98,2,LHC,,,23.12,0.84
2795.98,2,HCAP,,,12.16,8.32
2795.98,2,HCAP,,,18.35,3.63
2796.08,2,LHC,,,18.74,10.27
2796.08,2,LHC,,,18.0,3.62
2796.08,2,HCAP,,,14.08,7.37
2796.08,2,HCAP,,,14.08,8.19
2796.08,2,HCAP,,,18.37,3.66
2796.08,2,HCAP,,,12.2,8.26
2796.08,2,LHC,,,23.04,0.85
2796.18,2,LHC,,,18.94,9.98
2796.18,2,HCAP,,,14.14,7.35
2796.18,2,HCAP,,,28.79,2.56
2796.18,2,LHC,,,18.18,3.54
2796.18,2,HCAP,,,13.63,8.92
2796.18,2,LHC,,,23.03,0.63
2796.18,2,HCAP,,,12.14,8.36
2796.28,2,LHC,,,19.01,10.03
2796.28,2,HCAP,,,28.73,2.54
2796.28,2,HCAP,,,14.08,7.48
2796.28,2,LHC,,,22.96,0.49
2796.28,2,HCAP,,,13.53,9.03
2796.28,2,HCAP,,,12.15,8.35
2796.28,2,LHC,,,18.24,3.73
2796.38,2,LHC,,,19.07,10.12
2796.38,2,HCAP,,,14.0,7.63
2796.38,2,LHC,,,18.28,3.8
2796.38,2,HCAP,,,28.67,2.57
2796.38,2,LHC,,,22.88,0.43
2796.38,2,HCAP,,,13.46,9.18
2796.48,2,LHC,,,18.92,10.81
2796.48,2,HCAP,,,14.1,7.59
2796.48,2,HCAP,,,12.07,8.51
2796.48,2,LHC,,,18.37,3.77
2796.48,2,HCAP,,,28.66,2.51
2796.48,2,HCAP,,,13.34,9.47
2796.58,2,LHC,,,19.13,10.72
2796.58,2,HCAP,,,14.31,7.41
2796.58,2,HCAP,,,28.56,2.63
2796.58,2,LHC,,,18.39,4.05
2796.58,2,HCAP,,,12.31,8.25
2796.58,2,LHC,,,22.82,0.18
2796.58,2,HCAP,,,13.56,9.29
2796.68,2,LHC,,,19.32,10.51
2796.68,2,HCAP,,,28.54,2.79
2796.68,2,HCAP,,,12.26,8.32
2796.68,2,HCAP,,,14.29,7.48
2796.68,2,LHC,,,18.59,3.73
2796.68,2,LHC,,,23.88,1.1
2796.68,2,HCAP,,,13.3,9.76
2796.68,2,LHC,,,22.82,-0.02
2796.78,2,LHC,,,19.3,10.96
2796.78,2,LHC,,,18.53,3.92
2796.78,2,HCAP,,,28.57,2.97
2796.78,2,HCAP,,,12.28,8.32
2796.78,2,LHC,,,22.45,0.77
2796.78,2,HCAP,,,14.33,7.51
2796.78,2,HCAP,,,13.37,9.7
2796.78,2,LHC,,,23.94,1.14
2796.88,2,LHC,,,19.55,10.64
2796.88,2,HCAP,,,28.59,3.09
2796.88,2,LHC,,,18.56,3.9
2796.88,2,LHC,,,22.34,0.78
2796.88,2,HCAP,,,12.26,8.34
2796.88,2,HCAP,,,14.68,7.16
2796.98,2,LHC,,,19.59,10.98
2796.98,2,HCAP,,,28.69,3.24
2796.98,2,LHC,,,18.65,3.74
2796.98,2,HCAP,,,12.33,8.29
2796.98,2,HCAP,,,14.85,7.01
2796.98,2,LHC,,,22.23,0.87
2797.08,2,LHC,,,19.81,10.81
2797.08,2,LHC,,,18.52,4.04
2797.08,2,HCAP,,,28.83,3.32
2797.08,2,HCAP,,,12.32,8.32
2797.08,2,HCAP,,,22.13,0.96
2797.18,2,LHC,,,20.02,10.65
2797.18,2,HCAP,,,28.99,3.37
2797.18,2,LHC,,,18.5,4.15
2797.18,2,HCAP,,,12.35,8.32
2797.18,2,LHC,,,22.07,0.88
2797.18,2,LHC,,,24.24,0.91
2797.18,2,HCAP,,,15.53,5.99
2797.28,2,LHC,,,20.15,10.72
2797.28,2,HCAP,,,29.14,3.43
2797.28,2,LHC,,,18.33,4.57
2797.28,2,HCAP,,,12.4,8.24
2797.28,2,LHC,,,24.31,0.88
2797.28,2,LHC,,,21.93,0.86
2797.38,2,LHC,,,20.21,10.95
2797.38,2,LHC,,,18.32,4.69
2797.38,2,HCAP,,,29.4,3.35
2797.38,2,HCAP,,,12.47,8.19
2797.38,2,LHC,,,21.83,0.86
2797.38,2,LHC,,,24.4,0.84
2797.48,2,LHC,,,20.23,11.34
2797.48,2,HCAP,,,29.64,3.3
2797.48,2,HCAP,,,12.44,8.28
2797.48,2,LHC,,,18.25,4.93
2797.48,2,LHC,,,24.41,0.89
2797.48,2,LHC,,,21.71,0.91
2797.58,2,LHC,,,22.5,11.53
2797.58,2,LHC,,,20.14,4.41
2797.58,2,HCAP,,,31.35,3.34
2797.58,2,HCAP,,,13.92,7.77
2797.58,2,LHC,,,26.22,0.41
2797.68,2,LHC,,,19.79,4.57
2797.78,2,LHC,,,19.81,4.59
2797.88,2,LHC,,,19.42,4.9
2797.88,2,HCAP,,,15.28,10.48
2797.98,2,LHC,,,19.24,5.04
2797.98,2,HCAP,,,14.91,11.0
2798.08,2,HCAP,,,14.54,11.29
2798.08,2,LHC,,,18.94,5.27
2798.08,2,HCAP,,,21.96,2.43
2798.18,2,HCAP,,,14.22,11.59
2798.18,2,HCAP,,,14.68,6.62
2798.18,2,LHC,,,18.83,5.16
2798.18,2,HCAP,,,21.9,2.31
2798.28,2,HCAP,,,13.82,11.97
2798.28,2,HCAP,,,14.44,7.56
2798.28,2,LHC,,,18.58,5.36
2798.28,2,HCAP,,,21.88,2.08
2798.38,2,HCAP,,,13.58,12.2
2798.38,2,LHC,,,18.37,5.54
2798.38,2,HCAP,,,14.35,7.71
2798.38,2,HCAP,,,21.81,1.98
2798.48,2,LHC,,,18.01,5.84
2798.48,2,HCAP,,,13.04,12.7
2798.48,2,HCAP,,,22.4,1.44
2798.48,2,HCAP,,,14.05,7.7
2798.48,2,HCAP,,,21.55,1.98
2798.58,2,LHC,,,22.35,4.33
2798.58,2,HCAP,,,18.25,11.01
2798.58,2,HCAP,,,18.42,6.23
2798.58,2,HCAP,,,25.13,1.08
2798.68,2,LHC,,,22.23,4.26
2798.68,2,HCAP,,,17.98,11.1
2798.68,2,HCAP,,,24.81,1.21
2798.78,2,LHC,,,22.12,4.2
2798.78,2,HCAP,,,17.89,10.95
2798.78,2,HCAP,,,24.55,1.14
2798.88,2,LHC,,,21.79,4.56
2798.88,2,HCAP,,,17.64,11.01
2798.88,2,LHC,,,30.4,1.63
2798.88,2,HCAP,,,24.21,1.17
2798.98,2,LHC,,,21.59,4.56
2798.98,2,HCAP,,,17.43,11.09
2798.98,2,HCAP,,,21.01,0.99
2798.98,2,HCAP,,,23.85,1.27
2799.08,2,LHC,,,21.55,4.18
2799.08,2,HCAP,,,17.16,11.35
2799.08,2,HCAP,,,23.56,1.23
2799.18,2,LHC,,,21.31,4.24
2799.18,2,HCAP,,,17.26,10.73
2799.18,2,HCAP,,,23.16,1.54
2799.28,2,LHC,,,21.29,4.05
2799.28,2,HCAP,,,17.1,11.0
2799.28,2,HCAP,,,22.96,1.64
2799.38,2,LHC,,,21.36,3.93
2799.38,2,HCAP,,,17.57,10.27
2799.38,2,HCAP,,,12.2,9.9
2799.48,2,HCAP,,,17.88,9.76
2799.48,2,LHC,,,21.42,3.79
2799.48,2,HCAP,,,11.94,10.11
2799.48,2,LHC,,,29.31,1.28
2799.58,2,LHC,,,22.31,3.31
2799.58,2,HCAP,,,12.29,9.92
2799.58,2,HCAP,,,19.27,8.73
2799.58,2,HCAP,,,19.73,2.15
2799.58,2,LHC,,,30.3,1.14
2799.68,2,HCAP,,,19.38,8.43
2799.68,2,LHC,,,22.3,3.18
2799.68,2,HCAP,,,19.73,2.2
2799.68,2,HCAP,,,11.68,10.18
2799.68,2,LHC,,,30.33,0.87
2799.78,2,HCAP,,,19.58,7.98
2799.78,2,HCAP,,,11.27,10.23
2799.78,2,HCAP,,,19.77,2.18
2799.78,2,LHC,,,22.33,2.91
2799.78,2,LHC,,,30.34,0.8
2799.88,2,HCAP,,,19.63,7.78
2799.88,2,LHC,,,22.26,2.79
2799.88,2,HCAP,,,10.89,10.81
2799.88,2,HCAP,,,19.82,2.17
2799.88,2,LHC,,,30.32,0.78
2799.98,2,HCAP,,,19.6,7.67
2799.98,2,HCAP,,,10.52,11.06
2799.98,2,HCAP,,,19.82,2.35
2799.98,2,LHC,,,22.22,2.6
2799.98,2,LHC,,,30.31,0.83
2800.08,2,HCAP,,,19.84,7.27
2800.08,2,LHC,,,30.47,0.81
2800.08,2,HCAP,,,10.45,11.14
2800.08,2,LHC,,,22.29,2.57
2800.08,2,HCAP,,,20.05,2.2
2800.18,2,HCAP,,,20.15,7.11
2800.18,2,HCAP,,,21.75,0.35
2800.28,2,HCAP,,,20.69,2.28
2800.28,2,HCAP,,,20.47,6.79
2800.38,2,HCAP,,,20.66,6.75
2800.48,2,HCAP,,,8.94,11.65
2800.48,2,HCAP,,,20.89,6.63
2800.58,2,LHC,,,22.71,11.15
2800.58,2,HCAP,,,10.36,10.19
2800.58,2,HCAP,,,19.1,4.44
2800.58,2,HCAP,,,21.13,6.5
2800.68,2,LHC,,,22.6,11.61
2800.68,2,LHC,,,23.37,2.36
2800.68,2,LHC,,,21.51,2.82
2800.68,2,HCAP,,,21.24,6.45
2800.68,2,HCAP,,,24.54,1.75
2800.68,2,HCAP,,,19.31,4.38
2800.78,2,LHC,,,22.44,12.2
2800.78,2,LHC,,,21.71,2.82
2800.78,2,LHC,,,23.53,2.35
2800.78,2,HCAP,,,19.52,2.19
2800.78,2,HCAP,,,21.35,6.58
2800.88,2,LHC,,,22.43,12.6
2800.88,2,HCAP,,,21.45,6.86
2800.88,2,LHC,,,32.5,0.65
2800.88,2,LHC,,,23.71,2.44
2800.98,2,LHC,,,22.52,13.06
2800.98,2,HCAP,,,21.69,6.75
2800.98,2,LHC,,,23.83,2.56
2800.98,2,LHC,,,24.39,-0.19
2801.08,2,LHC,,,11.59,16.3
2801.08,2,HCAP,,,12.65,5.66
2801.08,2,HCAP,,,13.26,9.24
2801.08,2,LHC,,,16.54,4.47
2801.18,2,LHC,,,11.53,16.75
2801.18,2,LHC,,,14.62,5.66
2801.18,2,HCAP,,,13.3,9.46
2801.18,2,HCAP,,,13.17,5.11
2801.18,2,LHC,,,12.9,6.74
2801.18,2,LHC,,,16.7,4.42
2801.28,2,LHC,,,14.61,5.95
2801.28,2,LHC,,,11.43,17.35
2801.28,2,HCAP,,,13.3,5.2
2801.28,2,HCAP,,,13.6,9.24
2801.28,2,LHC,,,16.87,4.39
2801.38,2,LHC,,,10.98,18.51
2801.38,2,LHC,,,14.68,6.09
2801.38,2,LHC,,,17.2,3.99
2801.38,2,HCAP,,,13.35,5.29
2801.38,2,HCAP,,,13.68,9.41
2801.48,2,LHC,,,10.88,19.33
2801.48,2,LHC,,,14.92,6.03
2801.48,2,LHC,,,17.45,3.87
2801.48,2,HCAP,,,13.65,9.82
2801.48,2,HCAP,,,13.56,5.18
2801.58,2,LHC,,,10.86,19.86
2801.58,2,LHC,,,15.05,6.08
2801.58,2,LHC,,,17.61,3.83
2801.58,2,LHC,,,13.45,5.56
2801.68,2,LHC,,,10.73,20.58
2801.68,2,LHC,,,15.09,6.35
2801.68,2,LHC,,,17.88,3.7
2801.68,2,HCAP,,,13.88,10.06
2801.78,2,LHC,,,10.52,21.31
2801.78,2,LHC,,,13.98,6.84
2801.78,2,LHC,,,15.01,6.63
2801.78,2,HCAP,,,14.17,9.75
2801.78,2,LHC,,,17.98,3.77
2801.88,2,LHC,,,10.5,21.95
2801.88,2,HCAP,,,14.16,6.89
2801.88,2,LHC,,,15.09,6.81
2801.88,2,LHC,,,18.22,3.7
2801.88,2,HCAP,,,14.24,10.01
2801.98,2,LHC,,,10.63,22.34
2801.98,2,HCAP,,,14.43,6.79
2801.98,2,HCAP,,,14.5,9.82
2801.98,2,LHC,,,15.09,7.1
2801.98,2,LHC,,,18.58,3.39
2801.98,2,HCAP,,,12.16,8.11
2802.08,2,LHC,,,10.39,23.74
2802.08,2,LHC,,,15.16,7.21
2802.08,2,HCAP,,,14.69,9.81
2802.08,2,LHC,,,18.88,3.31
2802.18,2,LHC,,,9.98,25.99
2802.18,2,HCAP,,,14.96,9.7
2802.18,2,LHC,,,23.69,1.55
2802.18,2,LHC,,,15.17,7.44
2802.18,2,LHC,,,19.47,2.71
2802.18,2,LHC,,,12.95,7.7
2802.28,2,LHC,,,10.12,27.27
2802.28,2,LHC,,,15.18,7.69
2802.28,2,HCAP,,,15.02,9.98
2802.28,2,LHC,,,24.08,1.36
2802.28,2,LHC,,,19.83,2.44
2802.38,2,LHC,,,10.35,28.73
2802.38,2,HCAP,,,15.3,9.88
2802.38,2,LHC,,,15.38,7.59
2802.38,2,LHC,,,20.27,2.13
2802.48,2,LHC,,,10.99,29.27
2802.48,2,HCAP,,,15.45,10.01
2802.48,2,LHC,,,20.46,2.14
2802.48,2,LHC,,,15.52,7.55
2802.58,2,HCAP,,,11.19,11.0
2802.58,2,LHC,,,11.32,9.29
2802.58,2,LHC,,,17.52,5.24
2802.68,2,LHC,,,11.57,9.24
2802.68,2,HCAP,,,11.64,10.91
2802.68,2,LHC,,,18.06,4.97
2802.78,2,LHC,,,11.87,8.91
2802.78,2,HCAP,,,11.94,10.64
2802.78,2,LHC,,,18.45,4.65
2802.78,2,LHC,,,22.43,4.37
2802.88,2,LHC,,,11.87,8.87
2802.88,2,LHC,,,18.98,4.17
2802.88,2,HCAP,,,12.44,10.23
2802.98,2,LHC,,,12.58,8.12
2802.98,2,LHC,,,19.52,3.61
2802.98,2,HCAP,,,13.03,9.69
2803.08,2,LHC,,,12.06,8.52
2803.08,2,LHC,,,19.52,3.56
2803.08,2,HCAP,,,12.62,10.11
2803.18,2,LHC,,,11.88,8.6
2803.18,2,LHC,,,14.87,6.5
2803.18,2,LHC,,,19.53,3.52
2803.18,2,HCAP,,,12.6,10.07
2803.28,2,LHC,,,11.75,8.6
2803.28,2,LHC,,,14.88,6.54
2803.28,2,LHC,,,19.56,3.49
2803.28,2,HCAP,,,12.25,10.47
2803.38,2,LHC,,,14.13,30.78
2803.38,2,LHC,,,11.48,8.73
2803.38,2,HCAP,,,12.28,10.48
2803.38,2,LHC,,,19.72,3.35
2803.38,2,LHC,,,15.09,6.35
2803.48,2,LHC,,,15.58,27.74
2803.48,2,LHC,,,11.34,8.75
2803.48,2,LHC,,,19.8,3.26
2803.48,2,LHC,,,15.29,6.22
2803.48,2,HCAP,,,12.17,10.67
2803.58,2,LHC,,,17.1,24.03
2803.58,2,LHC,,,11.2,8.78
2803.58,2,HCAP,,,12.07,10.94
2803.58,2,LHC,,,15.69,5.99
2803.58,2,LHC,,,19.87,3.21
2803.68,2,LHC,,,18.01,22.18
2803.68,2,LHC,,,11.14,8.75
2803.68,2,HCAP,,,11.64,11.59
2803.68,2,LHC,,,15.82,5.91
2803.68,2,LHC,,,19.97,3.16
2803.78,2,LHC,,,18.91,20.06
2803.78,2,LHC,,,11.08,8.69
2803.78,2,HCAP,,,11.57,11.74
2803.78,2,LHC,,,16.05,5.79
2803.88,2,LHC,,,19.42,19.16
2803.88,2,LHC,,,11.08,8.62
2803.88,2,HCAP,,,11.64,11.75
2803.98,2,LHC,,,19.97,18.04
2803.98,2,LHC,,,10.98,8.64
2803.98,2,HCAP,,,11.67,11.85
2803.98,2,LHC,,,19.99,3.65
2803.98,2,LHC,,,16.27,5.79
2804.08,2,LHC,,,20.93,17.04
2804.08,2,LHC,,,12.98,7.43
2804.08,2,HCAP,,,13.48,11.42
2804.08,2,LHC,,,20.06,2.34
2804.08,2,LHC,,,17.02,4.78
2804.18,2,LHC,,,21.36,15.89
2804.18,2,LHC,,,13.06,7.29
2804.18,2,HCAP,,,13.73,11.2
2804.18,2,HCAP,,,19.46,2.3
2804.18,2,LHC,,,17.44,4.3
2804.28,2,LHC,,,21.63,15.33
2804.28,2,LHC,,,13.22,7.06
2804.28,2,HCAP,,,14.01,10.99
2804.28,2,HCAP,,,19.4,2.41
2804.28,2,HCAP,,,16.39,3.53
2804.28,2,LHC,,,17.92,3.62
2804.38,2,LHC,,,21.96,14.27
2804.38,2,HCAP,,,19.31,2.54
2804.38,2,LHC,,,13.39,6.84
2804.38,2,HCAP,,,14.09,11.23
2804.38,2,HCAP,,,16.43,3.49
2804.48,2,LHC,,,22.29,13.26
2804.48,2,LHC,,,13.48,6.75
2804.48,2,HCAP,,,14.15,11.41
2804.48,2,HCAP,,,19.22,2.63
2804.48,2,LHC,,,17.5,4.66
2804.48,2,HCAP,,,16.56,3.43
2804.58,2,LHC,,,22.52,13.19
2804.58,2,LHC,,,13.79,6.39
2804.58,2,HCAP,,,19.04,2.83
2804.58,2,LHC,,,21.07,2.95
2804.58,2,HCAP,,,14.33,11.3
2804.68,2,LHC,,,22.74,13.08
2804.68,2,LHC,,,13.87,6.39
2804.68,2,HCAP,,,18.91,2.88
2804.68,2,HCAP,,,14.63,11.08
2804.68,2,LHC,,,21.14,2.99
2804.68,2,HCAP,,,16.48,3.69
2804.78,2,LHC,,,22.53,12.39
2804.78,2,LHC,,,13.61,6.45
2804.78,2,HCAP,,,14.63,11.03
2804.78,2,LHC,,,17.38,4.97
2804.78,2,HCAP,,,16.46,3.54
2804.88,2,LHC,,,13.27,6.56
2804.88,2,HCAP,,,19.0,2.79
2804.98,2,LHC,,,20.45,3.17
2805.08,2,LHC,,,24.03,3.2
2805.18,2,HCAP,,,16.4,3.97
2805.18,2,LHC,,,23.69,3.16
2805.28,2,LHC,,,15.15,4.02
2805.28,2,HCAP,,,19.34,2.13
2805.38,2,LHC,,,14.95,4.03
2805.48,2,HCAP,,,15.51,5.4
2805.58,2,LHC,,,21.79,2.51
2805.58,2,LHC,,,16.44,4.76
2805.58,2,HCAP,,,17.92,4.92
2805.68,2,HCAP,,,21.4,2.61
2805.78,2,HCAP,,,20.94,3.0
2805.88,2,HCAP,,,20.82,3.07
2805.98,2,LHC,,,25.15,2.25
2805.98,2,HCAP,,,16.0,9.38
2805.98,2,HCAP,,,20.71,3.32
2805.98,2,LHC,,,11.57,8.73
2806.08,2,LHC,,,20.26,13.48
2806.08,2,LHC,,,14.02,6.82
2806.08,2,LHC,,,24.99,2.5
2806.08,2,LHC,,,11.36,8.95
2806.08,2,HCAP,,,20.62,3.52
2806.08,2,HCAP,,,16.03,9.14
2806.08,2,HCAP,,,16.94,4.75
2806.18,2,LHC,,,20.09,13.52
2806.18,2,LHC,,,24.88,2.67
2806.18,2,LHC,,,13.62,7.22
2806.18,2,HCAP,,,20.52,3.78
2806.18,2,HCAP,,,17.0,4.62
2806.18,2,HCAP,,,16.08,8.88
2806.18,2,LHC,,,11.22,9.1
2806.28,2,LHC,,,19.61,14.44
2806.28,2,LHC,,,24.71,2.98
2806.28,2,HCAP,,,20.51,3.86
2806.28,2,LHC,,,13.35,7.5
2806.28,2,HCAP,,,17.0,4.52
2806.28,2,HCAP,,,16.09,8.61
2806.28,2,LHC,,,11.38,8.83
2806.38,2,LHC,,,19.18,15.07
2806.38,2,LHC,,,13.03,7.88
2806.38,2,LHC,,,24.68,3.0
2806.38,2,HCAP,,,20.51,3.99
2806.38,2,HCAP,,,16.83,4.79
2806.38,2,LHC,,,11.35,9.02
2806.38,2,HCAP,,,15.94,8.54
2806.48,2,LHC,,,19.47,15.62
2806.48,2,LHC,,,13.11,8.12
2806.48,2,LHC,,,25.02,3.37
2806.48,2,LHC,,,11.89,8.57
2806.48,2,HCAP,,,16.27,8.3
2806.48,2,HCAP,,,21.89,0.71
2806.58,2,LHC,,,18.14,16.51
2806.58,2,LHC,,,12.73,7.53
2806.58,2,LHC,,,15.08,4.42
2806.58,2,LHC,,,24.88,3.21
2806.58,2,LHC,,,11.97,7.69
2806.58,2,HCAP,,,15.65,7.93
2806.68,2,LHC,,,17.75,17.5
2806.68,2,LHC,,,12.48,7.83
2806.68,2,LHC,,,14.87,4.71
2806.68,2,LHC,,,24.83,3.27
2806.68,2,LHC,,,11.83,7.68
2806.68,2,HCAP,,,15.41,8.11
2806.78,2,LHC,,,17.46,18.2
2806.78,2,HCAP,,,20.2,1.12
2806.78,2,LHC,,,12.16,8.32
2806.78,2,HCAP,,,20.29,3.94
2806.78,2,LHC,,,14.66,4.96
2806.78,2,LHC,,,11.78,7.72
2806.78,2,LHC,,,24.67,3.69
2806.78,2,HCAP,,,15.11,8.35
2806.78,2,HCAP,,,17.07,3.61
2806.88,2,LHC,,,16.87,19.05
2806.88,2,LHC,,,11.83,7.6
2806.88,2,LHC,,,12.04,8.39
2806.88,2,LHC,,,14.5,5.13
2806.88,2,HCAP,,,20.29,1.1
2806.88,2,LHC,,,24.54,3.94
2806.88,2,HCAP,,,20.24,4.2
2806.88,2,HCAP,,,16.67,4.23
2806.98,2,LHC,,,16.35,19.87
2806.98,2,HCAP,,,20.29,1.21
2806.98,2,LHC,,,11.63,8.88
2806.98,2,LHC,,,14.31,5.33
2806.98,2,LHC,,,24.37,4.13
2806.98,2,LHC,,,11.75,7.72
2806.98,2,HCAP,,,20.34,4.01
2807.08,2,LHC,,,15.66,21.23
2807.08,2,HCAP,,,20.28,1.33
2807.08,2,LHC,,,24.28,4.56
2807.08,2,LHC,,,11.38,9.06
2807.08,2,LHC,,,11.76,7.66
2807.08,2,HCAP,,,20.07,4.53
2807.08,2,LHC,,,14.11,5.53
2807.08,2,HCAP,,,18.4,0.32
2807.08,2,HCAP,,,13.78,9.44
2807.18,2,LHC,,,14.25,23.58
2807.18,2,LHC,,,24.11,4.91
2807.18,2,LHC,,,10.87,9.6
2807.18,2,HCAP,,,20.1,1.81
2807.18,2,LHC,,,13.9,5.78
2807.18,2,HCAP,,,19.93,4.66
2807.18,2,LHC,,,11.85,7.51
2807.18,2,HCAP,,,18.41,0.21
2807.18,2,HCAP,,,13.32,10.01
2807.28,2,LHC,,,13.41,25.18
2807.28,2,HCAP,,,19.66,5.17
2807.28,2,LHC,,,23.96,5.29
2807.28,2,HCAP,,,20.05,1.98
2807.28,2,LHC,,,13.59,6.2
2807.28,2,HCAP,,,12.53,10.96
2807.28,2,HCAP,,,18.2,0.46
2807.28,2,LHC,,,10.62,9.94
2807.38,2,LHC,,,10.18,10.39
2807.38,2,HCAP,,,19.35,5.67
2807.38,2,LHC,,,12.13,26.69
2807.38,2,LHC,,,23.83,5.71
2807.38,2,LHC,,,13.49,6.31
2807.38,2,HCAP,,,19.89,2.32
2807.38,2,HCAP,,,12.04,11.57
2807.38,2,HCAP,,,18.07,0.55
2807.48,2,LHC,,,11.04,28.12
2807.48,2,LHC,,,23.74,5.94
2807.48,2,LHC,,,13.24,6.58
2807.48,2,HCAP,,,19.08,5.9
2807.48,2,HCAP,,,11.44,12.28
2807.48,2,HCAP,,,17.92,0.75
2807.48,2,LHC,,,9.79,10.65
2807.48,2,HCAP,,,19.88,2.3
2807.58,2,LHC,,,10.33,28.05
2807.58,2,LHC,,,23.38,6.9
2807.58,2,HCAP,,,18.26,7.1
2807.58,2,HCAP,,,9.54,14.95
2807.58,2,LHC,,,12.13,8.01
2807.58,2,HCAP,,,19.22,3.36
2807.58,2,HCAP,,,14.73,6.63
2807.58,2,HCAP,,,17.08,2.0
2807.58,2,LHC,,,10.55,9.19
2807.58,2,LHC,,,8.63,12.05
2807.68,2,LHC,,,8.58,29.54
2807.68,2,LHC,,,23.38,7.09
2807.68,2,HCAP,,,17.94,7.56
2807.68,2,LHC,,,10.21,9.64
2807.68,2,HCAP,,,19.19,3.36
2807.68,2,HCAP,,,8.79,16.19
2807.68,2,LHC,,,7.35,13.52
2807.68,2,LHC,,,11.79,8.38
2807.68,2,LHC,,,22.91,0.29
2807.68,2,HCAP,,,17.01,2.1
2807.68,2,HCAP,,,15.06,5.98
2807.78,2,LHC,,,6.93,31.61
2807.78,2,LHC,,,23.31,7.65
2807.78,2,LHC,,,7.02,13.61
2807.78,2,HCAP,,,17.61,8.18
2807.78,2,LHC,,,11.56,8.64
2807.78,2,HCAP,,,19.12,3.4
2807.78,2,LHC,,,10.02,9.85
2807.78,2,HCAP,,,8.07,17.37
2807.78,2,HCAP,,,16.96,2.17
2807.78,2,LHC,,,23.03,0.26
2807.78,2,HCAP,,,15.02,6.01
2807.88,2,LHC,,,23.24,8.05
2807.88,2,HCAP,,,17.31,8.7
2807.88,2,HCAP,,,7.07,18.75
2807.88,2,LHC,,,11.4,8.74
2807.88,2,HCAP,,,14.66,6.6
2807.88,2,HCAP,,,18.83,3.87
2807.88,2,LHC,,,9.84,10.02
2807.88,2,HCAP,,,16.85,2.37
2807.88,2,LHC,,,6.33,14.11
2807.88,2,LHC,,,23.08,0.41
2807.98,2,LHC,,,5.51,14.88
2807.98,2,LHC,,,23.21,8.38
2807.98,2,HCAP,,,17.08,9.16
2807.98,2,HCAP,,,4.81,22.38
2807.98,2,HCAP,,,18.74,3.99
2807.98,2,HCAP,,,14.45,6.97
2807.98,2,LHC,,,9.53,10.36
2807.98,2,LHC,,,23.12,0.54
2807.98,2,LHC,,,11.13,9.0
2807.98,2,HCAP,,,16.84,2.42
2808.08,2,LHC,,,23.09,8.95
2808.08,2,LHC,,,4.53,15.94
2808.08,2,HCAP,,,16.77,9.74
2808.08,2,HCAP,,,3.8,23.81
2808.08,2,HCAP,,,14.32,7.21
2808.08,2,HCAP,,,18.48,4.42
2808.08,2,LHC,,,10.81,9.3
2808.08,2,LHC,,,9.25,10.71
2808.08,2,LHC,,,23.12,0.66
2808.08,2,HCAP,,,16.72,2.62
2808.18,2,LHC,,,22.89,9.65
2808.18,2,LHC,,,9.0,11.04
2808.18,2,LHC,,,3.86,16.45
2808.18,2,HCAP,,,14.29,7.31
2808.18,2,HCAP,,,16.51,10.26
2808.18,2,HCAP,,,18.36,4.63
2808.18,2,HCAP,,,2.06,26.25
2808.18,2,LHC,,,23.12,0.75
2808.18,2,HCAP,,,16.7,2.7
2808.18,2,LHC,,,10.64,9.42
2808.28,2,LHC,,,22.66,10.42
2808.28,2,LHC,,,2.76,17.6
2808.28,2,HCAP,,,18.12,5.07
2808.28,2,HCAP,,,14.22,7.51
2808.28,2,HCAP,,,16.14,10.91
2808.28,2,HCAP,,,1.36,26.97
2808.28,2,LHC,,,8.91,11.13
2808.28,2,LHC,,,23.01,1.07
2808.28,2,LHC,,,10.38,9.62
2808.28,2,HCAP,,,16.82,2.52
2808.38,2,LHC,,,1.95,18.34
2808.38,2,LHC,,,22.48,10.98
2808.38,2,HCAP,,,14.06,7.86
2808.38,2,HCAP,,,18.18,4.91
2808.38,2,LHC,,,8.64,11.49
2808.38,2,HCAP,,,-0.07,28.68
2808.38,2,HCAP,,,15.8,11.46
2808.38,2,LHC,,,9.71,10.46
2808.38,2,LHC,,,22.94,1.25
2808.38,2,HCAP,,,16.91,2.42
2808.48,2,LHC,,,22.33,11.43
2808.48,2,LHC,,,1.37,18.63
2808.48,2,HCAP,,,-1.39,30.56
2808.48,2,HCAP,,,13.89,8.18
2808.48,2,HCAP,,,17.95,5.35
2808.48,2,LHC,,,8.6,11.57
2808.48,2,LHC,,,9.72,10.36
2808.48,2,HCAP,,,15.48,11.99
2808.48,2,LHC,,,22.82,1.63
2808.58,2,LHC,,,22.56,12.13
2808.58,2,LHC,,,0.67,19.39
2808.58,2,HCAP,,,18.19,5.37
2808.58,2,HCAP,,,14.1,8.29
2808.58,2,LHC,,,8.81,11.65
2808.58,2,HCAP,,,15.36,12.79
2808.58,2,LHC,,,23.06,1.68
2808.68,2,LHC,,,22.81,13.22
2808.68,2,LHC,,,0.43,19.68
2808.68,2,HCAP,,,14.37,8.36
2808.68,2,HCAP,,,15.31,13.42
2808.68,2,HCAP,,,18.42,5.53
2808.68,2,LHC,,,23.32,1.86
2808.78,2,LHC,,,23.15,14.28
2808.78,2,HCAP,,,14.6,8.47
2808.78,2,LHC,,,-0.17,20.47
2808.78,2,LHC,,,23.52,2.1
2808.78,2,HCAP,,,18.67,5.72
2808.88,2,LHC,,,23.5,15.25
2808.88,2,HCAP,,,14.75,8.73
2808.88,2,LHC,,,23.71,2.34
2808.88,2,LHC,,,-0.84,21.44
2808.98,2,LHC,,,23.87,16.44
2808.98,2,HCAP,,,14.92,8.87
2808.98,2,LHC,,,-1.32,22.19
2808.98,2,LHC,,,23.85,2.82
2809.08,2,LHC,,,24.16,17.78
2809.08,2,LHC,,,24.04,3.02
2809.08,2,HCAP,,,14.97,9.21
2809.08,2,LHC,,,-1.94,23.12
2809.18,2,LHC,,,24.18,3.4
2809.18,2,LHC,,,24.39,19.47
2809.18,2,HCAP,,,15.12,9.33
2809.18,2,HCAP,,,19.22,2.54
2809.28,2,LHC,,,24.82,20.75
2809.28,2,HCAP,,,15.34,9.36
2809.28,2,LHC,,,24.37,3.76
2809.28,2,HCAP,,,15.57,16.75
2809.28,2,HCAP,,,19.48,2.68
2809.38,2,LHC,,,24.59,3.89
2809.38,2,HCAP,,,15.44,9.61
2809.38,2,HCAP,,,15.67,17.23
2809.38,2,HCAP,,,19.84,2.68
2809.48,2,HCAP,,,13.3,10.37
2809.48,2,HCAP,,,15.68,9.58
2809.48,2,LHC,,,24.75,4.17
2809.48,2,HCAP,,,15.49,18.57
2809.58,2,LHC,,,20.27,5.76
2809.58,2,HCAP,,,2.34,11.72
2809.58,2,HCAP,,,7.51,11.19
2809.58,2,HCAP,,,9.1,21.5
2809.68,2,HCAP,,,6.94,11.64
2809.68,2,LHC,,,19.79,6.18
2809.68,2,HCAP,,,2.13,12.05
2809.68,2,HCAP,,,8.56,22.4
2809.78,2,HCAP,,,6.49,12.01
2809.78,2,LHC,,,19.36,6.25
2809.78,2,LHC,,,4.14,11.88
2809.78,2,HCAP,,,8.12,23.46
2809.78,2,HCAP,,,2.28,12.11
2809.78,2,HCAP,,,14.53,3.73
2809.88,2,LHC,,,18.95,6.38
2809.88,2,HCAP,,,5.78,12.76
2809.88,2,HCAP,,,8.11,23.76
2809.88,2,LHC,,,4.35,11.78
2809.88,2,HCAP,,,2.34,12.18
2809.88,2,HCAP,,,14.48,3.85
2809.98,2,LHC,,,18.5,6.69
2809.98,2,HCAP,,,7.83,24.68
2809.98,2,LHC,,,4.39,11.88
2809.98,2,HCAP,,,5.67,12.52
2809.98,2,HCAP,,,2.5,12.18
2809.98,2,HCAP,,,14.49,3.87
2810.08,2,HCAP,,,7.93,25.01
2810.08,2,LHC,,,4.57,11.8
2810.08,2,LHC,,,18.15,6.72
2810.08,2,HCAP,,,4.54,13.87
2810.08,2,HCAP,,,3.18,11.56
2810.08,2,HCAP,,,14.51,3.89
2810.18,2,LHC,,,17.68,7.1
2810.18,2,HCAP,,,7.81,25.83
2810.18,2,LHC,,,4.84,11.38
2810.18,2,HCAP,,,3.61,11.35
2810.18,2,HCAP,,,14.56,3.9
2810.18,2,HCAP,,,4.05,14.33
2810.28,2,LHC,,,17.32,7.14
2810.28,2,HCAP,,,8.04,26.02
2810.28,2,HCAP,,,3.93,11.23
2810.28,2,HCAP,,,14.63,3.85
2810.28,2,LHC,,,9.53,5.09
2810.38,2,LHC,,,18.07,31.34
2810.38,2,LHC,,,16.69,7.94
2810.38,2,HCAP,,,7.86,27.1
2810.38,2,HCAP,,,11.17,10.93
2810.38,2,LHC,,,5.54,10.74
2810.38,2,HCAP,,,4.04,11.49
2810.48,2,LHC,,,17.25,31.61
2810.48,2,HCAP,,,7.73,28.17
2810.48,2,LHC,,,16.28,8.21
2810.48,2,LHC,,,5.07,11.5
2810.48,2,HCAP,,,10.78,11.02
2810.48,2,HCAP,,,4.25,11.38
2810.58,2,LHC,,,16.65,30.2
2810.58,2,LHC,,,16.74,6.14
2810.58,2,HCAP,,,8.16,28.14
2810.58,2,LHC,,,5.42,11.09
2810.58,2,HCAP,,,10.22,11.3
2810.58,2,HCAP,,,-1.76,19.02
2810.68,2,LHC,,,16.27,28.28
2810.68,2,LHC,,,15.52,8.38
2810.68,2,LHC,,,5.11,11.55
2810.68,2,HCAP,,,8.25,28.41
2810.68,2,HCAP,,,10.01,11.04
2810.68,2,HCAP,,,14.84,3.85
2810.78,2,LHC,,,15.69,27.74
2810.78,2,LHC,,,14.82,9.25
2810.78,2,LHC,,,5.5,11.09
2810.78,2,HCAP,,,8.52,28.24
2810.78,2,HCAP,,,9.59,11.04
2810.78,2,HCAP,,,14.9,3.83
2810.88,2,LHC,,,15.54,26.19
2810.88,2,LHC,,,14.07,10.17
2810.88,2,HCAP,,,8.57,28.83
2810.88,2,LHC,,,5.71,10.9
2810.88,2,HCAP,,,9.17,11.11
2810.88,2,HCAP,,,14.91,3.92
2810.98,2,LHC,,,15.64,24.35
2810.98,2,LHC,,,13.44,10.72
2810.98,2,LHC,,,5.59,11.08
2810.98,2,HCAP,,,8.75,28.09
2810.98,2,HCAP,,,8.55,11.41
2810.98,2,LHC,,,5.06,10.7
2810.98,2,HCAP,,,15.0,3.85
2811.08,2,LHC,,,15.86,22.82
2811.08,2,HCAP,,,9.52,25.56
2811.08,2,LHC,,,12.73,11.36
2811.08,2,HCAP,,,8.27,11.28
2811.08,2,LHC,,,5.69,10.97
2811.08,2,HCAP,,,15.09,3.74
2811.08,2,LHC,,,5.18,10.58
2811.18,2,LHC,,,16.21,21.26
2811.18,2,LHC,,,12.17,11.74
2811.18,2,HCAP,,,8.01,11.12
2811.18,2,HCAP,,,9.51,25.56
2811.18,2,LHC,,,5.71,11.01
2811.18,2,HCAP,,,15.17,3.65
2811.18,2,LHC,,,5.27,10.46
2811.28,2,LHC,,,16.19,21.55
2811.28,2,LHC,,,11.35,12.44
2811.28,2,HCAP,,,7.87,10.88
2811.28,2,HCAP,,,9.92,24.04
2811.28,2,LHC,,,5.65,11.13
2811.28,2,LHC,,,5.23,10.54
2811.28,2,HCAP,,,15.31,3.42
2811.38,2,LHC,,,17.09,19.11
2811.38,2,LHC,,,10.4,12.73
2811.38,2,HCAP,,,10.26,22.92
2811.38,2,LHC,,,5.53,11.27
2811.38,2,HCAP,,,7.68,10.64
2811.38,2,LHC,,,5.38,10.38
2811.38,2,HCAP,,,15.31,3.54
2811.48,2,LHC,,,17.49,18.7
2811.48,2,LHC,,,9.64,12.95
2811.48,2,HCAP,,,9.98,23.53
2811.48,2,LHC,,,5.55,11.28
2811.48,2,HCAP,,,7.61,10.35
2811.48,2,HCAP,,,15.39,3.51
2811.48,2,LHC,,,5.83,9.82
2811.58,2,LHC,,,17.75,17.97
2811.58,2,HCAP,,,10.44,21.97
2811.58,2,LHC,,,5.15,11.42
2811.58,2,HCAP,,,7.42,10.37
2811.58,2,LHC,,,8.95,13.03
2811.58,2,HCAP,,,15.46,3.49
2811.68,2,LHC,,,17.95,17.68
2811.68,2,HCAP,,,10.56,20.86
2811.68,2,HCAP,,,7.1,10.59
2811.68,2,LHC,,,7.52,14.08
2811.68,2,LHC,,,4.52,12.05
2811.68,2,HCAP,,,15.62,3.37
2811.78,2,LHC,,,6.36,14.9
2811.78,2,LHC,,,18.2,16.93
2811.78,2,HCAP,,,7.07,10.44
2811.78,2,HCAP,,,10.3,20.28
2811.78,2,HCAP,,,15.59,3.6
2811.78,2,LHC,,,5.3,11.2
2811.88,2,LHC,,,18.55,16.06
2811.88,2,LHC,,,6.44,13.58
2811.88,2,HCAP,,,7.3,9.93
2811.88,2,LHC,,,3.7,12.16
2811.88,2,HCAP,,,10.11,19.9
2811.88,2,HCAP,,,15.82,3.36
2811.88,2,LHC,,,6.31,9.85
2811.98,2,LHC,,,18.8,15.13
2811.98,2,LHC,,,2.9,12.91
2811.98,2,LHC,,,6.62,9.37
2811.98,2,LHC,,,4.86,14.06
2811.98,2,HCAP,,,15.92,3.32
2811.98,2,HCAP,,,10.12,19.5
2811.98,2,HCAP,,,8.78,7.64
2812.08,2,LHC,,,18.91,14.28
2812.08,2,HCAP,,,10.26,18.73
2812.08,2,HCAP,,,16.12,3.14
2812.08,2,LHC,,,2.13,13.0
2812.08,2,LHC,,,4.2,13.81
2812.18,2,LHC,,,19.0,13.68
2812.18,2,LHC,,,3.01,14.26
2812.18,2,LHC,,,1.42,13.27
2812.18,2,HCAP,,,16.18,3.16
2812.18,2,HCAP,,,7.11,9.72
2812.18,2,HCAP,,,10.75,17.47
2812.28,2,LHC,,,19.2,12.7
2812.28,2,LHC,,,1.35,15.24
2812.28,2,HCAP,,,16.27,3.07
2812.28,2,HCAP,,,11.0,16.4
2812.28,2,LHC,,,1.67,12.49
2812.28,2,HCAP,,,7.08,9.51
2812.38,2,LHC,,,19.35,12.21
2812.38,2,LHC,,,-0.54,16.42
2812.38,2,HCAP,,,11.29,15.43
2812.38,2,LHC,,,0.71,12.59
2812.38,2,HCAP,,,6.71,9.74
2812.38,2,HCAP,,,16.38,3.02
2812.48,2,LHC,,,19.54,11.67
2812.48,2,HCAP,,,16.44,2.89
2812.48,2,LHC,,,-0.46,13.51
2812.48,2,HCAP,,,11.48,15.04
2812.48,2,LHC,,,6.36,9.66
2812.58,2,LHC,,,19.74,11.0
2812.58,2,HCAP,,,16.43,2.8
2812.58,2,HCAP,,,11.46,14.81
2812.58,2,LHC,,,5.55,10.08
2812.58,2,HCAP,,,7.1,8.9
2812.58,2,LHC,,,-1.13,13.43
2812.68,2,LHC,,,19.95,10.43
2812.68,2,HCAP,,,7.16,8.71
2812.68,2,HCAP,,,16.59,2.42
2812.68,2,LHC,,,5.01,10.38
2812.68,2,HCAP,,,11.83,13.77
2812.78,2,LHC,,,20.09,10.15
2812.78,2,HCAP,,,16.57,2.35
2812.78,2,HCAP,,,7.61,7.91
2812.78,2,HCAP,,,11.88,13.2
2812.78,2,LHC,,,4.79,10.2
2812.88,2,LHC,,,20.28,9.76
2812.88,2,HCAP,,,16.46,2.51
2812.88,2,HCAP,,,7.71,7.63
2812.88,2,HCAP,,,11.72,13.02
2812.98,2,LHC,,,20.48,9.36
2812.98,2,HCAP,,,11.76,12.43
2812.98,2,HCAP,,,7.74,7.49
2812.98,2,HCAP,,,16.37,2.48
2813.08,2,LHC,,,21.06,7.94
2813.08,2,HCAP,,,12.89,10.06
2813.08,2,HCAP,,,17.22,1.13
2813.08,2,HCAP,,,9.37,4.87
2813.18,2,LHC,,,21.2,7.7
2813.18,2,HCAP,,,17.11,1.2
2813.18,2,HCAP,,,9.04,5.1
2813.18,2,HCAP,,,12.79,9.8
2813.28,2,LHC,,,21.36,7.4
2813.28,2,HCAP,,,17.18,0.85
2813.28,2,HCAP,,,9.0,4.98
2813.28,2,HCAP,,,12.84,9.24
2813.38,2,HCAP,,,-1.2,23.41
2813.38,2,LHC,,,21.49,7.21
2813.38,2,HCAP,,,12.7,9.01
2813.38,2,HCAP,,,17.04,0.84
2813.38,2,HCAP,,,9.13,4.75
2813.48,2,HCAP,,,1.14,19.84
2813.48,2,LHC,,,21.61,7.02
2813.48,2,LHC,,,-1.61,7.74
2813.48,2,HCAP,,,9.06,4.71
2813.48,2,HCAP,,,16.89,0.86
2813.48,2,HCAP,,,12.65,8.74
2813.58,2,LHC,,,21.73,6.7
2813.58,2,HCAP,,,1.76,18.76
2813.58,2,HCAP,,,16.69,1.04
2813.58,2,HCAP,,,8.68,5.09
2813.58,2,HCAP,,,12.31,8.65
2813.58,2,LHC,,,-0.67,6.89
2813.68,2,LHC,,,21.89,6.4
2813.68,2,HCAP,,,1.81,18.48
2813.68,2,HCAP,,,16.64,0.94
2813.68,2,HCAP,,,12.11,8.55
2813.68,2,HCAP,,,8.57,5.14
2813.78,2,LHC,,,22.02,6.17
2813.78,2,HCAP,,,3.02,16.28
2813.78,2,HCAP,,,12.04,8.25
2813.78,2,HCAP,,,16.53,0.86
2813.78,2,HCAP,,,8.54,5.14
2813.88,2,LHC,,,22.13,5.95
2813.88,2,HCAP,,,5.01,12.88
2813.88,2,HCAP,,,11.49,8.31
2813.88,2,HCAP,,,16.43,0.88
2813.88,2,HCAP,,,8.71,4.81
2813.98,2,LHC,,,22.27,5.69
2813.98,2,HCAP,,,7.46,8.94
2813.98,2,HCAP,,,8.17,5.39
2813.98,2,HCAP,,,16.39,0.78
2813.98,2,HCAP,,,11.61,7.82
2814.08,2,LHC,,,22.4,5.49
2814.08,2,HCAP,,,6.75,7.04
2814.08,2,HCAP,,,7.95,7.73
2814.08,2,HCAP,,,16.27,0.72
2814.08,2,HCAP,,,11.37,7.63
2814.18,2,LHC,,,22.53,5.34
2814.18,2,HCAP,,,16.22,0.62
2814.18,2,LHC,,,-0.91,6.36
2814.18,2,HCAP,,,10.95,7.75
2814.18,2,HCAP,,,7.63,5.9
2814.18,2,HCAP,,,4.78,11.64
2814.28,2,LHC,,,22.62,5.5
2814.28,2,HCAP,,,16.1,0.65
2814.28,2,HCAP,,,10.56,7.68
2814.28,2,LHC,,,-1.39,6.57
2814.28,2,HCAP,,,0.95,16.07
2814.28,2,HCAP,,,7.89,5.54
2814.38,2,HCAP,,,10.1,7.79
2814.38,2,LHC,,,22.8,5.03
2814.38,2,HCAP,,,4.67,10.63
2814.38,2,HCAP,,,16.03,0.59
2814.38,2,LHC,,,-1.11,6.16
2814.48,2,LHC,,,22.93,4.85
2814.48,2,HCAP,,,9.78,7.78
2814.48,2,HCAP,,,15.97,0.54
2814.48,2,HCAP,,,4.17,10.73
2814.48,2,LHC,,,-1.22,6.16
2814.58,2,LHC,,,23.02,5.01
2814.58,2,HCAP,,,9.6,7.51
2814.58,2,HCAP,,,15.9,0.58
2814.58,2,HCAP,,,4.07,10.27
2814.58,2,LHC,,,-1.64,6.25
2814.68,2,LHC,,,23.16,4.87
2814.68,2,HCAP,,,3.7,10.05
2814.68,2,HCAP,,,15.83,0.53
2814.68,2,HCAP,,,9.19,7.53
2814.78,2,HCAP,,,8.89,7.6
2814.78,2,HCAP,,,2.72,10.64
2814.78,2,LHC,,,23.28,4.76
2814.78,2,HCAP,,,15.8,0.53
2814.88,2,LHC,,,23.4,4.53
2814.88,2,HCAP,,,8.9,7.37
2814.88,2,HCAP,,,2.69,10.02
2814.88,2,HCAP,,,15.81,0.51
2814.88,2,HCAP,,,6.76,6.33
2814.98,2,HCAP,,,9.21,6.89
2814.98,2,LHC,,,23.49,4.62
2814.98,2,HCAP,,,6.29,6.74
2814.98,2,HCAP,,,15.82,0.47
2814.98,2,HCAP,,,2.15,10.0
2814.98,2,LHC,,,-1.94,5.92
2815.08,2,LHC,,,23.62,4.46
2815.08,2,HCAP,,,9.39,6.68
2815.08,2,HCAP,,,1.9,9.84
2815.08,2,HCAP,,,5.89,7.0
2815.08,2,HCAP,,,15.82,0.48
2815.18,2,LHC,,,23.78,4.43
2815.18,2,HCAP,,,-1.57,12.49
2815.18,2,HCAP,,,15.83,0.48
2815.18,2,HCAP,,,9.73,6.34
2815.18,2,HCAP,,,2.49,9.07
2815.18,2,HCAP,,,-1.18,5.99
2815.18,2,HCAP,,,5.54,7.3
2815.28,2,LHC,,,23.96,4.46
2815.28,2,HCAP,,,15.8,0.54
2815.28,2,HCAP,,,10.18,5.93
2815.28,2,HCAP,,,-0.5,11.64
2815.28,2,HCAP,,,-0.91,5.81
2815.38,2,HCAP,,,1.28,9.2
2815.38,2,LHC,,,24.07,4.46
2815.38,2,HCAP,,,15.88,0.49
2815.38,2,HCAP,,,-0.3,11.99
2815.38,2,HCAP,,,10.42,5.69
2815.38,2,HCAP,,,5.71,6.99
2815.48,2,HCAP,,,1.41,8.85
2815.48,2,HCAP,,,15.93,0.5
2815.48,2,LHC,,,24.12,4.72
2815.48,2,HCAP,,,-1.95,6.44
2815.48,2,HCAP,,,-0.25,12.41
2815.48,2,HCAP,,,10.6,5.4
2815.48,2,HCAP,,,-0.7,19.65
2815.58,2,HCAP,,,16.01,0.75
2815.58,2,HCAP,,,1.37,8.7
2815.58,2,LHC,,,24.08,4.78
2815.58,2,HCAP,,,-0.89,13.62
2815.68,2,HCAP,,,2.01,8.04
2815.68,2,HCAP,,,16.06,0.76
2815.68,2,HCAP,,,0.15,13.24
2815.68,2,HCAP,,,1.95,18.09
2815.78,2,HCAP,,,2.61,7.46
2815.78,2,HCAP,,,16.16,0.83
2815.78,2,HCAP,,,3.97,9.12
2815.88,2,HCAP,,,3.04,7.09
2815.88,2,HCAP,,,4.32,8.73
2815.88,2,HCAP,,,16.34,0.75
2815.98,2,HCAP,,,3.68,6.56
2815.98,2,HCAP,,,4.63,8.71
2815.98,2,HCAP,,,16.51,0.77
2816.08,2,HCAP,,,2.54,14.01
2816.08,2,HCAP,,,4.1,6.04
2816.08,2,HCAP,,,5.14,8.65
2816.08,2,HCAP,,,16.68,0.71
2816.18,2,HCAP,,,2.6,14.56
2816.18,2,HCAP,,,16.69,0.9
2816.18,2,HCAP,,,4.2,5.82
2816.18,2,HCAP,,,5.32,8.61
2816.28,2,HCAP,,,3.14,14.55
2816.28,2,HCAP,,,4.68,5.43
2816.28,2,HCAP,,,16.92,0.89
2816.28,2,HCAP,,,-1.71,7.26
2816.28,2,HCAP,,,5.55,8.79
2816.38,2,HCAP,,,2.56,16.26
2816.38,2,HCAP,,,5.18,4.99
2816.38,2,HCAP,,,6.2,8.47
2816.38,2,HCAP,,,17.16,0.86
2816.38,2,HCAP,,,-1.29,7.18
2816.48,2,HCAP,,,5.71,8.81
2816.48,2,HCAP,,,4.91,4.95
2816.48,2,HCAP,,,0.54,19.05
2816.48,2,HCAP,,,16.98,0.99
2816.48,2,HCAP,,,-0.83,6.57
2816.58,2,LHC,,,12.5,30.23
2816.58,2,HCAP,,,14.08,7.72
2816.58,2,HCAP,,,10.01,16.67
2816.58,2,LHC,,,-1.21,21.88
2816.58,2,HCAP,,,13.46,5.56
2816.58,2,LHC,,,9.63,8.1
2816.68,2,LHC,,,13.56,27.42
2816.68,2,HCAP,,,16.31,11.4
2816.68,2,HCAP,,,8.81,18.4
2816.68,2,LHC,,,9.32,8.51
2816.68,2,HCAP,,,13.76,4.97
2816.78,2,LHC,,,13.81,26.4
2816.78,2,HCAP,,,16.27,11.48
2816.78,2,HCAP,,,8.57,18.69
2816.78,2,LHC,,,8.62,9.06
2816.88,2,LHC,,,14.69,23.07
2816.88,2,HCAP,,,8.89,18.4
2816.88,2,LHC,,,7.27,9.63
2816.88,2,LHC,,,-1.55,22.31
2816.88,2,LHC,,,8.32,9.09
2816.88,2,HCAP,,,16.37,11.36
2816.98,2,LHC,,,15.94,18.66
2816.98,2,LHC,,,7.56,9.53
2816.98,2,HCAP,,,10.34,15.74
2816.98,2,HCAP,,,16.55,11.21
2816.98,2,HCAP,,,12.83,6.05
2817.08,2,LHC,,,16.9,15.78
2817.08,2,HCAP,,,12.64,8.32
2817.08,2,HCAP,,,5.83,23.17
2817.08,2,LHC,,,6.6,10.21
2817.08,2,HCAP,,,16.37,11.36
2817.18,2,HCAP,,,16.79,10.43
2817.18,2,LHC,,,17.38,14.12
2817.18,2,HCAP,,,12.18,8.6
2817.18,2,HCAP,,,4.63,24.84
2817.28,2,LHC,,,17.91,12.94
2817.28,2,HCAP,,,16.66,7.0
2817.28,2,HCAP,,,11.98,8.61
2817.28,2,HCAP,,,3.87,26.11
2817.28,2,HCAP,,,17.17,9.55
2817.38,2,LHC,,,20.05,10.51
2817.38,2,LHC,,,18.03,12.46
2817.38,2,HCAP,,,17.41,8.88
2817.38,2,HCAP,,,3.4,27.03
2817.38,2,HCAP,,,11.72,8.69
2817.38,2,HCAP,,,16.69,6.73
2817.48,2,HCAP,,,2.22,28.67
2817.48,2,LHC,,,19.46,10.55
2817.48,2,LHC,,,17.85,12.2
2817.48,2,HCAP,,,16.61,6.62
2817.48,2,HCAP,,,11.34,8.75
2817.48,2,HCAP,,,18.07,2.24
2817.48,2,LHC,,,9.27,7.8
2817.48,2,HCAP,,,17.52,8.26
2817.58,2,HCAP,,,13.57,25.37
2817.58,2,LHC,,,25.22,11.93
2817.58,2,LHC,,,5.21,27.05
2817.58,2,LHC,,,24.14,13.13
2817.58,2,HCAP,,,23.42,7.87
2817.58,2,HCAP,,,16.7,9.03
2817.58,2,LHC,,,14.45,7.63
2817.58,2,HCAP,,,22.33,1.8
2817.58,2,HCAP,,,21.76,7.02
2817.68,2,HCAP,,,13.36,25.77
2817.68,2,LHC,,,24.58,12.96
2817.68,2,LHC,,,6.69,24.4
2817.68,2,LHC,,,23.91,13.32
2817.68,2,HCAP,,,21.27,7.33
2817.68,2,HCAP,,,16.38,9.02
2817.68,2,HCAP,,,22.77,8.5
2817.78,2,LHC,,,23.72,13.83
2817.78,2,HCAP,,,12.58,27.73
2817.78,2,HCAP,,,21.02,7.42
2817.78,2,HCAP,,,15.98,9.14
2817.78,2,HCAP,,,22.77,8.35
2817.78,2,LHC,,,5.77,26.35
2817.88,2,LHC,,,23.47,13.82
2817.88,2,HCAP,,,13.28,26.03
2817.88,2,HCAP,,,20.62,7.99
2817.88,2,LHC,,,16.31,5.16
2817.88,2,LHC,,,5.38,27.03
2817.88,2,HCAP,,,22.79,8.09
2817.98,2,LHC,,,4.43,29.04
2817.98,2,LHC,,,23.36,13.72
2817.98,2,HCAP,,,13.82,25.58
2817.98,2,LHC,,,15.94,5.55
2817.98,2,HCAP,,,22.56,8.05
2818.08,2,LHC,,,5.49,27.7
2818.08,2,LHC,,,23.34,14.17
2818.08,2,HCAP,,,22.74,7.73
2818.08,2,LHC,,,15.88,5.53
2818.08,2,HCAP,,,16.9,6.22
2818.08,2,HCAP,,,13.29,26.94
2818.18,2,LHC,,,3.16,18.49
2818.18,2,HCAP,,,22.63,7.3
2818.18,2,LHC,,,5.8,27.56
2818.18,2,LHC,,,15.5,6.22
2818.18,2,LHC,,,22.88,14.2
2818.18,2,HCAP,,,19.56,9.27
2818.18,2,HCAP,,,16.16,7.57
2818.18,2,HCAP,,,13.69,26.22
2818.18,2,LHC,,,23.12,13.95
2818.28,2,HCAP,,,13.17,27.74
2818.28,2,LHC,,,7.62,24.95
2818.28,2,LHC,,,2.19,20.19
2818.28,2,HCAP,,,22.07,8.14
2818.28,2,LHC,,,22.57,14.47
2818.28,2,LHC,,,14.91,7.31
2818.28,2,HCAP,,,15.1,9.59
2818.28,2,HCAP,,,18.63,11.24
2818.28,2,LHC,,,22.22,13.7
2818.38,2,LHC,,,7.92,25.45
2818.38,2,HCAP,,,12.93,28.19
2818.38,2,LHC,,,2.58,20.19
2818.38,2,LHC,,,22.09,15.04
2818.38,2,LHC,,,21.79,14.0
2818.38,2,HCAP,,,18.27,11.7
2818.38,2,HCAP,,,21.76,8.31
2818.38,2,LHC,,,14.44,8.23
2818.38,2,HCAP,,,14.75,10.23
2818.48,2,LHC,,,8.48,24.72
2818.48,2,LHC,,,13.93,8.94
2818.48,2,LHC,,,21.78,15.13
2818.48,2,LHC,,,21.51,13.45
2818.48,2,HCAP,,,21.45,8.29
2818.48,2,LHC,,,1.9,21.17
2818.48,2,HCAP,,,11.75,30.49
2818.48,2,HCAP,,,14.47,10.5
2818.48,2,HCAP,,,17.7,12.68
2818.58,2,LHC,,,18.0,5.05
2818.58,2,LHC,,,15.66,22.95
2818.58,2,LHC,,,29.03,11.81
2818.58,2,LHC,,,29.97,13.86
2818.58,2,HCAP,,,19.13,7.22
2818.58,2,HCAP,,,23.86,10.91
2818.58,2,HCAP,,,27.5,5.59
2818.58,2,LHC,,,4.3,18.18
2818.68,2,LHC,,,29.82,14.26
2818.68,2,LHC,,,16.31,21.46
2818.68,2,LHC,,,28.78,11.2
2818.68,2,LHC,,,17.1,6.14
2818.68,2,HCAP,,,23.44,11.39
2818.68,2,HCAP,,,18.96,6.97
2818.68,2,HCAP,,,21.26,31.5
2818.68,2,LHC,,,3.08,19.39
2818.78,2,LHC,,,29.81,14.65
2818.78,2,LHC,,,16.65,21.04
2818.78,2,LHC,,,28.57,11.46
2818.78,2,HCAP,,,18.64,7.35
2818.78,2,LHC,,,16.69,6.52
2818.78,2,LHC,,,1.9,20.65
2818.78,2,HCAP,,,27.04,4.94
2818.78,2,HCAP,,,22.9,12.24
2818.88,2,LHC,,,29.82,15.31
2818.88,2,LHC,,,28.53,10.64
2818.88,2,LHC,,,17.27,19.65
2818.88,2,HCAP,,,22.13,13.32
2818.88,2,LHC,,,15.92,7.62
2818.88,2,LHC,,,0.32,22.56
2818.88,2,HCAP,,,23.23,1.52
2818.88,2,HCAP,,,26.89,5.03
2818.88,2,HCAP,,,18.5,7.91
2818.98,2,LHC,,,29.76,16.15
2818.98,2,LHC,,,17.68,18.14
2818.98,2,LHC,,,15.17,8.42
2818.98,2,LHC,,,28.37,10.21
2818.98,2,HCAP,,,22.99,1.63
2818.98,2,HCAP,,,21.34,13.87
2818.98,2,HCAP,,,26.84,4.58
2818.98,2,LHC,,,-0.16,22.74
2818.98,2,HCAP,,,18.04,8.06
2818.98,2,HCAP,,,18.24,8.35
2819.08,2,LHC,,,29.46,17.4
2819.08,2,LHC,,,28.07,9.51
2819.08,2,LHC,,,17.44,17.87
2819.08,2,HCAP,,,20.13,15.06
2819.08,2,LHC,,,14.11,9.39
2819.08,2,LHC,,,-1.57,24.5
2819.08,2,HCAP,,,26.66,4.18
2819.08,2,HCAP,,,17.6,8.14
2819.18,2,LHC,,,29.05,17.88
2819.18,2,LHC,,,27.69,8.97
2819.18,2,LHC,,,12.67,10.85
2819.18,2,LHC,,,18.88,15.79
2819.18,2,HCAP,,,26.34,4.13
2819.18,2,HCAP,,,16.63,9.45
2819.28,2,LHC,,,28.68,19.35
2819.28,2,LHC,,,11.58,12.09
2819.28,2,LHC,,,27.53,8.26
2819.28,2,HCAP,,,16.1,9.92
2819.28,2,HCAP,,,26.21,3.62
2819.38,2,LHC,,,10.26,13.43
2819.38,2,LHC,,,27.19,7.82
2819.38,2,HCAP,,,25.9,3.36
2819.38,2,HCAP,,,15.22,10.77
2819.38,2,LHC,,,28.13,20.96
2819.38,2,HCAP,,,32.64,0.91
2819.48,2,LHC,,,27.42,22.73
2819.48,2,LHC,,,8.47,15.55
2819.48,2,LHC,,,26.82,7.53
2819.48,2,HCAP,,,25.55,2.99
2819.48,2,HCAP,,,12.59,15.25
2819.58,2,LHC,,,14.61,13.3
2819.58,2,LHC,,,31.94,8.23
2819.58,2,HCAP,,,29.39,3.04
2819.58,2,HCAP,,,18.88,11.63
2819.58,2,LHC,,,4.27,21.26
2819.68,2,LHC,,,13.95,14.5
2819.68,2,LHC,,,31.69,7.6
2819.68,2,LHC,,,3.34,22.0
2819.68,2,HCAP,,,29.05,3.02
2819.68,2,HCAP,,,19.11,10.54
2819.78,2,LHC,,,1.76,23.29
2819.78,2,HCAP,,,19.51,16.4
2819.78,2,LHC,,,31.36,7.09
2819.78,2,HCAP,,,28.59,2.36
2819.78,2,LHC,,,13.14,15.99
2819.78,2,HCAP,,,18.56,10.87
2819.88,2,LHC,,,12.37,17.23
2819.88,2,LHC,,,0.02,24.78
2819.88,2,HCAP,,,19.05,15.76
2819.88,2,HCAP,,,17.83,11.35
2819.88,2,HCAP,,,28.09,2.18
2819.88,2,LHC,,,31.05,6.78
